"NIBSS INSTANT PAYMENTS - OUTWARDS SUCCESSFUL"
"FBN Mortgages Limited"
"TRANSACTION DATE: 2022-03-09 13:00:00 - 2022-03-09 15:59:59"
"GENERATED ON: 2022-03-09"

"DESTINATION >> GUARANTY TRUST BANK PLC"
"S/N","CHANNEL","SESSION ID","TRANSACTION TYPE","RESPONSE","AMOUNT","TRANSACTION TIME","ORIGINATOR INSTITUTION","ORIGINATOR / BILLER","DESTINATION INSTITUTION","DESTINATION ACCOUNT NAME","DESTINATION ACCOUNT NO","NARRATION"," PAYMENT REFERENCE","LAST 12 DIGITS OF SESSION_ID"
"1","INTERNET BANKING","'090107220309134504859055874430","Fund Transfer (Direct Credit)","Approved or Completed Successfully","8750.00 ","'2022-03-09 13:45:05","FBN Mortgages Limited","OLADAYO PETER AJIBOLA","GUARANTY TRUST BANK PLC","AJIBOLA OLADAYO PETER","0451060272","GTBank Plc/AJIBOLA OLADAYO PETER/WebApp: Trf to GTBank Plc AJIBOLA OLADAYO PETER","'FTMortgage/NIP/220309134504","'859055874430"
"2","BANK TELLER","'090107220309153025469855306229","Fund Transfer (Direct Credit)","Approved or Completed Successfully","10000.00 ","'2022-03-09 15:30:28","FBN Mortgages Limited","OGUNDARE YEMI ALADE","GUARANTY TRUST BANK PLC","SANNI RASHEEDAT OMOWUMI","0142601908","GTBank Plc/SANNI RASHEEDAT OMOWUMI/oookkkk","'FBNMortgage/NIP/220309153025","'469855306229"

"DESTINATION INSTITUTION SUMMARY >> GUARANTY TRUST BANK PLC"
"S/N","TRANSACTION TYPE","TOTAL AMOUNT (N)","TRANSACTION VOLUME"
"1","Fund Transfer (Direct Credit)","18750.00 ","2"

"FULL BILLING SUMMARY "
"S/N","TRANSACTION TYPE","TOTAL AMOUNT (N)","TRANSACTION VOLUME"
"1","Fund Transfer (Direct Credit)","18750.00 ","2"
