"NIBSS INSTANT PAYMENTS - INWARDS REPORT"
"FBN Mortgages Limited"
"TRANSACTION DATE: 2022-03-09 13:00:00 - 2022-03-09 15:59:59"
"GENERATED ON: 2022-03-09"

"SOURCE >> ACCESS BANK PLC"
"S/N","CHANNEL","SESSION ID","TRANSACTION TYPE","RESPONSE","AMOUNT","TRANSACTION TIME","ORIGINATOR INSTITUTION","ORIGINATOR / BILLER","DESTINATION INSTITUTION","DESTINATION ACCOUNT NAME","DESTINATION ACCOUNT NO","NARRATION"," PAYMENT REFERENCE","LAST 12 DIGITS OF SESSION_ID"
"1","MOBILE PHONE","'000014220309132703262521345962","Fund Transfer (Direct Credit)","Approved or Completed Successfully","12000.00 ","'2022-03-09 13:27:03","ACCESS BANK PLC","TEMITOPE AJIMAT AINA","FBN Mortgages Limited","TEMITOPE AJIMAT AINA","0000619684","TRFFRM TEMITOPE AJIMAT AINA TO TEMITOPE AJIMAT AINA","'000014220309132627246913344435","'262521345962"

"SOURCE INSTITUTION SUMMARY >> ACCESS BANK PLC"
"S/N","TRANSACTION TYPE","TOTAL AMOUNT (N)","TRANSACTION VOLUME"
"1","Fund Transfer (Direct Credit)","12000.00 ","1"

"SOURCE >> FIRST BANK OF NIGERIA PLC"
"S/N","CHANNEL","SESSION ID","TRANSACTION TYPE","RESPONSE","AMOUNT","TRANSACTION TIME","ORIGINATOR INSTITUTION","ORIGINATOR / BILLER","DESTINATION INSTITUTION","DESTINATION ACCOUNT NAME","DESTINATION ACCOUNT NO","NARRATION"," PAYMENT REFERENCE","LAST 12 DIGITS OF SESSION_ID"
"1","MOBILE PHONE","'000016220309135807000051386091","Fund Transfer (Direct Credit)","Approved or Completed Successfully","101000.00 ","'2022-03-09 13:58:10","FIRST BANK OF NIGERIA PLC","AUDACITY ACQUISITIONS LIMITED","FBN Mortgages Limited","CHRISTOPHER UYI IBHAZEHI-ORIA AND QUEEN CHARITY UYI ORIA","1000495346","FBNMOBILE:CHRISTOPHER UYI IBHAZEHI /NONE","'637824310876524711","'000051386091"
"2","NQR","'000016220309142046000051480493","Fund Transfer (Direct Credit)","Approved or Completed Successfully","500000.00 ","'2022-03-09 14:20:48","FIRST BANK OF NIGERIA PLC","ADESTAR PHRAMACY NIG LTD","FBN Mortgages Limited","ADE STAR PHARMACY NIGERIA LIMITED","1000350285","PHUB:FT000003021733-0_ADE STAR PHARMACY NIGERIA LIMITED","'637824324461338834","'000051480493"
"3","MOBILE PHONE","'000016220309142523000051500517","Fund Transfer (Direct Credit)","Approved or Completed Successfully","5000.00 ","'2022-03-09 14:25:26","FIRST BANK OF NIGERIA PLC","NKEMDIRIM UREH MRS","FBN Mortgages Limited","UREH AGNES NKEMDIRIM","1000313680","FBNMOBILE:UREH AGNES NKEMDIRIM/PAYMENT","'637824327237529868","'000051500517"

"SOURCE INSTITUTION SUMMARY >> FIRST BANK OF NIGERIA PLC"
"S/N","TRANSACTION TYPE","TOTAL AMOUNT (N)","TRANSACTION VOLUME"
"1","Fund Transfer (Direct Credit)","606000.00 ","3"

"SOURCE >> GUARANTY TRUST BANK PLC"
"S/N","CHANNEL","SESSION ID","TRANSACTION TYPE","RESPONSE","AMOUNT","TRANSACTION TIME","ORIGINATOR INSTITUTION","ORIGINATOR / BILLER","DESTINATION INSTITUTION","DESTINATION ACCOUNT NAME","DESTINATION ACCOUNT NO","NARRATION"," PAYMENT REFERENCE","LAST 12 DIGITS OF SESSION_ID"
"1","MOBILE PHONE","'000013220309135816000088142679","Fund Transfer (Direct Credit)","Approved or Completed Successfully","4500000.00 ","'2022-03-09 13:59:42","GUARANTY TRUST BANK PLC","OGUNTOYINBO OLATUNDE","FBN Mortgages Limited","OLATUNDE SAHEED OGUNTOYINBO","1000311514","via GTWORLD","'000088142679","'000088142679"

"SOURCE INSTITUTION SUMMARY >> GUARANTY TRUST BANK PLC"
"S/N","TRANSACTION TYPE","TOTAL AMOUNT (N)","TRANSACTION VOLUME"
"1","Fund Transfer (Direct Credit)","4500000.00 ","1"

"FULL BILLING SUMMARY "
"S/N","TRANSACTION TYPE","TOTAL AMOUNT (N)","TRANSACTION VOLUME"
"1","Fund Transfer (Direct Credit)","5118000.00 ","5"
