"NIBSS INSTANT PAYMENTS - INWARDS UNSUCCESSFUL"
"FBN Mortgages Limited"
"TRANSACTION DATE: 2022-03-03 22:00:00 - 2022-03-04 05:59:59"
"GENERATED ON: 2022-03-04"

"SOURCE >> UNITED BANK FOR AFRICA PLC"
"S/N","CHANNEL","SESSION ID","TRANSACTION TYPE","RESPONSE","AMOUNT","TRANSACTION TIME","ORIGINATOR INSTITUTION","ORIGINATOR / BILLER","DESTINATION INSTITUTION","DESTINATION ACCOUNT NAME","DESTINATION ACCOUNT NO","NARRATION"," PAYMENT REFERENCE","LAST 12 DIGITS OF SESSION_ID"
"1","MOBILE PHONE","'000004220304054501687395132410","Fund Transfer (Direct Credit)","Request Processing In Progress","5200.00 ","'2022-03-04 05:46:25","UNITED BANK FOR AFRICA PLC","MATTHEW ENOCH OLUSEGUN","FBN Mortgages Limited","MATTHEW ENOCK OLUSEGUN","1000331192","MOB/MATTHEW ENOCH OLUSEGUN/UTO/10710700623/090107/Matthew","'10710700623","'687395132410"

"SOURCE INSTITUTION SUMMARY >> UNITED BANK FOR AFRICA PLC"
"S/N","TRANSACTION TYPE","TOTAL AMOUNT (N)","TRANSACTION VOLUME"
"1","Fund Transfer (Direct Credit)","5200.00 ","1"

"FULL BILLING SUMMARY "
"S/N","TRANSACTION TYPE","TOTAL AMOUNT (N)","TRANSACTION VOLUME"
"1","Fund Transfer (Direct Credit)","5200.00 ","1"
