"NIBSS INSTANT PAYMENTS - INWARDS TXNLOG"
"FIRSTTRUST MORGAGES LIMITED"
"TRANSACTION DATE: 2022-07-19 16:00:00 - 2022-07-19 21:59:59"
"GENERATED ON: 2022-07-20"

"SOURCE >> GUARANTY TRUST BANK PLC"
"S/N","CHANNEL","SESSION ID","TRANSACTION TYPE","RESPONSE","AMOUNT","TRANSACTION TIME","ORIGINATOR INSTITUTION","ORIGINATOR / BILLER","DESTINATION INSTITUTION","DESTINATION ACCOUNT NAME","DESTINATION ACCOUNT NO","NARRATION"," PAYMENT REFERENCE","LAST 12 DIGITS OF SESSION_ID"
"1","MOBILE PHONE","'000013220719185941000341546595","Fund Transfer (Direct Credit)","Beneficiary Bank Not Available","100000.00 ","'2022-07-19 18:59:42","GUARANTY TRUST BANK PLC","MBUSU JULIANA IFEYINWAMBUSU, JULIANA IFEYINWA","FIRSTTRUST MORGAGES LIMITED","","1000377594","REF396330693000100000002207191859","'000341546595","'000341546595"
"2","MOBILE PHONE","'000013220719190338000341556209","Fund Transfer (Direct Credit)","Beneficiary Bank Not Available","100000.00 ","'2022-07-19 19:03:38","GUARANTY TRUST BANK PLC","MBUSU JULIANA IFEYINWAMBUSU, JULIANA IFEYINWA","FIRSTTRUST MORGAGES LIMITED","CHUKWU JULIANA IFEYINWA","1000377594","REF396330693000100000002207191903","'000341556209","'000341556209"

"SOURCE INSTITUTION SUMMARY >> GUARANTY TRUST BANK PLC"
"S/N","TRANSACTION TYPE","TOTAL AMOUNT (N)","TRANSACTION VOLUME"
"1","Fund Transfer (Direct Credit)","200000.00 ","2"

"FULL BILLING SUMMARY "
"S/N","TRANSACTION TYPE","TOTAL AMOUNT (N)","TRANSACTION VOLUME"
"1","Fund Transfer (Direct Credit)","200000.00 ","2"
