"NIBSS INSTANT PAYMENTS - OUTWARDS TXNLOG"
"FIRSTTRUST MORGAGES LIMITED"
"TRANSACTION DATE: 2022-07-19 16:00:00 - 2022-07-19 21:59:59"
"GENERATED ON: 2022-07-20"

"DESTINATION >> ACCESS BANK PLC"
"S/N","CHANNEL","SESSION ID","TRANSACTION TYPE","RESPONSE","AMOUNT","TRANSACTION TIME","ORIGINATOR INSTITUTION","ORIGINATOR / BILLER","DESTINATION INSTITUTION","DESTINATION ACCOUNT NAME","DESTINATION ACCOUNT NO","NARRATION"," PAYMENT REFERENCE","LAST 12 DIGITS OF SESSION_ID"
"1","INTERNET BANKING","'090107220719201650823156967331","Fund Transfer (Direct Credit)","Approved or Completed Successfully","12000.00 ","'2022-07-19 20:16:52","FIRSTTRUST MORGAGES LIMITED","AGWU ULOMA FRANCES","ACCESS BANK PLC","SIMPLE &amp; BEAUTIFUL","0000258313","Access Bank/SIMPLE &amp; BEAUTIFUL/Online: Trf to Access Bank SIMPLE &amp; BEAUTIFUL - Account From","'FTMortgage/NIP/220719201650","'823156967331"

"DESTINATION INSTITUTION SUMMARY >> ACCESS BANK PLC"
"S/N","TRANSACTION TYPE","TOTAL AMOUNT (N)","TRANSACTION VOLUME"
"1","Fund Transfer (Direct Credit)","12000.00 ","1"

"DESTINATION >> ECOBANK NIGERIA PLC"
"S/N","CHANNEL","SESSION ID","TRANSACTION TYPE","RESPONSE","AMOUNT","TRANSACTION TIME","ORIGINATOR INSTITUTION","ORIGINATOR / BILLER","DESTINATION INSTITUTION","DESTINATION ACCOUNT NAME","DESTINATION ACCOUNT NO","NARRATION"," PAYMENT REFERENCE","LAST 12 DIGITS OF SESSION_ID"
"1","INTERNET BANKING","'090107220719204124847592502311","Fund Transfer (Direct Credit)","Approved or Completed Successfully","55000.00 ","'2022-07-19 20:41:25","FIRSTTRUST MORGAGES LIMITED","MOHAMMED ALIYU KURFI","ECOBANK NIGERIA PLC","ALIYU RUKKAYA KURFI","2671116373","Ecobank Bank/ALIYU RUKKAYA KURFI/Online: Okay, Trf to Ecobank Bank ALIYU RUKKAYA KURFI - Account Fr","'FTMortgage/NIP/220719204124","'847592502311"

"DESTINATION INSTITUTION SUMMARY >> ECOBANK NIGERIA PLC"
"S/N","TRANSACTION TYPE","TOTAL AMOUNT (N)","TRANSACTION VOLUME"
"1","Fund Transfer (Direct Credit)","55000.00 ","1"

"DESTINATION >> FIRST BANK OF NIGERIA PLC"
"S/N","CHANNEL","SESSION ID","TRANSACTION TYPE","RESPONSE","AMOUNT","TRANSACTION TIME","ORIGINATOR INSTITUTION","ORIGINATOR / BILLER","DESTINATION INSTITUTION","DESTINATION ACCOUNT NAME","DESTINATION ACCOUNT NO","NARRATION"," PAYMENT REFERENCE","LAST 12 DIGITS OF SESSION_ID"
"1","INTERNET BANKING","'090107220719182008139432389344","Fund Transfer (Direct Credit)","Approved or Completed Successfully","2000.00 ","'2022-07-19 18:20:09","FIRSTTRUST MORGAGES LIMITED","BOLAJI BODUNRIN RICHARD","FIRST BANK OF NIGERIA PLC","FRANCIS MONDAY ODAFIWHOTU","3028226814","First Bank of Nigeria/FRANCIS MONDAY ODAFIWHOTU/Online: Drugd, Trf to First Bank of Nigeria FRANCIS","'FTMortgage/NIP/220719182008","'139432389344"
"2","INTERNET BANKING","'090107220719190538114786604936","Fund Transfer (Direct Credit)","Approved or Completed Successfully","50000.00 ","'2022-07-19 19:05:40","FIRSTTRUST MORGAGES LIMITED","ADEDAYO KOREDE JAMES","FIRST BANK OF NIGERIA PLC","OLUKOSI PETER OLUSEGUN","2026382401","First Bank of Nigeria/OLUKOSI PETER OLUSEGUN/Online: Trf to First Bank of Nigeria OLUKOSI PETER OLU","'FTMortgage/NIP/220719190538","'114786604936"

"DESTINATION INSTITUTION SUMMARY >> FIRST BANK OF NIGERIA PLC"
"S/N","TRANSACTION TYPE","TOTAL AMOUNT (N)","TRANSACTION VOLUME"
"1","Fund Transfer (Direct Credit)","52000.00 ","2"

"DESTINATION >> GUARANTY TRUST BANK PLC"
"S/N","CHANNEL","SESSION ID","TRANSACTION TYPE","RESPONSE","AMOUNT","TRANSACTION TIME","ORIGINATOR INSTITUTION","ORIGINATOR / BILLER","DESTINATION INSTITUTION","DESTINATION ACCOUNT NAME","DESTINATION ACCOUNT NO","NARRATION"," PAYMENT REFERENCE","LAST 12 DIGITS OF SESSION_ID"
"1","INTERNET BANKING","'090107220719164824523476675770","Fund Transfer (Direct Credit)","Approved or Completed Successfully","5000.00 ","'2022-07-19 16:48:25","FIRSTTRUST MORGAGES LIMITED","ABDULMAJEED MUHAMMED SABIU","GUARANTY TRUST BANK PLC","SABIU ABDULMAJEED MUHAMMAD","0021623847","GTBank Plc/SABIU ABDULMAJEED MUHAMMAD/Online: Trf to GTBank Plc SABIU ABDULMAJEED MUHAMMAD - Accoun","'FTMortgage/NIP/220719164824","'523476675770"
"2","INTERNET BANKING","'090107220719185548752647147603","Fund Transfer (Direct Credit)","Approved or Completed Successfully","25000.00 ","'2022-07-19 18:55:49","FIRSTTRUST MORGAGES LIMITED","MOHAMMED BELLO ADAMU","GUARANTY TRUST BANK PLC","MOHAMMED BELLO ADAMU","0044614828","GTBank Plc/MOHAMMED BELLO ADAMU/Online: My gt, Trf to GTBank Plc MOHAMMED BELLO ADAMU - Account Fro","'FTMortgage/NIP/220719185548","'752647147603"
"3","INTERNET BANKING","'090107220719192050731771528474","Fund Transfer (Direct Credit)","Approved or Completed Successfully","29000.00 ","'2022-07-19 19:20:52","FIRSTTRUST MORGAGES LIMITED","GOODMAN CHE SOLICITORS","GUARANTY TRUST BANK PLC","EMELIFEBENEDICT CHIJIOKE","0041606453","GTBank Plc/EMELIFEBENEDICT CHIJIOKE/Online: Plumbing materials and labour plus fuel, Trf to GTBank","'FTMortgage/NIP/220719192050","'731771528474"

"DESTINATION INSTITUTION SUMMARY >> GUARANTY TRUST BANK PLC"
"S/N","TRANSACTION TYPE","TOTAL AMOUNT (N)","TRANSACTION VOLUME"
"1","Fund Transfer (Direct Credit)","59000.00 ","3"

"FULL BILLING SUMMARY "
"S/N","TRANSACTION TYPE","TOTAL AMOUNT (N)","TRANSACTION VOLUME"
"1","Fund Transfer (Direct Credit)","178000.00 ","7"
