"NIBSS INSTANT PAYMENTS - INWARDS SUCCESSFUL"
"FBN Mortgages Limited"
"TRANSACTION DATE: 2022-03-06 06:00:00 - 2022-03-06 09:59:59"
"GENERATED ON: 2022-03-06"

"SOURCE >> FIRST BANK OF NIGERIA PLC"
"S/N","CHANNEL","SESSION ID","TRANSACTION TYPE","RESPONSE","AMOUNT","TRANSACTION TIME","ORIGINATOR INSTITUTION","ORIGINATOR / BILLER","DESTINATION INSTITUTION","DESTINATION ACCOUNT NAME","DESTINATION ACCOUNT NO","NARRATION"," PAYMENT REFERENCE","LAST 12 DIGITS OF SESSION_ID"
"1","MOBILE PHONE","'000016220306094330000039717913","Fund Transfer (Direct Credit)","Approved or Completed Successfully","20000.00 ","'2022-03-06 09:43:34","FIRST BANK OF NIGERIA PLC","ADO ABDULRAHMAN","FBN Mortgages Limited","ADO ABDULRAHMAN","1000517196","FBNMOBILE:ADO ABDULRAHMAN/ABDULRAHMAN ADO","'637821566124267677","'000039717913"

"SOURCE INSTITUTION SUMMARY >> FIRST BANK OF NIGERIA PLC"
"S/N","TRANSACTION TYPE","TOTAL AMOUNT (N)","TRANSACTION VOLUME"
"1","Fund Transfer (Direct Credit)","20000.00 ","1"

"FULL BILLING SUMMARY "
"S/N","TRANSACTION TYPE","TOTAL AMOUNT (N)","TRANSACTION VOLUME"
"1","Fund Transfer (Direct Credit)","20000.00 ","1"
