"NIBSS INSTANT PAYMENTS - INWARDS REPORT"
"FBN Mortgages Limited"
"TRANSACTION DATE: 2022-03-08 16:00:00 - 2022-03-08 21:59:59"
"GENERATED ON: 2022-03-08"

"SOURCE >> GUARANTY TRUST BANK PLC"
"S/N","CHANNEL","SESSION ID","TRANSACTION TYPE","RESPONSE","AMOUNT","TRANSACTION TIME","ORIGINATOR INSTITUTION","ORIGINATOR / BILLER","DESTINATION INSTITUTION","DESTINATION ACCOUNT NAME","DESTINATION ACCOUNT NO","NARRATION"," PAYMENT REFERENCE","LAST 12 DIGITS OF SESSION_ID"
"1","BANK TELLER","'000013220308174356000086661496","Fund Transfer (Direct Credit)","Approved or Completed Successfully","300000.00 ","'2022-03-08 17:44:04","GUARANTY TRUST BANK PLC","ST.LOUIS MEDICAL CENTRE LTD","FBN Mortgages Limited","BRIGGS ASO FRANK","1000546846","NIP IFO BRIGGS ASO FRANK","'000086661496","'000086661496"

"SOURCE INSTITUTION SUMMARY >> GUARANTY TRUST BANK PLC"
"S/N","TRANSACTION TYPE","TOTAL AMOUNT (N)","TRANSACTION VOLUME"
"1","Fund Transfer (Direct Credit)","300000.00 ","1"

"FULL BILLING SUMMARY "
"S/N","TRANSACTION TYPE","TOTAL AMOUNT (N)","TRANSACTION VOLUME"
"1","Fund Transfer (Direct Credit)","300000.00 ","1"
