"NIBSS INSTANT PAYMENTS - OUTWARDS REPORT"
"FBN Mortgages Limited"
"TRANSACTION DATE: 2022-03-08 16:00:00 - 2022-03-08 21:59:59"
"GENERATED ON: 2022-03-08"

"DESTINATION >> ACCESS BANK PLC"
"S/N","CHANNEL","SESSION ID","TRANSACTION TYPE","RESPONSE","AMOUNT","TRANSACTION TIME","ORIGINATOR INSTITUTION","ORIGINATOR / BILLER","DESTINATION INSTITUTION","DESTINATION ACCOUNT NAME","DESTINATION ACCOUNT NO","NARRATION"," PAYMENT REFERENCE","LAST 12 DIGITS OF SESSION_ID"
"1","INTERNET BANKING","'090107220308174325541187792051","Fund Transfer (Direct Credit)","Approved or Completed Successfully","5000.00 ","'2022-03-08 17:43:27","FBN Mortgages Limited","JERRY JUSTICE","ACCESS BANK PLC","CHINENYE NKECHI MBAH","0056606117","Access Bank/CHINENYE NKECHI MBAH/WebApp: Lunch, Trf to Access Bank CHINENYE NKECHI MBAH","'FTMortgage/NIP/220308174325","'541187792051"

"DESTINATION INSTITUTION SUMMARY >> ACCESS BANK PLC"
"S/N","TRANSACTION TYPE","TOTAL AMOUNT (N)","TRANSACTION VOLUME"
"1","Fund Transfer (Direct Credit)","5000.00 ","1"

"DESTINATION >> ACCESS BANK PLC (DIAMOND)"
"S/N","CHANNEL","SESSION ID","TRANSACTION TYPE","RESPONSE","AMOUNT","TRANSACTION TIME","ORIGINATOR INSTITUTION","ORIGINATOR / BILLER","DESTINATION INSTITUTION","DESTINATION ACCOUNT NAME","DESTINATION ACCOUNT NO","NARRATION"," PAYMENT REFERENCE","LAST 12 DIGITS OF SESSION_ID"
"1","INTERNET BANKING","'090107220308183535985495181345","Fund Transfer (Direct Credit)","Approved or Completed Successfully","35000.00 ","'2022-03-08 18:35:36","FBN Mortgages Limited","JERRY JUSTICE","ACCESS BANK PLC (DIAMOND)","JERRY JUSTICE","0014426985","Diamond Bank/JERRY JUSTICE/WebApp: Trf to Diamond Bank JERRY JUSTICE","'FTMortgage/NIP/220308183535","'985495181345"

"DESTINATION INSTITUTION SUMMARY >> ACCESS BANK PLC (DIAMOND)"
"S/N","TRANSACTION TYPE","TOTAL AMOUNT (N)","TRANSACTION VOLUME"
"1","Fund Transfer (Direct Credit)","35000.00 ","1"

"DESTINATION >> FIRST BANK OF NIGERIA PLC"
"S/N","CHANNEL","SESSION ID","TRANSACTION TYPE","RESPONSE","AMOUNT","TRANSACTION TIME","ORIGINATOR INSTITUTION","ORIGINATOR / BILLER","DESTINATION INSTITUTION","DESTINATION ACCOUNT NAME","DESTINATION ACCOUNT NO","NARRATION"," PAYMENT REFERENCE","LAST 12 DIGITS OF SESSION_ID"
"1","INTERNET BANKING","'090107220308180735430750134209","Fund Transfer (Direct Credit)","Approved or Completed Successfully","10000.00 ","'2022-03-08 18:07:36","FBN Mortgages Limited","AKINLEYE, ADEYINKA DANIEL","FIRST BANK OF NIGERIA PLC","AKINLEYE ADEYINKA DANIEL","3075664553","First Bank of Nigeria/AKINLEYE ADEYINKA DANIEL/WebApp: Trsfer, Trf to First Bank of Nigeria AKINLEY","'FTMortgage/NIP/220308180735","'430750134209"
"2","INTERNET BANKING","'090107220308183415517565409822","Fund Transfer (Direct Credit)","Approved or Completed Successfully","5200.00 ","'2022-03-08 18:34:17","FBN Mortgages Limited","AJAYI MOYINOLUWA GABRIEL","FIRST BANK OF NIGERIA PLC","AJAYI GABRIE LMOYINOLUWA","3025284220","First Bank of Nigeria/AJAYI GABRIE LMOYINOLUWA/WebApp: Interbank, Trf to First Bank of Nigeria AJAY","'FTMortgage/NIP/220308183415","'517565409822"

"DESTINATION INSTITUTION SUMMARY >> FIRST BANK OF NIGERIA PLC"
"S/N","TRANSACTION TYPE","TOTAL AMOUNT (N)","TRANSACTION VOLUME"
"1","Fund Transfer (Direct Credit)","15200.00 ","2"

"FULL BILLING SUMMARY "
"S/N","TRANSACTION TYPE","TOTAL AMOUNT (N)","TRANSACTION VOLUME"
"1","Fund Transfer (Direct Credit)","55200.00 ","4"
