"NIBSS INSTANT PAYMENTS - INWARDS REPORT"
"FIRSTTRUST MORGAGES LIMITED"
"TRANSACTION DATE: 2022-07-18 22:00:00 - 2022-07-19 05:59:59"
"GENERATED ON: 2022-07-19"

"SOURCE >> GUARANTY TRUST BANK PLC"
"S/N","CHANNEL","SESSION ID","TRANSACTION TYPE","RESPONSE","AMOUNT","TRANSACTION TIME","ORIGINATOR INSTITUTION","ORIGINATOR / BILLER","DESTINATION INSTITUTION","DESTINATION ACCOUNT NAME","DESTINATION ACCOUNT NO","NARRATION"," PAYMENT REFERENCE","LAST 12 DIGITS OF SESSION_ID"
"1","MOBILE PHONE","'000013220718233107000339891755","Fund Transfer (Direct Credit)","Beneficiary Bank Not Available","10000.00 ","'2022-07-18 23:31:37","GUARANTY TRUST BANK PLC","SOROMA HAUWA KULUSOROMA, HAUWA KULU","FIRSTTRUST MORGAGES LIMITED","SOROMA HAUWA KULU","1000542329","REF321259365000010000002207182331","'000339891755","'000339891755"

"SOURCE INSTITUTION SUMMARY >> GUARANTY TRUST BANK PLC"
"S/N","TRANSACTION TYPE","TOTAL AMOUNT (N)","TRANSACTION VOLUME"
"1","Fund Transfer (Direct Credit)","10000.00 ","1"

"FULL BILLING SUMMARY "
"S/N","TRANSACTION TYPE","TOTAL AMOUNT (N)","TRANSACTION VOLUME"
"1","Fund Transfer (Direct Credit)","10000.00 ","1"
