"NIBSS INSTANT PAYMENTS - INWARDS REPORT"
"FBN Mortgages Limited"
"TRANSACTION DATE: 2022-03-05 16:00:00 - 2022-03-05 21:59:59"
"GENERATED ON: 2022-03-05"

"SOURCE >> ACCESS BANK PLC"
"S/N","CHANNEL","SESSION ID","TRANSACTION TYPE","RESPONSE","AMOUNT","TRANSACTION TIME","ORIGINATOR INSTITUTION","ORIGINATOR / BILLER","DESTINATION INSTITUTION","DESTINATION ACCOUNT NAME","DESTINATION ACCOUNT NO","NARRATION"," PAYMENT REFERENCE","LAST 12 DIGITS OF SESSION_ID"
"1","MOBILE PHONE","'000014220305203744221610069740","Fund Transfer (Direct Credit)","Approved or Completed Successfully","36200.00 ","'2022-03-05 20:37:44","ACCESS BANK PLC","ESSIEN IMELDA ANTHONY-105-DIAMONDXTRA","FBN Mortgages Limited","ESSIEN IMELDA ANTHONY","1000327977","TRFDepositFRM ESSIEN IMELDA ANTHONY TO ESSIEN IMELDA ANTHONY","'000014220305203717236407069202","'221610069740"

"SOURCE INSTITUTION SUMMARY >> ACCESS BANK PLC"
"S/N","TRANSACTION TYPE","TOTAL AMOUNT (N)","TRANSACTION VOLUME"
"1","Fund Transfer (Direct Credit)","36200.00 ","1"

"FULL BILLING SUMMARY "
"S/N","TRANSACTION TYPE","TOTAL AMOUNT (N)","TRANSACTION VOLUME"
"1","Fund Transfer (Direct Credit)","36200.00 ","1"
