"NIBSS INSTANT PAYMENTS - OUTWARDS TXNLOG"
"FBN Mortgages Limited"
"TRANSACTION DATE: 2022-03-05 16:00:00 - 2022-03-05 21:59:59"
"GENERATED ON: 2022-03-05"

"DESTINATION >> ACCESS BANK PLC"
"S/N","CHANNEL","SESSION ID","TRANSACTION TYPE","RESPONSE","AMOUNT","TRANSACTION TIME","ORIGINATOR INSTITUTION","ORIGINATOR / BILLER","DESTINATION INSTITUTION","DESTINATION ACCOUNT NAME","DESTINATION ACCOUNT NO","NARRATION"," PAYMENT REFERENCE","LAST 12 DIGITS OF SESSION_ID"
"1","INTERNET BANKING","'090107220305204807062796728727","Fund Transfer (Direct Credit)","Approved or Completed Successfully","20000.00 ","'2022-03-05 20:48:10","FBN Mortgages Limited","TEMITOPE AJIMAT AINA","ACCESS BANK PLC","TEMITOPE AJIMAT AINA","0738041917","Access Bank/TEMITOPE AJIMAT AINA/WebApp: Trf to Access Bank TEMITOPE AJIMAT AINA","'FTMortgage/NIP/220305204807","'062796728727"

"DESTINATION INSTITUTION SUMMARY >> ACCESS BANK PLC"
"S/N","TRANSACTION TYPE","TOTAL AMOUNT (N)","TRANSACTION VOLUME"
"1","Fund Transfer (Direct Credit)","20000.00 ","1"

"DESTINATION >> FIRST BANK OF NIGERIA PLC"
"S/N","CHANNEL","SESSION ID","TRANSACTION TYPE","RESPONSE","AMOUNT","TRANSACTION TIME","ORIGINATOR INSTITUTION","ORIGINATOR / BILLER","DESTINATION INSTITUTION","DESTINATION ACCOUNT NAME","DESTINATION ACCOUNT NO","NARRATION"," PAYMENT REFERENCE","LAST 12 DIGITS OF SESSION_ID"
"1","INTERNET BANKING","'090107220305160539862571020011","Fund Transfer (Direct Credit)","Approved or Completed Successfully","4000.00 ","'2022-03-05 16:05:41","FBN Mortgages Limited","JUBRIL OLATUNJI LAWAL","FIRST BANK OF NIGERIA PLC","SHITTU LUKMON OPEYEMI","3035903294","First Bank of Nigeria/SHITTU LUKMON OPEYEMI/WebApp: Jubril, Trf to First Bank of Nigeria SHITTU LUK","'FTMortgage/NIP/220305160539","'862571020011"

"DESTINATION INSTITUTION SUMMARY >> FIRST BANK OF NIGERIA PLC"
"S/N","TRANSACTION TYPE","TOTAL AMOUNT (N)","TRANSACTION VOLUME"
"1","Fund Transfer (Direct Credit)","4000.00 ","1"

"DESTINATION >> GUARANTY TRUST BANK PLC"
"S/N","CHANNEL","SESSION ID","TRANSACTION TYPE","RESPONSE","AMOUNT","TRANSACTION TIME","ORIGINATOR INSTITUTION","ORIGINATOR / BILLER","DESTINATION INSTITUTION","DESTINATION ACCOUNT NAME","DESTINATION ACCOUNT NO","NARRATION"," PAYMENT REFERENCE","LAST 12 DIGITS OF SESSION_ID"
"1","INTERNET BANKING","'090107220305175000318663301341","Fund Transfer (Direct Credit)","Approved or Completed Successfully","10000.00 ","'2022-03-05 17:50:03","FBN Mortgages Limited","JOMBO KELECHI SUSAN","GUARANTY TRUST BANK PLC","JOMBO KELECHI SUSAN","0029685241","GTBank Plc/JOMBO KELECHI SUSAN/WebApp: self transfer, Trf to GTBank Plc JOMBO KELECHI SUSAN","'FTMortgage/NIP/220305175000","'318663301341"

"DESTINATION INSTITUTION SUMMARY >> GUARANTY TRUST BANK PLC"
"S/N","TRANSACTION TYPE","TOTAL AMOUNT (N)","TRANSACTION VOLUME"
"1","Fund Transfer (Direct Credit)","10000.00 ","1"

"FULL BILLING SUMMARY "
"S/N","TRANSACTION TYPE","TOTAL AMOUNT (N)","TRANSACTION VOLUME"
"1","Fund Transfer (Direct Credit)","34000.00 ","3"
