"NIBSS INSTANT PAYMENTS - INWARDS UNSUCCESSFUL"
"FBN Mortgages Limited"
"TRANSACTION DATE: 2022-03-02 22:00:00 - 2022-03-03 05:59:59"
"GENERATED ON: 2022-03-03"

"SOURCE >> ECOBANK NIGERIA PLC"
"S/N","CHANNEL","SESSION ID","TRANSACTION TYPE","RESPONSE","AMOUNT","TRANSACTION TIME","ORIGINATOR INSTITUTION","ORIGINATOR / BILLER","DESTINATION INSTITUTION","DESTINATION ACCOUNT NAME","DESTINATION ACCOUNT NO","NARRATION"," PAYMENT REFERENCE","LAST 12 DIGITS OF SESSION_ID"
"1","MOBILE PHONE","'000010220303030915111409467045","Fund Transfer (Direct Credit)","Request Processing In Progress","100.00 ","'2022-03-03 04:09:15","ECOBANK NIGERIA PLC","USMAN KADIR","FBN Mortgages Limited","Abdulkadir Usman","3071870945","REF2603314169 BO USMAN KADIR IFO Abdulkadir Usman","'2603314169","'111409467045"

"SOURCE INSTITUTION SUMMARY >> ECOBANK NIGERIA PLC"
"S/N","TRANSACTION TYPE","TOTAL AMOUNT (N)","TRANSACTION VOLUME"
"1","Fund Transfer (Direct Credit)","100.00 ","1"

"FULL BILLING SUMMARY "
"S/N","TRANSACTION TYPE","TOTAL AMOUNT (N)","TRANSACTION VOLUME"
"1","Fund Transfer (Direct Credit)","100.00 ","1"
