"NIBSS INSTANT PAYMENTS - INWARDS TXNLOG"
"FBN Mortgages Limited"
"TRANSACTION DATE: 2022-03-30 22:00:00 - 2022-03-31 05:59:59"
"GENERATED ON: 2022-03-31"

"SOURCE >> FIDELITY BANK PLC"
"S/N","CHANNEL","SESSION ID","TRANSACTION TYPE","RESPONSE","AMOUNT","TRANSACTION TIME","ORIGINATOR INSTITUTION","ORIGINATOR / BILLER","DESTINATION INSTITUTION","DESTINATION ACCOUNT NAME","DESTINATION ACCOUNT NO","NARRATION"," PAYMENT REFERENCE","LAST 12 DIGITS OF SESSION_ID"
"1","INTERNET BANKING","'000007220331044520483281323564","Fund Transfer (Direct Credit)","Approved or Completed Successfully","2000000.00 ","'2022-03-31 04:45:21","FIDELITY BANK PLC","OMOBOLANLE SHERIFAT AND KINGSLEY MADU","FBN Mortgages Limited","KINGSLEY MONYE-PAUL MADU","1000564592","ONB TRF FROM OMOBOLANLE **4171 FBP","'ONB22033104452004159","'483281323564"

"SOURCE INSTITUTION SUMMARY >> FIDELITY BANK PLC"
"S/N","TRANSACTION TYPE","TOTAL AMOUNT (N)","TRANSACTION VOLUME"
"1","Fund Transfer (Direct Credit)","2000000.00 ","1"

"FULL BILLING SUMMARY "
"S/N","TRANSACTION TYPE","TOTAL AMOUNT (N)","TRANSACTION VOLUME"
"1","Fund Transfer (Direct Credit)","2000000.00 ","1"
