"NIBSS INSTANT PAYMENTS - INWARDS SUCCESSFUL"
"FBN Mortgages Limited"
"TRANSACTION DATE: 2022-03-10 10:00:00 - 2022-03-10 12:59:59"
"GENERATED ON: 2022-03-10"

"SOURCE >> UNITED BANK FOR AFRICA PLC"
"S/N","CHANNEL","SESSION ID","TRANSACTION TYPE","RESPONSE","AMOUNT","TRANSACTION TIME","ORIGINATOR INSTITUTION","ORIGINATOR / BILLER","DESTINATION INSTITUTION","DESTINATION ACCOUNT NAME","DESTINATION ACCOUNT NO","NARRATION"," PAYMENT REFERENCE","LAST 12 DIGITS OF SESSION_ID"
"1","MOBILE PHONE","'000004220310102616850887622771","Fund Transfer (Direct Credit)","Approved or Completed Successfully","13300.00 ","'2022-03-10 10:26:26","UNITED BANK FOR AFRICA PLC","BOYI BATURE","FBN Mortgages Limited","BOYI BATURE MAHUTA","1000563722","MOB/BOYI BATURE/UTO/10779174984/090107/Loan repayment for February","'10779174984","'850887622771"

"SOURCE INSTITUTION SUMMARY >> UNITED BANK FOR AFRICA PLC"
"S/N","TRANSACTION TYPE","TOTAL AMOUNT (N)","TRANSACTION VOLUME"
"1","Fund Transfer (Direct Credit)","13300.00 ","1"

"SOURCE >> FIRST BANK OF NIGERIA PLC"
"S/N","CHANNEL","SESSION ID","TRANSACTION TYPE","RESPONSE","AMOUNT","TRANSACTION TIME","ORIGINATOR INSTITUTION","ORIGINATOR / BILLER","DESTINATION INSTITUTION","DESTINATION ACCOUNT NAME","DESTINATION ACCOUNT NO","NARRATION"," PAYMENT REFERENCE","LAST 12 DIGITS OF SESSION_ID"
"1","MOBILE PHONE","'000016220310102035000053996129","Fund Transfer (Direct Credit)","Approved or Completed Successfully","1000000.00 ","'2022-03-10 10:20:37","FIRST BANK OF NIGERIA PLC","OLADIRAN STELLA ONANYENLEN","FBN Mortgages Limited","OLADIRAN STELLA ONANYENLEN","1000446805","FBNMOBILE:OLADIRAN STELLA ONANYENLEN/STELLA OLADIRAN","'637825044355145705","'000053996129"

"SOURCE INSTITUTION SUMMARY >> FIRST BANK OF NIGERIA PLC"
"S/N","TRANSACTION TYPE","TOTAL AMOUNT (N)","TRANSACTION VOLUME"
"1","Fund Transfer (Direct Credit)","1000000.00 ","1"

"SOURCE >> Providus Bank "
"S/N","CHANNEL","SESSION ID","TRANSACTION TYPE","RESPONSE","AMOUNT","TRANSACTION TIME","ORIGINATOR INSTITUTION","ORIGINATOR / BILLER","DESTINATION INSTITUTION","DESTINATION ACCOUNT NAME","DESTINATION ACCOUNT NO","NARRATION"," PAYMENT REFERENCE","LAST 12 DIGITS OF SESSION_ID"
"1","INTERNET BANKING","'000023220310102943002022793980","Fund Transfer (Direct Credit)","Approved or Completed Successfully","1500000.00 ","'2022-03-10 10:29:44","Providus Bank ","OGUNTOYINBO OLATUNDE","FBN Mortgages Limited","OLATUNDE SAHEED OGUNTOYINBO","1000311514","Online: To FBN MORTGAGE|OLATUNDE SAHEED OGUNTOYINBO","'121590292210100316","'002022793980"
"2","INTERNET BANKING","'000023220310103218002022794115","Fund Transfer (Direct Credit)","Approved or Completed Successfully","3103000.00 ","'2022-03-10 10:32:19","Providus Bank ","OGUNTOYINBO OLATUNDE","FBN Mortgages Limited","OLATUNDE SAHEED OGUNTOYINBO","1000311514","Online: To FBN MORTGAGE|OLATUNDE SAHEED OGUNTOYINBO","'121590312210100351","'002022794115"

"SOURCE INSTITUTION SUMMARY >> Providus Bank "
"S/N","TRANSACTION TYPE","TOTAL AMOUNT (N)","TRANSACTION VOLUME"
"1","Fund Transfer (Direct Credit)","4603000.00 ","2"

"FULL BILLING SUMMARY "
"S/N","TRANSACTION TYPE","TOTAL AMOUNT (N)","TRANSACTION VOLUME"
"1","Fund Transfer (Direct Credit)","5616300.00 ","4"
