"NIBSS INSTANT PAYMENTS - OUTWARDS REPORT"
"FBN Mortgages Limited"
"TRANSACTION DATE: 2022-03-10 06:00:00 - 2022-03-10 09:59:59"
"GENERATED ON: 2022-03-10"

"DESTINATION >> FIRST BANK OF NIGERIA PLC"
"S/N","CHANNEL","SESSION ID","TRANSACTION TYPE","RESPONSE","AMOUNT","TRANSACTION TIME","ORIGINATOR INSTITUTION","ORIGINATOR / BILLER","DESTINATION INSTITUTION","DESTINATION ACCOUNT NAME","DESTINATION ACCOUNT NO","NARRATION"," PAYMENT REFERENCE","LAST 12 DIGITS OF SESSION_ID"
"1","INTERNET BANKING","'090107220310090442358221977319","Fund Transfer (Direct Credit)","Approved or Completed Successfully","3000.00 ","'2022-03-10 09:04:44","FBN Mortgages Limited","FRANCIS MONDAY ODAFEWHOTU","FIRST BANK OF NIGERIA PLC","FRANCIS MONDAY ODAFIWHOTU","3028226814","First Bank of Nigeria/FRANCIS MONDAY ODAFIWHOTU/WebApp: Trf to First Bank of Nigeria FRANCIS MONDAY","'FTMortgage/NIP/220310090442","'358221977319"

"DESTINATION INSTITUTION SUMMARY >> FIRST BANK OF NIGERIA PLC"
"S/N","TRANSACTION TYPE","TOTAL AMOUNT (N)","TRANSACTION VOLUME"
"1","Fund Transfer (Direct Credit)","3000.00 ","1"

"DESTINATION >> GUARANTY TRUST BANK PLC"
"S/N","CHANNEL","SESSION ID","TRANSACTION TYPE","RESPONSE","AMOUNT","TRANSACTION TIME","ORIGINATOR INSTITUTION","ORIGINATOR / BILLER","DESTINATION INSTITUTION","DESTINATION ACCOUNT NAME","DESTINATION ACCOUNT NO","NARRATION"," PAYMENT REFERENCE","LAST 12 DIGITS OF SESSION_ID"
"1","INTERNET BANKING","'090107220310085015553396543428","Fund Transfer (Direct Credit)","Approved or Completed Successfully","50000.00 ","'2022-03-10 08:50:18","FBN Mortgages Limited","OBIGWE NGOZI JOY","GUARANTY TRUST BANK PLC","OBIGWE JOY NGOZI","0001361611","GTBank Plc/OBIGWE JOY NGOZI/WebApp: Self, Trf to GTBank Plc OBIGWE JOY NGOZI","'FTMortgage/NIP/220310085015","'553396543428"

"DESTINATION INSTITUTION SUMMARY >> GUARANTY TRUST BANK PLC"
"S/N","TRANSACTION TYPE","TOTAL AMOUNT (N)","TRANSACTION VOLUME"
"1","Fund Transfer (Direct Credit)","50000.00 ","1"

"FULL BILLING SUMMARY "
"S/N","TRANSACTION TYPE","TOTAL AMOUNT (N)","TRANSACTION VOLUME"
"1","Fund Transfer (Direct Credit)","53000.00 ","2"
