"NIBSS INSTANT PAYMENTS - INWARDS REPORT"
"FBN Mortgages Limited"
"TRANSACTION DATE: 2022-03-13 13:00:00 - 2022-03-13 15:59:59"
"GENERATED ON: 2022-03-13"

"SOURCE >> GUARANTY TRUST BANK PLC"
"S/N","CHANNEL","SESSION ID","TRANSACTION TYPE","RESPONSE","AMOUNT","TRANSACTION TIME","ORIGINATOR INSTITUTION","ORIGINATOR / BILLER","DESTINATION INSTITUTION","DESTINATION ACCOUNT NAME","DESTINATION ACCOUNT NO","NARRATION"," PAYMENT REFERENCE","LAST 12 DIGITS OF SESSION_ID"
"1","MOBILE PHONE","'000013220313130313000095328677","Fund Transfer (Direct Credit)","Approved or Completed Successfully","100000.00 ","'2022-03-13 13:03:58","GUARANTY TRUST BANK PLC","MUSA EMMANUELMUSA EMMANUEL","FBN Mortgages Limited","MUSA EMMANUEL","1000311222","via GTWORLD","'000095328677","'000095328677"
"2","INTERNET BANKING","'000013220313150830000095503917","Fund Transfer (Direct Credit)","Invalid Transaction","62000.00 ","'2022-03-13 15:09:15","GUARANTY TRUST BANK PLC","OJIKE ENYIDIYA UWA","FBN Mortgages Limited","OJIKE ENYIDIYA UWA","1000598340","","'000095503917","'000095503917"

"SOURCE INSTITUTION SUMMARY >> GUARANTY TRUST BANK PLC"
"S/N","TRANSACTION TYPE","TOTAL AMOUNT (N)","TRANSACTION VOLUME"
"1","Fund Transfer (Direct Credit)","162000.00 ","2"

"FULL BILLING SUMMARY "
"S/N","TRANSACTION TYPE","TOTAL AMOUNT (N)","TRANSACTION VOLUME"
"1","Fund Transfer (Direct Credit)","162000.00 ","2"
