"NIBSS INSTANT PAYMENTS - OUTWARDS REPORT"
"FBN Mortgages Limited"
"TRANSACTION DATE: 2022-03-12 22:00:00 - 2022-03-13 05:59:59"
"GENERATED ON: 2022-03-13"

"DESTINATION >> FIRST BANK OF NIGERIA PLC"
"S/N","CHANNEL","SESSION ID","TRANSACTION TYPE","RESPONSE","AMOUNT","TRANSACTION TIME","ORIGINATOR INSTITUTION","ORIGINATOR / BILLER","DESTINATION INSTITUTION","DESTINATION ACCOUNT NAME","DESTINATION ACCOUNT NO","NARRATION"," PAYMENT REFERENCE","LAST 12 DIGITS OF SESSION_ID"
"1","INTERNET BANKING","'090107220312224928702696523332","Fund Transfer (Direct Credit)","Approved or Completed Successfully","8000.00 ","'2022-03-12 22:49:30","FBN Mortgages Limited","YUSUF MOHAMMED OLADIPO AIYEPOLA","FIRST BANK OF NIGERIA PLC","AIYEPOLA YUSUF OLADIPO","3075150979","First Bank of Nigeria/AIYEPOLA YUSUF OLADIPO/WebApp: Trf to First Bank of Nigeria AIYEPOLA YUSUF OL","'FTMortgage/NIP/220312224928","'702696523332"

"DESTINATION INSTITUTION SUMMARY >> FIRST BANK OF NIGERIA PLC"
"S/N","TRANSACTION TYPE","TOTAL AMOUNT (N)","TRANSACTION VOLUME"
"1","Fund Transfer (Direct Credit)","8000.00 ","1"

"DESTINATION >> GUARANTY TRUST BANK PLC"
"S/N","CHANNEL","SESSION ID","TRANSACTION TYPE","RESPONSE","AMOUNT","TRANSACTION TIME","ORIGINATOR INSTITUTION","ORIGINATOR / BILLER","DESTINATION INSTITUTION","DESTINATION ACCOUNT NAME","DESTINATION ACCOUNT NO","NARRATION"," PAYMENT REFERENCE","LAST 12 DIGITS OF SESSION_ID"
"1","INTERNET BANKING","'090107220312224445982926828927","Fund Transfer (Direct Credit)","Approved or Completed Successfully","2000.00 ","'2022-03-12 22:44:48","FBN Mortgages Limited","JUBRIL OLATUNJI LAWAL","GUARANTY TRUST BANK PLC","LAWAL JUBRIL OLATUNJI","0009683858","GTBank Plc/LAWAL JUBRIL OLATUNJI/WebApp: self, Trf to GTBank Plc LAWAL JUBRIL OLATUNJI","'FTMortgage/NIP/220312224445","'982926828927"

"DESTINATION INSTITUTION SUMMARY >> GUARANTY TRUST BANK PLC"
"S/N","TRANSACTION TYPE","TOTAL AMOUNT (N)","TRANSACTION VOLUME"
"1","Fund Transfer (Direct Credit)","2000.00 ","1"

"FULL BILLING SUMMARY "
"S/N","TRANSACTION TYPE","TOTAL AMOUNT (N)","TRANSACTION VOLUME"
"1","Fund Transfer (Direct Credit)","10000.00 ","2"
