"NIBSS INSTANT PAYMENTS - OUTWARDS SUCCESSFUL"
"FBN Mortgages Limited"
"TRANSACTION DATE: 2022-03-13 06:00:00 - 2022-03-13 09:59:59"
"GENERATED ON: 2022-03-13"

"DESTINATION >> ACCESS BANK PLC"
"S/N","CHANNEL","SESSION ID","TRANSACTION TYPE","RESPONSE","AMOUNT","TRANSACTION TIME","ORIGINATOR INSTITUTION","ORIGINATOR / BILLER","DESTINATION INSTITUTION","DESTINATION ACCOUNT NAME","DESTINATION ACCOUNT NO","NARRATION"," PAYMENT REFERENCE","LAST 12 DIGITS OF SESSION_ID"
"1","INTERNET BANKING","'090107220313072142194477258778","Fund Transfer (Direct Credit)","Approved or Completed Successfully","7000.00 ","'2022-03-13 07:21:48","FBN Mortgages Limited","MBAH CHINENYE NKECHI","ACCESS BANK PLC","CHINENYE NKECHI MBAH","0056606117","Access Bank/CHINENYE NKECHI MBAH/WebApp: From Chinenye, Trf to Access Bank CHINENYE NKECHI MBAH","'FTMortgage/NIP/220313072142","'194477258778"

"DESTINATION INSTITUTION SUMMARY >> ACCESS BANK PLC"
"S/N","TRANSACTION TYPE","TOTAL AMOUNT (N)","TRANSACTION VOLUME"
"1","Fund Transfer (Direct Credit)","7000.00 ","1"

"DESTINATION >> GUARANTY TRUST BANK PLC"
"S/N","CHANNEL","SESSION ID","TRANSACTION TYPE","RESPONSE","AMOUNT","TRANSACTION TIME","ORIGINATOR INSTITUTION","ORIGINATOR / BILLER","DESTINATION INSTITUTION","DESTINATION ACCOUNT NAME","DESTINATION ACCOUNT NO","NARRATION"," PAYMENT REFERENCE","LAST 12 DIGITS OF SESSION_ID"
"1","INTERNET BANKING","'090107220313073057259675700294","Fund Transfer (Direct Credit)","Approved or Completed Successfully","15000.00 ","'2022-03-13 07:31:00","FBN Mortgages Limited","JERRY JUSTICE","GUARANTY TRUST BANK PLC","JERRY JUSTICE","0121393936","GTBank Plc/JERRY JUSTICE/WebApp: Trf to GTBank Plc JERRY JUSTICE","'FTMortgage/NIP/220313073057","'259675700294"

"DESTINATION INSTITUTION SUMMARY >> GUARANTY TRUST BANK PLC"
"S/N","TRANSACTION TYPE","TOTAL AMOUNT (N)","TRANSACTION VOLUME"
"1","Fund Transfer (Direct Credit)","15000.00 ","1"

"FULL BILLING SUMMARY "
"S/N","TRANSACTION TYPE","TOTAL AMOUNT (N)","TRANSACTION VOLUME"
"1","Fund Transfer (Direct Credit)","22000.00 ","2"
