"NIBSS INSTANT PAYMENTS - OUTWARDS SUCCESSFUL"
"FBN Mortgages Limited"
"TRANSACTION DATE: 2022-03-01 10:00:00 - 2022-03-01 12:59:59"
"GENERATED ON: 2022-03-01"

"DESTINATION >> UNION BANK OF NIGERIA PLC"
"S/N","CHANNEL","SESSION ID","TRANSACTION TYPE","RESPONSE","AMOUNT","TRANSACTION TIME","ORIGINATOR INSTITUTION","ORIGINATOR / BILLER","DESTINATION INSTITUTION","DESTINATION ACCOUNT NAME","DESTINATION ACCOUNT NO","NARRATION"," PAYMENT REFERENCE","LAST 12 DIGITS OF SESSION_ID"
"1","INTERNET BANKING","'090107220301122533703089580103","Fund Transfer (Direct Credit)","Approved or Completed Successfully","6000.00 ","'2022-03-01 12:25:34","FBN Mortgages Limited","AGWU ULOMA FRANCES","UNION BANK OF NIGERIA PLC","EBERE JULIET ONYEBUCHI","0129062133","Union Bank/EBERE JULIET ONYEBUCHI/WebApp: Fuel, Trf to Union Bank EBERE JULIET ONYEBUCHI","'FTMortgage/NIP/220301122533","'703089580103"

"DESTINATION INSTITUTION SUMMARY >> UNION BANK OF NIGERIA PLC"
"S/N","TRANSACTION TYPE","TOTAL AMOUNT (N)","TRANSACTION VOLUME"
"1","Fund Transfer (Direct Credit)","6000.00 ","1"

"DESTINATION >> FIRST BANK OF NIGERIA PLC"
"S/N","CHANNEL","SESSION ID","TRANSACTION TYPE","RESPONSE","AMOUNT","TRANSACTION TIME","ORIGINATOR INSTITUTION","ORIGINATOR / BILLER","DESTINATION INSTITUTION","DESTINATION ACCOUNT NAME","DESTINATION ACCOUNT NO","NARRATION"," PAYMENT REFERENCE","LAST 12 DIGITS OF SESSION_ID"
"1","INTERNET BANKING","'090107220301120308378563234224","Fund Transfer (Direct Credit)","Approved or Completed Successfully","25000.00 ","'2022-03-01 12:03:09","FBN Mortgages Limited","OGUNJANA GBENGA OLADIPO","FIRST BANK OF NIGERIA PLC","OGUNJANA GBENGA OLADIPO","3091125728","First Bank of Nigeria/OGUNJANA GBENGA OLADIPO/WebApp: Transfer, Trf to First Bank of Nigeria OGUNJA","'FTMortgage/NIP/220301120308","'378563234224"
"2","INTERNET BANKING","'090107220301121507812229990531","Fund Transfer (Direct Credit)","Approved or Completed Successfully","30000.00 ","'2022-03-01 12:15:08","FBN Mortgages Limited","OGUNYE OLUDOLAPO","FIRST BANK OF NIGERIA PLC","OGUNYE OLUDOLAPO O","2027079638","First Bank of Nigeria/OGUNYE OLUDOLAPO O/WebApp: Trsf, Trf to First Bank of Nigeria OGUNYE OLUDOLAP","'FTMortgage/NIP/220301121507","'812229990531"
"3","INTERNET BANKING","'090107220301122915295204389581","Fund Transfer (Direct Credit)","Approved or Completed Successfully","55000.00 ","'2022-03-01 12:29:16","FBN Mortgages Limited","AGWU ULOMA FRANCES","FIRST BANK OF NIGERIA PLC","AGWU ULOMA FRANCES","3071637139","First Bank of Nigeria/AGWU ULOMA FRANCES/WebApp: Trf to First Bank of Nigeria AGWU ULOMA FRANCES","'FTMortgage/NIP/220301122915","'295204389581"

"DESTINATION INSTITUTION SUMMARY >> FIRST BANK OF NIGERIA PLC"
"S/N","TRANSACTION TYPE","TOTAL AMOUNT (N)","TRANSACTION VOLUME"
"1","Fund Transfer (Direct Credit)","110000.00 ","3"

"DESTINATION >> GUARANTY TRUST BANK PLC"
"S/N","CHANNEL","SESSION ID","TRANSACTION TYPE","RESPONSE","AMOUNT","TRANSACTION TIME","ORIGINATOR INSTITUTION","ORIGINATOR / BILLER","DESTINATION INSTITUTION","DESTINATION ACCOUNT NAME","DESTINATION ACCOUNT NO","NARRATION"," PAYMENT REFERENCE","LAST 12 DIGITS OF SESSION_ID"
"1","INTERNET BANKING","'090107220301121438813106392573","Fund Transfer (Direct Credit)","Approved or Completed Successfully","10000.00 ","'2022-03-01 12:14:39","FBN Mortgages Limited","OLAMIDE TARAOLUWA ADESANYA","GUARANTY TRUST BANK PLC","ADESANYA OLAMIDE TARAOLUWA","0113362564","GTBank Plc/ADESANYA OLAMIDE TARAOLUWA/WebApp: Trf to GTBank Plc ADESANYA OLAMIDE TARAOLUWA","'FTMortgage/NIP/220301121438","'813106392573"
"2","INTERNET BANKING","'090107220301124009282986303031","Fund Transfer (Direct Credit)","Approved or Completed Successfully","11500.00 ","'2022-03-01 12:40:10","FBN Mortgages Limited","MANLIKI OLUKEMI ABIMBOLA","GUARANTY TRUST BANK PLC","ISAAC CHIMOBI TIMOTHY","0114429479","GTBank Plc/ISAAC CHIMOBI TIMOTHY/WebApp: Warehouse Shoe and delivery, Trf to GTBank Plc ISAAC CHIMO","'FTMortgage/NIP/220301124009","'282986303031"

"DESTINATION INSTITUTION SUMMARY >> GUARANTY TRUST BANK PLC"
"S/N","TRANSACTION TYPE","TOTAL AMOUNT (N)","TRANSACTION VOLUME"
"1","Fund Transfer (Direct Credit)","21500.00 ","2"

"FULL BILLING SUMMARY "
"S/N","TRANSACTION TYPE","TOTAL AMOUNT (N)","TRANSACTION VOLUME"
"1","Fund Transfer (Direct Credit)","137500.00 ","6"
