"NIBSS INSTANT PAYMENTS - INWARDS REPORT"
"FBN Mortgages Limited"
"TRANSACTION DATE: 2022-03-01 10:00:00 - 2022-03-01 12:59:59"
"GENERATED ON: 2022-03-01"

"SOURCE >> GUARANTY TRUST BANK PLC"
"S/N","CHANNEL","SESSION ID","TRANSACTION TYPE","RESPONSE","AMOUNT","TRANSACTION TIME","ORIGINATOR INSTITUTION","ORIGINATOR / BILLER","DESTINATION INSTITUTION","DESTINATION ACCOUNT NAME","DESTINATION ACCOUNT NO","NARRATION"," PAYMENT REFERENCE","LAST 12 DIGITS OF SESSION_ID"
"1","MOBILE PHONE","'000013220301104250000071458146","Fund Transfer (Direct Credit)","Approved or Completed Successfully","10000.00 ","'2022-03-01 10:39:58","GUARANTY TRUST BANK PLC","AKINLOSE OMOTOLA OLAKITAN","FBN Mortgages Limited","AKINLOSE OMOTOLA OLAKIITAN","0000334567","via GTWORLD","'000071458146","'000071458146"
"2","MOBILE PHONE","'000013220301110818000071528403","Fund Transfer (Direct Credit)","Approved or Completed Successfully","10000.00 ","'2022-03-01 11:08:53","GUARANTY TRUST BANK PLC","OYANIRAN TAIWOOYANIRAN, TAIWO","FBN Mortgages Limited","TAIWO OYANIRAN","1000429170","via GTWORLD February 2022 contribution","'000071528403","'000071528403"
"3","MOBILE PHONE","'000013220301121928000071704551","Fund Transfer (Direct Credit)","Approved or Completed Successfully","137000.00 ","'2022-03-01 12:25:23","GUARANTY TRUST BANK PLC","FOLORUNSO AYODEJI","FBN Mortgages Limited","AYODEJI RASAQ FOLORUNSO","1000518760","REF236230171000137000002203011224","'204097985","'000071704551"

"SOURCE INSTITUTION SUMMARY >> GUARANTY TRUST BANK PLC"
"S/N","TRANSACTION TYPE","TOTAL AMOUNT (N)","TRANSACTION VOLUME"
"1","Fund Transfer (Direct Credit)","157000.00 ","3"

"FULL BILLING SUMMARY "
"S/N","TRANSACTION TYPE","TOTAL AMOUNT (N)","TRANSACTION VOLUME"
"1","Fund Transfer (Direct Credit)","157000.00 ","3"
