"NIBSS INSTANT PAYMENTS - OUTWARDS REPORT"
"FBN Mortgages Limited"
"TRANSACTION DATE: 2022-03-01 16:00:00 - 2022-03-01 21:59:59"
"GENERATED ON: 2022-03-01"

"DESTINATION >> ACCESS BANK PLC"
"S/N","CHANNEL","SESSION ID","TRANSACTION TYPE","RESPONSE","AMOUNT","TRANSACTION TIME","ORIGINATOR INSTITUTION","ORIGINATOR / BILLER","DESTINATION INSTITUTION","DESTINATION ACCOUNT NAME","DESTINATION ACCOUNT NO","NARRATION"," PAYMENT REFERENCE","LAST 12 DIGITS OF SESSION_ID"
"1","BANK TELLER","'090107220301184121062844725609","Fund Transfer (Direct Credit)","Approved or Completed Successfully","10000.00 ","'2022-03-01 18:41:22","FBN Mortgages Limited","ADENIYI SUNDAY ADESHINA","ACCESS BANK PLC","ADEWUMI HELEN DEMILA","0050829769","Access Bank/ADEWUMI HELEN DEMILA/House Keep","'FBNMortgage/NIP/220301184121","'062844725609"

"DESTINATION INSTITUTION SUMMARY >> ACCESS BANK PLC"
"S/N","TRANSACTION TYPE","TOTAL AMOUNT (N)","TRANSACTION VOLUME"
"1","Fund Transfer (Direct Credit)","10000.00 ","1"

"DESTINATION >> FIRST BANK OF NIGERIA PLC"
"S/N","CHANNEL","SESSION ID","TRANSACTION TYPE","RESPONSE","AMOUNT","TRANSACTION TIME","ORIGINATOR INSTITUTION","ORIGINATOR / BILLER","DESTINATION INSTITUTION","DESTINATION ACCOUNT NAME","DESTINATION ACCOUNT NO","NARRATION"," PAYMENT REFERENCE","LAST 12 DIGITS OF SESSION_ID"
"1","INTERNET BANKING","'090107220301165430800867049937","Fund Transfer (Direct Credit)","Approved or Completed Successfully","10000.00 ","'2022-03-01 16:54:31","FBN Mortgages Limited","UGBABE OJONYE EWAOCHE","FIRST BANK OF NIGERIA PLC","UGBABE OJONYE EWAOCHE","3087127071","First Bank of Nigeria/UGBABE OJONYE EWAOCHE/WebApp: Trf to First Bank of Nigeria UGBABE OJONYE EWAO","'FTMortgage/NIP/220301165430","'800867049937"
"2","INTERNET BANKING","'090107220301192355939391664469","Fund Transfer (Direct Credit)","Approved or Completed Successfully","20000.00 ","'2022-03-01 19:23:56","FBN Mortgages Limited","AKINLEYE, ADEYINKA DANIEL","FIRST BANK OF NIGERIA PLC","AKINLEYE ADEYINKA DANIEL","3075664553","First Bank of Nigeria/AKINLEYE ADEYINKA DANIEL/WebApp: Trsfr, Trf to First Bank of Nigeria AKINLEYE","'FTMortgage/NIP/220301192355","'939391664469"

"DESTINATION INSTITUTION SUMMARY >> FIRST BANK OF NIGERIA PLC"
"S/N","TRANSACTION TYPE","TOTAL AMOUNT (N)","TRANSACTION VOLUME"
"1","Fund Transfer (Direct Credit)","30000.00 ","2"

"DESTINATION >> GUARANTY TRUST BANK PLC"
"S/N","CHANNEL","SESSION ID","TRANSACTION TYPE","RESPONSE","AMOUNT","TRANSACTION TIME","ORIGINATOR INSTITUTION","ORIGINATOR / BILLER","DESTINATION INSTITUTION","DESTINATION ACCOUNT NAME","DESTINATION ACCOUNT NO","NARRATION"," PAYMENT REFERENCE","LAST 12 DIGITS OF SESSION_ID"
"1","INTERNET BANKING","'090107220301185821737330497500","Fund Transfer (Direct Credit)","Approved or Completed Successfully","30000.00 ","'2022-03-01 18:58:22","FBN Mortgages Limited","JERRY JUSTICE","GUARANTY TRUST BANK PLC","JERRY JUSTICE","0121393936","GTBank Plc/JERRY JUSTICE/WebApp: Sales, Trf to GTBank Plc JERRY JUSTICE","'FTMortgage/NIP/220301185821","'737330497500"
"2","INTERNET BANKING","'090107220301203127547965737421","Fund Transfer (Direct Credit)","Approved or Completed Successfully","4500.00 ","'2022-03-01 20:31:28","FBN Mortgages Limited","LOVETH MARCUS NKIRUKA","GUARANTY TRUST BANK PLC","OKEH EMEKA","0124207568","GTBank Plc/OKEH EMEKA/WebApp: Cloth, Trf to GTBank Plc OKEH EMEKA","'FTMortgage/NIP/220301203127","'547965737421"
"3","INTERNET BANKING","'090107220301212728093644936491","Fund Transfer (Direct Credit)","Approved or Completed Successfully","2700.00 ","'2022-03-01 21:27:29","FBN Mortgages Limited","OGUNJANA GBENGA OLADIPO","GUARANTY TRUST BANK PLC","OBOGARIEMU ANAYO MOSES","0150155868","GTBank Plc/OBOGARIEMU ANAYO MOSES/WebApp: Pyt for laundry, Trf to GTBank Plc OBOGARIEMU ANAYO MOSES","'FTMortgage/NIP/220301212728","'093644936491"

"DESTINATION INSTITUTION SUMMARY >> GUARANTY TRUST BANK PLC"
"S/N","TRANSACTION TYPE","TOTAL AMOUNT (N)","TRANSACTION VOLUME"
"1","Fund Transfer (Direct Credit)","37200.00 ","3"

"FULL BILLING SUMMARY "
"S/N","TRANSACTION TYPE","TOTAL AMOUNT (N)","TRANSACTION VOLUME"
"1","Fund Transfer (Direct Credit)","77200.00 ","6"
