"NIBSS INSTANT PAYMENTS - INWARDS TXNLOG"
"FBN Mortgages Limited"
"TRANSACTION DATE: 2022-03-01 16:00:00 - 2022-03-01 21:59:59"
"GENERATED ON: 2022-03-01"

"SOURCE >> ACCESS BANK PLC"
"S/N","CHANNEL","SESSION ID","TRANSACTION TYPE","RESPONSE","AMOUNT","TRANSACTION TIME","ORIGINATOR INSTITUTION","ORIGINATOR / BILLER","DESTINATION INSTITUTION","DESTINATION ACCOUNT NAME","DESTINATION ACCOUNT NO","NARRATION"," PAYMENT REFERENCE","LAST 12 DIGITS OF SESSION_ID"
"1","MOBILE PHONE","'000014220301215153232413358646","Fund Transfer (Direct Credit)","Approved or Completed Successfully","50000.00 ","'2022-03-01 21:51:53","ACCESS BANK PLC","OMERENYIYA AMARACHI","FBN Mortgages Limited","AMARACHI BLESSING OMERENYIYA","1000463860","TRFFRM OMERENYIYA AMARACHI TO AMARACHI BLESSING OMERENYIYA","'000014220301215130290929057871","'232413358646"

"SOURCE INSTITUTION SUMMARY >> ACCESS BANK PLC"
"S/N","TRANSACTION TYPE","TOTAL AMOUNT (N)","TRANSACTION VOLUME"
"1","Fund Transfer (Direct Credit)","50000.00 ","1"

"SOURCE >> GUARANTY TRUST BANK PLC"
"S/N","CHANNEL","SESSION ID","TRANSACTION TYPE","RESPONSE","AMOUNT","TRANSACTION TIME","ORIGINATOR INSTITUTION","ORIGINATOR / BILLER","DESTINATION INSTITUTION","DESTINATION ACCOUNT NAME","DESTINATION ACCOUNT NO","NARRATION"," PAYMENT REFERENCE","LAST 12 DIGITS OF SESSION_ID"
"1","MOBILE PHONE","'000013220301163615000072320431","Fund Transfer (Direct Credit)","Beneficiary Bank Not Available","50000.00 ","'2022-03-01 16:39:54","GUARANTY TRUST BANK PLC","ESAN KAYODE ADEBUSUYI","FBN Mortgages Limited","ADELEYE OLUWAFUNMILOLA ADEJOKE","0000313487","via GTWORLD","'103880683","'000072320431"
"2","MOBILE PHONE","'000013220301181740000072567946","Fund Transfer (Direct Credit)","Approved or Completed Successfully","200000.00 ","'2022-03-01 18:18:05","GUARANTY TRUST BANK PLC","PELEM JEMIMAH URLAN","FBN Mortgages Limited","PELEM JEMIMAH URLAN","1000474046","Februaryrepaymentplusaccountmaintenancecharge REF229680484000200000002203011817","'000072567946","'000072567946"
"3","MOBILE PHONE","'000013220301210032000072873503","Fund Transfer (Direct Credit)","Approved or Completed Successfully","50000.00 ","'2022-03-01 21:04:29","GUARANTY TRUST BANK PLC","ESAN KAYODE ADEBUSUYI","FBN Mortgages Limited","ADELEYE OLUWAFUNMILOLA ADEJOKE","0000313487","via GTWORLD","'150601350","'000072873503"
"4","MOBILE PHONE","'000013220301211330000072896738","Fund Transfer (Direct Credit)","Approved or Completed Successfully","30000.00 ","'2022-03-01 21:14:09","GUARANTY TRUST BANK PLC","ESAN OLUWAFUNMILOLA A.ESAN OLUWAFUNMILOLA A.","FBN Mortgages Limited","ADELEYE OLUWAFUNMILOLA ADEJOKE","0000313487","MarLolatrustfunds REF263233517000030000002203012113","'000072896738","'000072896738"

"SOURCE INSTITUTION SUMMARY >> GUARANTY TRUST BANK PLC"
"S/N","TRANSACTION TYPE","TOTAL AMOUNT (N)","TRANSACTION VOLUME"
"1","Fund Transfer (Direct Credit)","330000.00 ","4"

"FULL BILLING SUMMARY "
"S/N","TRANSACTION TYPE","TOTAL AMOUNT (N)","TRANSACTION VOLUME"
"1","Fund Transfer (Direct Credit)","380000.00 ","5"
