"NIBSS INSTANT PAYMENTS - OUTWARDS REPORT"
"FBN Mortgages Limited"
"TRANSACTION DATE: 2022-03-07 22:00:00 - 2022-03-08 05:59:59"
"GENERATED ON: 2022-03-08"

"DESTINATION >> GUARANTY TRUST BANK PLC"
"S/N","CHANNEL","SESSION ID","TRANSACTION TYPE","RESPONSE","AMOUNT","TRANSACTION TIME","ORIGINATOR INSTITUTION","ORIGINATOR / BILLER","DESTINATION INSTITUTION","DESTINATION ACCOUNT NAME","DESTINATION ACCOUNT NO","NARRATION"," PAYMENT REFERENCE","LAST 12 DIGITS OF SESSION_ID"
"1","INTERNET BANKING","'090107220307230616570894014059","Fund Transfer (Direct Credit)","Approved or Completed Successfully","600.00 ","'2022-03-07 23:06:19","FBN Mortgages Limited","OLAMIDE TARAOLUWA ADESANYA","GUARANTY TRUST BANK PLC","ADESANYA OLAMIDE TARAOLUWA","0113362564","GTBank Plc/ADESANYA OLAMIDE TARAOLUWA/WebApp: Trf to GTBank Plc ADESANYA OLAMIDE TARAOLUWA","'FTMortgage/NIP/220307230616","'570894014059"

"DESTINATION INSTITUTION SUMMARY >> GUARANTY TRUST BANK PLC"
"S/N","TRANSACTION TYPE","TOTAL AMOUNT (N)","TRANSACTION VOLUME"
"1","Fund Transfer (Direct Credit)","600.00 ","1"

"FULL BILLING SUMMARY "
"S/N","TRANSACTION TYPE","TOTAL AMOUNT (N)","TRANSACTION VOLUME"
"1","Fund Transfer (Direct Credit)","600.00 ","1"
