"NIBSS INSTANT PAYMENTS - INWARDS REPORT"
"FBN Mortgages Limited"
"TRANSACTION DATE: 2022-03-07 22:00:00 - 2022-03-08 05:59:59"
"GENERATED ON: 2022-03-08"

"SOURCE >> POLARIS BANK"
"S/N","CHANNEL","SESSION ID","TRANSACTION TYPE","RESPONSE","AMOUNT","TRANSACTION TIME","ORIGINATOR INSTITUTION","ORIGINATOR / BILLER","DESTINATION INSTITUTION","DESTINATION ACCOUNT NAME","DESTINATION ACCOUNT NO","NARRATION"," PAYMENT REFERENCE","LAST 12 DIGITS OF SESSION_ID"
"1","INTERNET BANKING","'000008220307221859146666499101","Fund Transfer (Direct Credit)","Approved or Completed Successfully","2150000.00 ","'2022-03-07 22:32:33","POLARIS BANK","KOLAWOLE OLAWUNMI","FBN Mortgages Limited","KOLAWOLE OLUTAYO OLAWUNMI","1000440353","PMNT BY KOLA OLAWUNMI - MAR.22 / IRO IRU COURT","'PC657530750641789","'146666499101"

"SOURCE INSTITUTION SUMMARY >> POLARIS BANK"
"S/N","TRANSACTION TYPE","TOTAL AMOUNT (N)","TRANSACTION VOLUME"
"1","Fund Transfer (Direct Credit)","2150000.00 ","1"

"SOURCE >> UNITED BANK FOR AFRICA PLC"
"S/N","CHANNEL","SESSION ID","TRANSACTION TYPE","RESPONSE","AMOUNT","TRANSACTION TIME","ORIGINATOR INSTITUTION","ORIGINATOR / BILLER","DESTINATION INSTITUTION","DESTINATION ACCOUNT NAME","DESTINATION ACCOUNT NO","NARRATION"," PAYMENT REFERENCE","LAST 12 DIGITS OF SESSION_ID"
"1","MOBILE PHONE","'000004220308033132323736172752","Fund Transfer (Direct Credit)","Approved or Completed Successfully","5200.00 ","'2022-03-08 03:32:41","UNITED BANK FOR AFRICA PLC","MATTHEW ENOCH OLUSEGUN","FBN Mortgages Limited","MATTHEW ENOCK OLUSEGUN","1000331192","MOB/MATTHEW ENOCH OLUSEGUN/UTO/10754704735/090107/Matthew","'10754704735","'323736172752"

"SOURCE INSTITUTION SUMMARY >> UNITED BANK FOR AFRICA PLC"
"S/N","TRANSACTION TYPE","TOTAL AMOUNT (N)","TRANSACTION VOLUME"
"1","Fund Transfer (Direct Credit)","5200.00 ","1"

"SOURCE >> FIRST BANK OF NIGERIA PLC"
"S/N","CHANNEL","SESSION ID","TRANSACTION TYPE","RESPONSE","AMOUNT","TRANSACTION TIME","ORIGINATOR INSTITUTION","ORIGINATOR / BILLER","DESTINATION INSTITUTION","DESTINATION ACCOUNT NAME","DESTINATION ACCOUNT NO","NARRATION"," PAYMENT REFERENCE","LAST 12 DIGITS OF SESSION_ID"
"1","MOBILE PHONE","'000016220308025846000045725447","Fund Transfer (Direct Credit)","Approved or Completed Successfully","100000.00 ","'2022-03-08 02:58:48","FIRST BANK OF NIGERIA PLC","ABIDOYE HAKEEM OLUWAMUYIWA","FBN Mortgages Limited","ABIDOYE HAKEEM OLUWAMUYIWA","0000432432","FBNMOBILE:ABIDOYE HAKEEM OLUWAMUYIW/HOUSE WORK","'637823051261549321","'000045725447"

"SOURCE INSTITUTION SUMMARY >> FIRST BANK OF NIGERIA PLC"
"S/N","TRANSACTION TYPE","TOTAL AMOUNT (N)","TRANSACTION VOLUME"
"1","Fund Transfer (Direct Credit)","100000.00 ","1"

"FULL BILLING SUMMARY "
"S/N","TRANSACTION TYPE","TOTAL AMOUNT (N)","TRANSACTION VOLUME"
"1","Fund Transfer (Direct Credit)","2255200.00 ","3"
