"NIBSS INSTANT PAYMENTS - INWARDS SUCCESSFUL"
"FBN Mortgages Limited"
"TRANSACTION DATE: 2022-03-05 06:00:00 - 2022-03-05 09:59:59"
"GENERATED ON: 2022-03-05"

"SOURCE >> FIRST BANK OF NIGERIA PLC"
"S/N","CHANNEL","SESSION ID","TRANSACTION TYPE","RESPONSE","AMOUNT","TRANSACTION TIME","ORIGINATOR INSTITUTION","ORIGINATOR / BILLER","DESTINATION INSTITUTION","DESTINATION ACCOUNT NAME","DESTINATION ACCOUNT NO","NARRATION"," PAYMENT REFERENCE","LAST 12 DIGITS OF SESSION_ID"
"1","MOBILE PHONE","'000016220305073746000035564023","Fund Transfer (Direct Credit)","Approved or Completed Successfully","30000.00 ","'2022-03-05 07:38:16","FIRST BANK OF NIGERIA PLC","MIKAILU AMINU","FBN Mortgages Limited","MIKAILU AMINU","1000424955","FBNMOBILE:MIKAILU AMINU/THIRTY THOUSAND NAIRA ONLY","'637820626937505600","'000035564023"

"SOURCE INSTITUTION SUMMARY >> FIRST BANK OF NIGERIA PLC"
"S/N","TRANSACTION TYPE","TOTAL AMOUNT (N)","TRANSACTION VOLUME"
"1","Fund Transfer (Direct Credit)","30000.00 ","1"

"FULL BILLING SUMMARY "
"S/N","TRANSACTION TYPE","TOTAL AMOUNT (N)","TRANSACTION VOLUME"
"1","Fund Transfer (Direct Credit)","30000.00 ","1"
