"NIBSS INSTANT PAYMENTS - OUTWARDS REPORT"
"FBN Mortgages Limited"
"TRANSACTION DATE: 2022-03-05 06:00:00 - 2022-03-05 09:59:59"
"GENERATED ON: 2022-03-05"

"DESTINATION >> UNION BANK OF NIGERIA PLC"
"S/N","CHANNEL","SESSION ID","TRANSACTION TYPE","RESPONSE","AMOUNT","TRANSACTION TIME","ORIGINATOR INSTITUTION","ORIGINATOR / BILLER","DESTINATION INSTITUTION","DESTINATION ACCOUNT NAME","DESTINATION ACCOUNT NO","NARRATION"," PAYMENT REFERENCE","LAST 12 DIGITS OF SESSION_ID"
"1","INTERNET BANKING","'090107220305092926899062650627","Fund Transfer (Direct Credit)","Approved or Completed Successfully","2100.00 ","'2022-03-05 09:29:29","FBN Mortgages Limited","SALAU ALADE","UNION BANK OF NIGERIA PLC","ALADE SALAU","0117640204","Union Bank/ALADE SALAU/WebApp: Food, Trf to Union Bank ALADE SALAU","'FTMortgage/NIP/220305092926","'899062650627"

"DESTINATION INSTITUTION SUMMARY >> UNION BANK OF NIGERIA PLC"
"S/N","TRANSACTION TYPE","TOTAL AMOUNT (N)","TRANSACTION VOLUME"
"1","Fund Transfer (Direct Credit)","2100.00 ","1"

"DESTINATION >> FIRST BANK OF NIGERIA PLC"
"S/N","CHANNEL","SESSION ID","TRANSACTION TYPE","RESPONSE","AMOUNT","TRANSACTION TIME","ORIGINATOR INSTITUTION","ORIGINATOR / BILLER","DESTINATION INSTITUTION","DESTINATION ACCOUNT NAME","DESTINATION ACCOUNT NO","NARRATION"," PAYMENT REFERENCE","LAST 12 DIGITS OF SESSION_ID"
"1","INTERNET BANKING","'090107220305061117435719177547","Fund Transfer (Direct Credit)","Approved or Completed Successfully","10000.00 ","'2022-03-05 06:11:20","FBN Mortgages Limited","USMAN CHIKO","FIRST BANK OF NIGERIA PLC","IDRIS USMAN CHIKO","3055674697","First Bank of Nigeria/IDRIS USMAN CHIKO/WebApp: Ft, Trf to First Bank of Nigeria IDRIS USMAN CHIKO","'FTMortgage/NIP/220305061117","'435719177547"
"2","INTERNET BANKING","'090107220305094123679273059536","Fund Transfer (Direct Credit)","Approved or Completed Successfully","55000.00 ","'2022-03-05 09:41:25","FBN Mortgages Limited","YUSUF MOHAMMED OLADIPO AIYEPOLA","FIRST BANK OF NIGERIA PLC","AIYEPOLA YUSUF OLADIPO","3075150979","First Bank of Nigeria/AIYEPOLA YUSUF OLADIPO/WebApp: Trf to First Bank of Nigeria AIYEPOLA YUSUF OL","'FTMortgage/NIP/220305094123","'679273059536"

"DESTINATION INSTITUTION SUMMARY >> FIRST BANK OF NIGERIA PLC"
"S/N","TRANSACTION TYPE","TOTAL AMOUNT (N)","TRANSACTION VOLUME"
"1","Fund Transfer (Direct Credit)","65000.00 ","2"

"DESTINATION >> GUARANTY TRUST BANK PLC"
"S/N","CHANNEL","SESSION ID","TRANSACTION TYPE","RESPONSE","AMOUNT","TRANSACTION TIME","ORIGINATOR INSTITUTION","ORIGINATOR / BILLER","DESTINATION INSTITUTION","DESTINATION ACCOUNT NAME","DESTINATION ACCOUNT NO","NARRATION"," PAYMENT REFERENCE","LAST 12 DIGITS OF SESSION_ID"
"1","INTERNET BANKING","'090107220305084530807127481295","Fund Transfer (Direct Credit)","Approved or Completed Successfully","5000.00 ","'2022-03-05 08:45:33","FBN Mortgages Limited","JUBRIL OLATUNJI LAWAL","GUARANTY TRUST BANK PLC","LAWAL ADENIKE MONSURAH","0009813006","GTBank Plc/LAWAL ADENIKE MONSURAH/WebApp: Jubril, Trf to GTBank Plc LAWAL ADENIKE MONSURAH","'FTMortgage/NIP/220305084530","'807127481295"

"DESTINATION INSTITUTION SUMMARY >> GUARANTY TRUST BANK PLC"
"S/N","TRANSACTION TYPE","TOTAL AMOUNT (N)","TRANSACTION VOLUME"
"1","Fund Transfer (Direct Credit)","5000.00 ","1"

"FULL BILLING SUMMARY "
"S/N","TRANSACTION TYPE","TOTAL AMOUNT (N)","TRANSACTION VOLUME"
"1","Fund Transfer (Direct Credit)","72100.00 ","4"
