"NIBSS INSTANT PAYMENTS - OUTWARDS SUCCESSFUL"
"FBN Mortgages Limited"
"TRANSACTION DATE: 2022-03-09 10:00:00 - 2022-03-09 12:59:59"
"GENERATED ON: 2022-03-09"

"DESTINATION >> GUARANTY TRUST BANK PLC"
"S/N","CHANNEL","SESSION ID","TRANSACTION TYPE","RESPONSE","AMOUNT","TRANSACTION TIME","ORIGINATOR INSTITUTION","ORIGINATOR / BILLER","DESTINATION INSTITUTION","DESTINATION ACCOUNT NAME","DESTINATION ACCOUNT NO","NARRATION"," PAYMENT REFERENCE","LAST 12 DIGITS OF SESSION_ID"
"1","INTERNET BANKING","'090107220309125209059660938660","Fund Transfer (Direct Credit)","Approved or Completed Successfully","30000.00 ","'2022-03-09 12:52:15","FBN Mortgages Limited","NWEKE IFEANYICHUKWU","GUARANTY TRUST BANK PLC","NWEKE IFEANYICHUKWU","0151348205","GTBank Plc/NWEKE IFEANYICHUKWU/WebApp: Okay, Trf to GTBank Plc NWEKE IFEANYICHUKWU","'FTMortgage/NIP/220309125209","'059660938660"

"DESTINATION INSTITUTION SUMMARY >> GUARANTY TRUST BANK PLC"
"S/N","TRANSACTION TYPE","TOTAL AMOUNT (N)","TRANSACTION VOLUME"
"1","Fund Transfer (Direct Credit)","30000.00 ","1"

"FULL BILLING SUMMARY "
"S/N","TRANSACTION TYPE","TOTAL AMOUNT (N)","TRANSACTION VOLUME"
"1","Fund Transfer (Direct Credit)","30000.00 ","1"
