"NIBSS INSTANT PAYMENTS - INWARDS SUCCESSFUL"
"FBN Mortgages Limited"
"TRANSACTION DATE: 2022-03-09 10:00:00 - 2022-03-09 12:59:59"
"GENERATED ON: 2022-03-09"

"SOURCE >> FIRST BANK OF NIGERIA PLC"
"S/N","CHANNEL","SESSION ID","TRANSACTION TYPE","RESPONSE","AMOUNT","TRANSACTION TIME","ORIGINATOR INSTITUTION","ORIGINATOR / BILLER","DESTINATION INSTITUTION","DESTINATION ACCOUNT NAME","DESTINATION ACCOUNT NO","NARRATION"," PAYMENT REFERENCE","LAST 12 DIGITS OF SESSION_ID"
"1","MOBILE PHONE","'000016220309124752000051090791","Fund Transfer (Direct Credit)","Approved or Completed Successfully","1000000.00 ","'2022-03-09 12:47:55","FIRST BANK OF NIGERIA PLC","OLADIRAN STELLA ONANYENLEN","FBN Mortgages Limited","OLADIRAN STELLA ONANYENLEN","1000446805","FBNMOBILE:OLADIRAN STELLA ONANYENLEN/STELLA OLADIRAN","'637824268717727266","'000051090791"

"SOURCE INSTITUTION SUMMARY >> FIRST BANK OF NIGERIA PLC"
"S/N","TRANSACTION TYPE","TOTAL AMOUNT (N)","TRANSACTION VOLUME"
"1","Fund Transfer (Direct Credit)","1000000.00 ","1"

"FULL BILLING SUMMARY "
"S/N","TRANSACTION TYPE","TOTAL AMOUNT (N)","TRANSACTION VOLUME"
"1","Fund Transfer (Direct Credit)","1000000.00 ","1"
