"NIBSS INSTANT PAYMENTS - INWARDS SUCCESSFUL"
"FBN Mortgages Limited"
"TRANSACTION DATE: 2022-03-06 16:00:00 - 2022-03-06 21:59:59"
"GENERATED ON: 2022-03-06"

"SOURCE >> UNITED BANK FOR AFRICA PLC"
"S/N","CHANNEL","SESSION ID","TRANSACTION TYPE","RESPONSE","AMOUNT","TRANSACTION TIME","ORIGINATOR INSTITUTION","ORIGINATOR / BILLER","DESTINATION INSTITUTION","DESTINATION ACCOUNT NAME","DESTINATION ACCOUNT NO","NARRATION"," PAYMENT REFERENCE","LAST 12 DIGITS OF SESSION_ID"
"1","MOBILE PHONE","'000004220306202518533351985411","Fund Transfer (Direct Credit)","Approved or Completed Successfully","100000.00 ","'2022-03-06 20:25:19","UNITED BANK FOR AFRICA PLC","MOHAMMAD KABIR HASSAN","FBN Mortgages Limited","HASSAN MOHAMMED KABIR","1000429895","MOB/MOHAMMAD KABIR HASSAN/UTO/10742285807/090107/February","'10742285807","'533351985411"

"SOURCE INSTITUTION SUMMARY >> UNITED BANK FOR AFRICA PLC"
"S/N","TRANSACTION TYPE","TOTAL AMOUNT (N)","TRANSACTION VOLUME"
"1","Fund Transfer (Direct Credit)","100000.00 ","1"

"SOURCE >> GUARANTY TRUST BANK PLC"
"S/N","CHANNEL","SESSION ID","TRANSACTION TYPE","RESPONSE","AMOUNT","TRANSACTION TIME","ORIGINATOR INSTITUTION","ORIGINATOR / BILLER","DESTINATION INSTITUTION","DESTINATION ACCOUNT NAME","DESTINATION ACCOUNT NO","NARRATION"," PAYMENT REFERENCE","LAST 12 DIGITS OF SESSION_ID"
"1","MOBILE PHONE","'000013220306191621000082887062","Fund Transfer (Direct Credit)","Approved or Completed Successfully","100.00 ","'2022-03-06 19:17:19","GUARANTY TRUST BANK PLC","APEH BENJAMIN SAMUEL","FBN Mortgages Limited","APEH BENJAMIN SAMUEL","1000510544","via GTWORLD","'000082887062","'000082887062"

"SOURCE INSTITUTION SUMMARY >> GUARANTY TRUST BANK PLC"
"S/N","TRANSACTION TYPE","TOTAL AMOUNT (N)","TRANSACTION VOLUME"
"1","Fund Transfer (Direct Credit)","100.00 ","1"

"FULL BILLING SUMMARY "
"S/N","TRANSACTION TYPE","TOTAL AMOUNT (N)","TRANSACTION VOLUME"
"1","Fund Transfer (Direct Credit)","100100.00 ","2"
