"NIBSS INSTANT PAYMENTS - OUTWARDS TXNLOG"
"FBN Mortgages Limited"
"TRANSACTION DATE: 2022-03-06 16:00:00 - 2022-03-06 21:59:59"
"GENERATED ON: 2022-03-06"

"DESTINATION >> FIRST CITY MONUMENT BANK"
"S/N","CHANNEL","SESSION ID","TRANSACTION TYPE","RESPONSE","AMOUNT","TRANSACTION TIME","ORIGINATOR INSTITUTION","ORIGINATOR / BILLER","DESTINATION INSTITUTION","DESTINATION ACCOUNT NAME","DESTINATION ACCOUNT NO","NARRATION"," PAYMENT REFERENCE","LAST 12 DIGITS OF SESSION_ID"
"1","INTERNET BANKING","'090107220306160414227456319224","Fund Transfer (Direct Credit)","Approved or Completed Successfully","14600.00 ","'2022-03-06 16:04:17","FBN Mortgages Limited","LAMIDI ISIAKA ADEOYE","FIRST CITY MONUMENT BANK","ISIAKA ADEOYE LAMIDI","1919907012","First City Monument Bank/ISIAKA ADEOYE LAMIDI/WebApp: Lamidi, Trf to First City Monument Bank ISIAK","'FTMortgage/NIP/220306160414","'227456319224"

"DESTINATION INSTITUTION SUMMARY >> FIRST CITY MONUMENT BANK"
"S/N","TRANSACTION TYPE","TOTAL AMOUNT (N)","TRANSACTION VOLUME"
"1","Fund Transfer (Direct Credit)","14600.00 ","1"

"DESTINATION >> GUARANTY TRUST BANK PLC"
"S/N","CHANNEL","SESSION ID","TRANSACTION TYPE","RESPONSE","AMOUNT","TRANSACTION TIME","ORIGINATOR INSTITUTION","ORIGINATOR / BILLER","DESTINATION INSTITUTION","DESTINATION ACCOUNT NAME","DESTINATION ACCOUNT NO","NARRATION"," PAYMENT REFERENCE","LAST 12 DIGITS OF SESSION_ID"
"1","INTERNET BANKING","'090107220306195735933603683497","Fund Transfer (Direct Credit)","Approved or Completed Successfully","2500.00 ","'2022-03-06 19:57:39","FBN Mortgages Limited","FADARE MODINAT ADERONKE","GUARANTY TRUST BANK PLC","FATUROTI OLUGBENGA OLUSEUN","0118283385","GTBank Plc/FATUROTI OLUGBENGA OLUSEUN/WebApp: Drinks, Trf to GTBank Plc FATUROTI OLUGBENGA OLUSEUN","'FTMortgage/NIP/220306195735","'933603683497"
"2","INTERNET BANKING","'090107220306204327697935973686","Fund Transfer (Direct Credit)","Approved or Completed Successfully","100000.00 ","'2022-03-06 20:43:30","FBN Mortgages Limited","WEMIMO CORNELIUS AINA","GUARANTY TRUST BANK PLC","AINA WEMIMO CORNELIUS","0210628394","GTBank Plc/AINA WEMIMO CORNELIUS/WebApp: Trf to GTBank Plc AINA WEMIMO CORNELIUS","'FTMortgage/NIP/220306204327","'697935973686"

"DESTINATION INSTITUTION SUMMARY >> GUARANTY TRUST BANK PLC"
"S/N","TRANSACTION TYPE","TOTAL AMOUNT (N)","TRANSACTION VOLUME"
"1","Fund Transfer (Direct Credit)","102500.00 ","2"

"FULL BILLING SUMMARY "
"S/N","TRANSACTION TYPE","TOTAL AMOUNT (N)","TRANSACTION VOLUME"
"1","Fund Transfer (Direct Credit)","117100.00 ","3"
