"NIBSS INSTANT PAYMENTS - INWARDS TXNLOG"
"FBN Mortgages Limited"
"TRANSACTION DATE: 2022-03-09 06:00:00 - 2022-03-09 09:59:59"
"GENERATED ON: 2022-03-09"

"SOURCE >> ECOBANK NIGERIA PLC"
"S/N","CHANNEL","SESSION ID","TRANSACTION TYPE","RESPONSE","AMOUNT","TRANSACTION TIME","ORIGINATOR INSTITUTION","ORIGINATOR / BILLER","DESTINATION INSTITUTION","DESTINATION ACCOUNT NAME","DESTINATION ACCOUNT NO","NARRATION"," PAYMENT REFERENCE","LAST 12 DIGITS OF SESSION_ID"
"1","MOBILE PHONE","'000010220309064126111211810239","Fund Transfer (Direct Credit)","Beneficiary Bank Not Available","7000.00 ","'2022-03-09 07:41:26","ECOBANK NIGERIA PLC","AMBROSE ODIMMA","FBN Mortgages Limited","Lazarus Oliver sunday","3063001630","REF2660995660 BO AMBROSE ODIMMA IFO Lazarus Olive","'2660995660","'111211810239"

"SOURCE INSTITUTION SUMMARY >> ECOBANK NIGERIA PLC"
"S/N","TRANSACTION TYPE","TOTAL AMOUNT (N)","TRANSACTION VOLUME"
"1","Fund Transfer (Direct Credit)","7000.00 ","1"

"FULL BILLING SUMMARY "
"S/N","TRANSACTION TYPE","TOTAL AMOUNT (N)","TRANSACTION VOLUME"
"1","Fund Transfer (Direct Credit)","7000.00 ","1"
