"NIBSS INSTANT PAYMENTS - INWARDS REPORT"
"FBN Mortgages Limited"
"TRANSACTION DATE: 2022-03-05 13:00:00 - 2022-03-05 15:59:59"
"GENERATED ON: 2022-03-05"

"SOURCE >> ACCESS BANK PLC"
"S/N","CHANNEL","SESSION ID","TRANSACTION TYPE","RESPONSE","AMOUNT","TRANSACTION TIME","ORIGINATOR INSTITUTION","ORIGINATOR / BILLER","DESTINATION INSTITUTION","DESTINATION ACCOUNT NAME","DESTINATION ACCOUNT NO","NARRATION"," PAYMENT REFERENCE","LAST 12 DIGITS OF SESSION_ID"
"1","MOBILE PHONE","'000014220305154602279960503363","Fund Transfer (Direct Credit)","Beneficiary Bank Not Available","36200.00 ","'2022-03-05 15:46:02","ACCESS BANK PLC","ESSIEN IMELDA ANTHONY-105-DIAMONDXTRA","FBN Mortgages Limited","ESSIEN IMELDA ANTHONY","1000327977","TRFThirty six thousand nairaFRM ESSIEN IMELDA ANTHONY TO ESSIEN IMELDA ANTHONY","'000014220305154521235371799949","'279960503363"

"SOURCE INSTITUTION SUMMARY >> ACCESS BANK PLC"
"S/N","TRANSACTION TYPE","TOTAL AMOUNT (N)","TRANSACTION VOLUME"
"1","Fund Transfer (Direct Credit)","36200.00 ","1"

"FULL BILLING SUMMARY "
"S/N","TRANSACTION TYPE","TOTAL AMOUNT (N)","TRANSACTION VOLUME"
"1","Fund Transfer (Direct Credit)","36200.00 ","1"
