"NIBSS INSTANT PAYMENTS - OUTWARDS REPORT"
"FBN Mortgages Limited"
"TRANSACTION DATE: 2022-03-05 13:00:00 - 2022-03-05 15:59:59"
"GENERATED ON: 2022-03-05"

"DESTINATION >> FIRST BANK OF NIGERIA PLC"
"S/N","CHANNEL","SESSION ID","TRANSACTION TYPE","RESPONSE","AMOUNT","TRANSACTION TIME","ORIGINATOR INSTITUTION","ORIGINATOR / BILLER","DESTINATION INSTITUTION","DESTINATION ACCOUNT NAME","DESTINATION ACCOUNT NO","NARRATION"," PAYMENT REFERENCE","LAST 12 DIGITS OF SESSION_ID"
"1","BANK TELLER","'090107220305135942955995033493","Fund Transfer (Direct Credit)","Approved or Completed Successfully","20000.00 ","'2022-03-05 13:59:44","FBN Mortgages Limited","OGUNDARE YEMI ALADE","FIRST BANK OF NIGERIA PLC","AYANYEMI OLUWAREMILEKUN AYOBAMI","3026353875","First Bank of Nigeria/AYANYEMI OLUWAREMILEKUN AYOBAMI/Fidelity withdrawal","'FBNMortgage/NIP/220305135942","'955995033493"

"DESTINATION INSTITUTION SUMMARY >> FIRST BANK OF NIGERIA PLC"
"S/N","TRANSACTION TYPE","TOTAL AMOUNT (N)","TRANSACTION VOLUME"
"1","Fund Transfer (Direct Credit)","20000.00 ","1"

"FULL BILLING SUMMARY "
"S/N","TRANSACTION TYPE","TOTAL AMOUNT (N)","TRANSACTION VOLUME"
"1","Fund Transfer (Direct Credit)","20000.00 ","1"
