"NIBSS INSTANT PAYMENTS - INWARDS TXNLOG"
"FBN Mortgages Limited"
"TRANSACTION DATE: 2022-03-04 13:00:00 - 2022-03-04 15:59:59"
"GENERATED ON: 2022-03-04"

"SOURCE >> UNITED BANK FOR AFRICA PLC"
"S/N","CHANNEL","SESSION ID","TRANSACTION TYPE","RESPONSE","AMOUNT","TRANSACTION TIME","ORIGINATOR INSTITUTION","ORIGINATOR / BILLER","DESTINATION INSTITUTION","DESTINATION ACCOUNT NAME","DESTINATION ACCOUNT NO","NARRATION"," PAYMENT REFERENCE","LAST 12 DIGITS OF SESSION_ID"
"1","MOBILE PHONE","'000004220304153625550825366836","Fund Transfer (Direct Credit)","Approved or Completed Successfully","30000.00 ","'2022-03-04 15:37:33","UNITED BANK FOR AFRICA PLC","OSIMOKUN TEMITOPE","FBN Mortgages Limited","OSIMOKUN TEMITOPE OMOTAYO","1000572973","MOB/OSIMOKUN TEMITOPE/UTO/10717882902/090107/Mortgage","'10717882902","'550825366836"

"SOURCE INSTITUTION SUMMARY >> UNITED BANK FOR AFRICA PLC"
"S/N","TRANSACTION TYPE","TOTAL AMOUNT (N)","TRANSACTION VOLUME"
"1","Fund Transfer (Direct Credit)","30000.00 ","1"

"SOURCE >> GUARANTY TRUST BANK PLC"
"S/N","CHANNEL","SESSION ID","TRANSACTION TYPE","RESPONSE","AMOUNT","TRANSACTION TIME","ORIGINATOR INSTITUTION","ORIGINATOR / BILLER","DESTINATION INSTITUTION","DESTINATION ACCOUNT NAME","DESTINATION ACCOUNT NO","NARRATION"," PAYMENT REFERENCE","LAST 12 DIGITS OF SESSION_ID"
"1","MOBILE PHONE","'000013220304152212000078830020","Fund Transfer (Direct Credit)","Beneficiary Bank Not Available","3000000.00 ","'2022-03-04 15:23:16","GUARANTY TRUST BANK PLC","IKPE ETOP","FBN Mortgages Limited","ETOP IKPE","1000588570","via GTWORLD Mortgage","'000078830020","'000078830020"
"2","MOBILE PHONE","'000013220304153051000078853568","Fund Transfer (Direct Credit)","Approved or Completed Successfully","3000000.00 ","'2022-03-04 15:31:54","GUARANTY TRUST BANK PLC","IKPE ETOPIKPE ETOP","FBN Mortgages Limited","ETOP IKPE","1000588570","via GTWORLD","'000078853568","'000078853568"

"SOURCE INSTITUTION SUMMARY >> GUARANTY TRUST BANK PLC"
"S/N","TRANSACTION TYPE","TOTAL AMOUNT (N)","TRANSACTION VOLUME"
"1","Fund Transfer (Direct Credit)","6000000.00 ","2"

"FULL BILLING SUMMARY "
"S/N","TRANSACTION TYPE","TOTAL AMOUNT (N)","TRANSACTION VOLUME"
"1","Fund Transfer (Direct Credit)","6030000.00 ","3"
