"NIBSS INSTANT PAYMENTS - OUTWARDS REPORT"
"FBN Mortgages Limited"
"TRANSACTION DATE: 2022-03-04 13:00:00 - 2022-03-04 15:59:59"
"GENERATED ON: 2022-03-04"

"DESTINATION >> FIRST BANK OF NIGERIA PLC"
"S/N","CHANNEL","SESSION ID","TRANSACTION TYPE","RESPONSE","AMOUNT","TRANSACTION TIME","ORIGINATOR INSTITUTION","ORIGINATOR / BILLER","DESTINATION INSTITUTION","DESTINATION ACCOUNT NAME","DESTINATION ACCOUNT NO","NARRATION"," PAYMENT REFERENCE","LAST 12 DIGITS OF SESSION_ID"
"1","BANK TELLER","'090107220304152926665766778211","Fund Transfer (Direct Credit)","Approved or Completed Successfully","20000.00 ","'2022-03-04 15:29:49","FBN Mortgages Limited","OGUNDARE YEMI ALADE","FIRST BANK OF NIGERIA PLC","MUKAILA MUTIU OLAMILEKAN","3106091532","First Bank of Nigeria/MUKAILA MUTIU OLAMILEKAN/Soakaway","'FBNMortgage/NIP/220304152926","'665766778211"

"DESTINATION INSTITUTION SUMMARY >> FIRST BANK OF NIGERIA PLC"
"S/N","TRANSACTION TYPE","TOTAL AMOUNT (N)","TRANSACTION VOLUME"
"1","Fund Transfer (Direct Credit)","20000.00 ","1"

"DESTINATION >> GUARANTY TRUST BANK PLC"
"S/N","CHANNEL","SESSION ID","TRANSACTION TYPE","RESPONSE","AMOUNT","TRANSACTION TIME","ORIGINATOR INSTITUTION","ORIGINATOR / BILLER","DESTINATION INSTITUTION","DESTINATION ACCOUNT NAME","DESTINATION ACCOUNT NO","NARRATION"," PAYMENT REFERENCE","LAST 12 DIGITS OF SESSION_ID"
"1","BANK TELLER","'090107220304152415361872760669","Fund Transfer (Direct Credit)","Approved or Completed Successfully","5000.00 ","'2022-03-04 15:24:18","FBN Mortgages Limited","OGUNDARE YEMI ALADE","GUARANTY TRUST BANK PLC","AJAYI MOYINOLUWA GABRIEL","0005909831","GTBank Plc/AJAYI MOYINOLUWA GABRIEL/Fuel","'FBNMortgage/NIP/220304152415","'361872760669"

"DESTINATION INSTITUTION SUMMARY >> GUARANTY TRUST BANK PLC"
"S/N","TRANSACTION TYPE","TOTAL AMOUNT (N)","TRANSACTION VOLUME"
"1","Fund Transfer (Direct Credit)","5000.00 ","1"

"FULL BILLING SUMMARY "
"S/N","TRANSACTION TYPE","TOTAL AMOUNT (N)","TRANSACTION VOLUME"
"1","Fund Transfer (Direct Credit)","25000.00 ","2"
