"NIBSS INSTANT PAYMENTS - INWARDS SUCCESSFUL"
"FBN Mortgages Limited"
"TRANSACTION DATE: 2022-02-28 22:00:00 - 2022-03-01 05:59:59"
"GENERATED ON: 2022-03-01"

"SOURCE >> FIDELITY BANK PLC"
"S/N","CHANNEL","SESSION ID","TRANSACTION TYPE","RESPONSE","AMOUNT","TRANSACTION TIME","ORIGINATOR INSTITUTION","ORIGINATOR / BILLER","DESTINATION INSTITUTION","DESTINATION ACCOUNT NAME","DESTINATION ACCOUNT NO","NARRATION"," PAYMENT REFERENCE","LAST 12 DIGITS OF SESSION_ID"
"1","INTERNET BANKING","'000007220228222327528088189662","Fund Transfer (Direct Credit)","Approved or Completed Successfully","150000.00 ","'2022-02-28 22:23:28","FIDELITY BANK PLC","DANIELS ADEOLA OLUWASEYI","FBN Mortgages Limited","DANIELS ADEOLA","1000485978","ONB TRF FROM DANIELS AD **3988 FBP","'ONB22022810232703694","'528088189662"

"SOURCE INSTITUTION SUMMARY >> FIDELITY BANK PLC"
"S/N","TRANSACTION TYPE","TOTAL AMOUNT (N)","TRANSACTION VOLUME"
"1","Fund Transfer (Direct Credit)","150000.00 ","1"

"SOURCE >> FIRST BANK OF NIGERIA PLC"
"S/N","CHANNEL","SESSION ID","TRANSACTION TYPE","RESPONSE","AMOUNT","TRANSACTION TIME","ORIGINATOR INSTITUTION","ORIGINATOR / BILLER","DESTINATION INSTITUTION","DESTINATION ACCOUNT NAME","DESTINATION ACCOUNT NO","NARRATION"," PAYMENT REFERENCE","LAST 12 DIGITS OF SESSION_ID"
"1","MOBILE PHONE","'000016220228222607000019772987","Fund Transfer (Direct Credit)","Approved or Completed Successfully","320000.00 ","'2022-02-28 22:26:10","FIRST BANK OF NIGERIA PLC","DAMISAH TANIMOLA LEVIN","FBN Mortgages Limited","DAMISAH LEVIN TANIMOLA","0000527017","FBNMOBILE:DAMISAH LEVIN TANIMOLA/MONTHLY CONTRIBUTION","'637816839672312410","'000019772987"

"SOURCE INSTITUTION SUMMARY >> FIRST BANK OF NIGERIA PLC"
"S/N","TRANSACTION TYPE","TOTAL AMOUNT (N)","TRANSACTION VOLUME"
"1","Fund Transfer (Direct Credit)","320000.00 ","1"

"SOURCE >> GUARANTY TRUST BANK PLC"
"S/N","CHANNEL","SESSION ID","TRANSACTION TYPE","RESPONSE","AMOUNT","TRANSACTION TIME","ORIGINATOR INSTITUTION","ORIGINATOR / BILLER","DESTINATION INSTITUTION","DESTINATION ACCOUNT NAME","DESTINATION ACCOUNT NO","NARRATION"," PAYMENT REFERENCE","LAST 12 DIGITS OF SESSION_ID"
"1","MOBILE PHONE","'000013220228234355000070888743","Fund Transfer (Direct Credit)","Approved or Completed Successfully","59000.00 ","'2022-02-28 23:44:26","GUARANTY TRUST BANK PLC","FALAYE BOLURIN OLADIPO","FBN Mortgages Limited","FALAYE BOLURIN OLADIPO","1000443983","via GTWORLD","'000070888743","'000070888743"

"SOURCE INSTITUTION SUMMARY >> GUARANTY TRUST BANK PLC"
"S/N","TRANSACTION TYPE","TOTAL AMOUNT (N)","TRANSACTION VOLUME"
"1","Fund Transfer (Direct Credit)","59000.00 ","1"

"FULL BILLING SUMMARY "
"S/N","TRANSACTION TYPE","TOTAL AMOUNT (N)","TRANSACTION VOLUME"
"1","Fund Transfer (Direct Credit)","529000.00 ","3"
