"NIBSS INSTANT PAYMENTS - OUTWARDS TXNLOG"
"FBN Mortgages Limited"
"TRANSACTION DATE: 2022-02-28 22:00:00 - 2022-03-01 05:59:59"
"GENERATED ON: 2022-03-01"

"DESTINATION >> GUARANTY TRUST BANK PLC"
"S/N","CHANNEL","SESSION ID","TRANSACTION TYPE","RESPONSE","AMOUNT","TRANSACTION TIME","ORIGINATOR INSTITUTION","ORIGINATOR / BILLER","DESTINATION INSTITUTION","DESTINATION ACCOUNT NAME","DESTINATION ACCOUNT NO","NARRATION"," PAYMENT REFERENCE","LAST 12 DIGITS OF SESSION_ID"
"1","INTERNET BANKING","'090107220228231149192771605713","Fund Transfer (Direct Credit)","Approved or Completed Successfully","20000.00 ","'2022-02-28 23:11:52","FBN Mortgages Limited","OLAMIDE TARAOLUWA ADESANYA","GUARANTY TRUST BANK PLC","ADESANYA OLAMIDE TARAOLUWA","0113362564","GTBank Plc/ADESANYA OLAMIDE TARAOLUWA/WebApp: Trf to GTBank Plc ADESANYA OLAMIDE TARAOLUWA","'FTMortgage/NIP/220228231149","'192771605713"

"DESTINATION INSTITUTION SUMMARY >> GUARANTY TRUST BANK PLC"
"S/N","TRANSACTION TYPE","TOTAL AMOUNT (N)","TRANSACTION VOLUME"
"1","Fund Transfer (Direct Credit)","20000.00 ","1"

"FULL BILLING SUMMARY "
"S/N","TRANSACTION TYPE","TOTAL AMOUNT (N)","TRANSACTION VOLUME"
"1","Fund Transfer (Direct Credit)","20000.00 ","1"
