"NIBSS INSTANT PAYMENTS - OUTWARDS REPORT"
"FBN Mortgages Limited"
"TRANSACTION DATE: 2022-03-07 10:00:00 - 2022-03-07 12:59:59"
"GENERATED ON: 2022-03-07"

"DESTINATION >> WEMA BANK PLC"
"S/N","CHANNEL","SESSION ID","TRANSACTION TYPE","RESPONSE","AMOUNT","TRANSACTION TIME","ORIGINATOR INSTITUTION","ORIGINATOR / BILLER","DESTINATION INSTITUTION","DESTINATION ACCOUNT NAME","DESTINATION ACCOUNT NO","NARRATION"," PAYMENT REFERENCE","LAST 12 DIGITS OF SESSION_ID"
"1","INTERNET BANKING","'090107220307122758704981059465","Fund Transfer (Direct Credit)","Approved or Completed Successfully","100000.00 ","'2022-03-07 12:28:02","FBN Mortgages Limited","OLUSOLA KENNY-ISRAEL AJIBADE","WEMA BANK PLC","OLUSOLA KENNY-ISRAEL AJIBADE","0247052721","Wema Bank/OLUSOLA KENNY-ISRAEL AJIBADE/WebApp: Trf to Wema Bank OLUSOLA KENNY-ISRAEL AJIBADE","'FTMortgage/NIP/220307122758","'704981059465"

"DESTINATION INSTITUTION SUMMARY >> WEMA BANK PLC"
"S/N","TRANSACTION TYPE","TOTAL AMOUNT (N)","TRANSACTION VOLUME"
"1","Fund Transfer (Direct Credit)","100000.00 ","1"

"DESTINATION >> FIRST BANK OF NIGERIA PLC"
"S/N","CHANNEL","SESSION ID","TRANSACTION TYPE","RESPONSE","AMOUNT","TRANSACTION TIME","ORIGINATOR INSTITUTION","ORIGINATOR / BILLER","DESTINATION INSTITUTION","DESTINATION ACCOUNT NAME","DESTINATION ACCOUNT NO","NARRATION"," PAYMENT REFERENCE","LAST 12 DIGITS OF SESSION_ID"
"1","INTERNET BANKING","'090107220307101600056708708694","Fund Transfer (Direct Credit)","Approved or Completed Successfully","5000.00 ","'2022-03-07 10:16:03","FBN Mortgages Limited","BOLAJI BODUNRIN RICHARD","FIRST BANK OF NIGERIA PLC","BOLAJI RICHARD BODUNRIN","3045253518","First Bank of Nigeria/BOLAJI RICHARD BODUNRIN/WebApp: Self, Trf to First Bank of Nigeria BOLAJI RIC","'FTMortgage/NIP/220307101600","'056708708694"
"2","BANK TELLER","'090107220307115649294488690200","Fund Transfer (Direct Credit)","Approved or Completed Successfully","2600.00 ","'2022-03-07 11:56:53","FBN Mortgages Limited","OGUNDARE YEMI ALADE","FIRST BANK OF NIGERIA PLC","DISU DAMILOLA NURAT","3083857422","First Bank of Nigeria/DISU DAMILOLA NURAT/Fruit","'FBNMortgage/NIP/220307115649","'294488690200"

"DESTINATION INSTITUTION SUMMARY >> FIRST BANK OF NIGERIA PLC"
"S/N","TRANSACTION TYPE","TOTAL AMOUNT (N)","TRANSACTION VOLUME"
"1","Fund Transfer (Direct Credit)","7600.00 ","2"

"DESTINATION >> FIRST CITY MONUMENT BANK"
"S/N","CHANNEL","SESSION ID","TRANSACTION TYPE","RESPONSE","AMOUNT","TRANSACTION TIME","ORIGINATOR INSTITUTION","ORIGINATOR / BILLER","DESTINATION INSTITUTION","DESTINATION ACCOUNT NAME","DESTINATION ACCOUNT NO","NARRATION"," PAYMENT REFERENCE","LAST 12 DIGITS OF SESSION_ID"
"1","BANK TELLER","'090107220307104838760579254038","Fund Transfer (Direct Credit)","Approved or Completed Successfully","5000000.00 ","'2022-03-07 11:00:24","FBN Mortgages Limited","C24 LIMITED","FIRST CITY MONUMENT BANK","C24 LIMITED","3290557011","First City Monument Bank/C24 LIMITED/TRF IFO C24 LIMITED","'FBNMortgage/NIP/220307104838","'760579254038"
"2","BANK TELLER","'090107220307104658381411602784","Fund Transfer (Direct Credit)","Approved or Completed Successfully","5000000.00 ","'2022-03-07 11:00:25","FBN Mortgages Limited","C24 LIMITED","FIRST CITY MONUMENT BANK","C24 LIMITED","3290557011","First City Monument Bank/C24 LIMITED/TRF IFO C24 LIMITED","'FBNMortgage/NIP/220307104658","'381411602784"
"3","BANK TELLER","'090107220307104756843063995708","Fund Transfer (Direct Credit)","Approved or Completed Successfully","5000000.00 ","'2022-03-07 11:04:26","FBN Mortgages Limited","C24 LIMITED","FIRST CITY MONUMENT BANK","C24 LIMITED","3290557011","First City Monument Bank/C24 LIMITED/TRF IFO C24 LIMITED","'FBNMortgage/NIP/220307104756","'843063995708"

"DESTINATION INSTITUTION SUMMARY >> FIRST CITY MONUMENT BANK"
"S/N","TRANSACTION TYPE","TOTAL AMOUNT (N)","TRANSACTION VOLUME"
"1","Fund Transfer (Direct Credit)","15000000.00 ","3"

"FULL BILLING SUMMARY "
"S/N","TRANSACTION TYPE","TOTAL AMOUNT (N)","TRANSACTION VOLUME"
"1","Fund Transfer (Direct Credit)","15107600.00 ","6"
