"NIBSS INSTANT PAYMENTS - INWARDS REPORT"
"FBN Mortgages Limited"
"TRANSACTION DATE: 2022-03-07 10:00:00 - 2022-03-07 12:59:59"
"GENERATED ON: 2022-03-07"

"SOURCE >> UNITED BANK FOR AFRICA PLC"
"S/N","CHANNEL","SESSION ID","TRANSACTION TYPE","RESPONSE","AMOUNT","TRANSACTION TIME","ORIGINATOR INSTITUTION","ORIGINATOR / BILLER","DESTINATION INSTITUTION","DESTINATION ACCOUNT NAME","DESTINATION ACCOUNT NO","NARRATION"," PAYMENT REFERENCE","LAST 12 DIGITS OF SESSION_ID"
"1","INTERNET BANKING","'000004220307100024200143532248","Fund Transfer (Direct Credit)","Approved or Completed Successfully","47000.00 ","'2022-03-07 10:00:27","UNITED BANK FOR AFRICA PLC","AYOKO TEMITOPE OLUDARE","FBN Mortgages Limited","TEMITOPE OLUDARE AYOKO","1000478563","TUD IBG/UTO/Tope ayoko/AYOKO/TEMITOPE OLU","'200143532248","'200143532248"
"2","BANK TELLER","'000004220307110433005087121351","Fund Transfer (Direct Credit)","Approved or Completed Successfully","75200.00 ","'2022-03-07 11:06:29","UNITED BANK FOR AFRICA PLC","SALAMATU A ISAWA","FBN Mortgages Limited","SALAMATU ABBA ISAWA","1000566527","TRF IFO SALAMATU ABBA ISAWA","'NA","'005087121351"

"SOURCE INSTITUTION SUMMARY >> UNITED BANK FOR AFRICA PLC"
"S/N","TRANSACTION TYPE","TOTAL AMOUNT (N)","TRANSACTION VOLUME"
"1","Fund Transfer (Direct Credit)","122200.00 ","2"

"SOURCE >> GUARANTY TRUST BANK PLC"
"S/N","CHANNEL","SESSION ID","TRANSACTION TYPE","RESPONSE","AMOUNT","TRANSACTION TIME","ORIGINATOR INSTITUTION","ORIGINATOR / BILLER","DESTINATION INSTITUTION","DESTINATION ACCOUNT NAME","DESTINATION ACCOUNT NO","NARRATION"," PAYMENT REFERENCE","LAST 12 DIGITS OF SESSION_ID"
"1","MOBILE PHONE","'000013220307113217000083770434","Fund Transfer (Direct Credit)","Invalid Transaction","367795.98 ","'2022-03-07 11:33:26","GUARANTY TRUST BANK PLC","IMIEWARIN AIDE MICHAEL","FBN Mortgages Limited","","1000372070","PayforProperty2022AnnualInsurancePremium REF503581525000367795982203071131","'000083770434","'000083770434"
"2","MOBILE PHONE","'000013220307114007000083788608","Fund Transfer (Direct Credit)","Approved or Completed Successfully","367795.98 ","'2022-03-07 11:41:15","GUARANTY TRUST BANK PLC","IMIEWARIN AIDE MICHAEL","FBN Mortgages Limited","IMIEWARIN AIDE MICHAEL","1000372070","Paymentfor2022AnnualPropertyInsurancePremium REF503581525000367795982203071139","'000083788608","'000083788608"

"SOURCE INSTITUTION SUMMARY >> GUARANTY TRUST BANK PLC"
"S/N","TRANSACTION TYPE","TOTAL AMOUNT (N)","TRANSACTION VOLUME"
"1","Fund Transfer (Direct Credit)","735591.96 ","2"

"FULL BILLING SUMMARY "
"S/N","TRANSACTION TYPE","TOTAL AMOUNT (N)","TRANSACTION VOLUME"
"1","Fund Transfer (Direct Credit)","857791.96 ","4"
