"NIBSS INSTANT PAYMENTS - INWARDS REPORT"
"FBN Mortgages Limited"
"TRANSACTION DATE: 2022-03-12 13:00:00 - 2022-03-12 15:59:59"
"GENERATED ON: 2022-03-12"

"SOURCE >> GUARANTY TRUST BANK PLC"
"S/N","CHANNEL","SESSION ID","TRANSACTION TYPE","RESPONSE","AMOUNT","TRANSACTION TIME","ORIGINATOR INSTITUTION","ORIGINATOR / BILLER","DESTINATION INSTITUTION","DESTINATION ACCOUNT NAME","DESTINATION ACCOUNT NO","NARRATION"," PAYMENT REFERENCE","LAST 12 DIGITS OF SESSION_ID"
"1","MOBILE PHONE","'000013220312142009000093908212","Fund Transfer (Direct Credit)","Invalid Transaction","100000.00 ","'2022-03-12 14:20:16","GUARANTY TRUST BANK PLC","MBUSU JULIANA IFEYINWA","FBN Mortgages Limited","","1000377594","Repayment REF396330693000100000002203121419","'000093908212","'000093908212"
"2","MOBILE PHONE","'000013220312142008000093909154","Fund Transfer (Direct Credit)","Timeout waiting for response from Destination","100000.00 ","'2022-03-12 14:20:44","GUARANTY TRUST BANK PLC","MBUSU JULIANA IFEYINWAMBUSU, JULIANA IFEYINWA","FBN Mortgages Limited","CHUKWU JULIANA IFEYINWA","1000377594","Repayment REF396330693000100000002203121420","'000093909154","'000093909154"

"SOURCE INSTITUTION SUMMARY >> GUARANTY TRUST BANK PLC"
"S/N","TRANSACTION TYPE","TOTAL AMOUNT (N)","TRANSACTION VOLUME"
"1","Fund Transfer (Direct Credit)","200000.00 ","2"

"FULL BILLING SUMMARY "
"S/N","TRANSACTION TYPE","TOTAL AMOUNT (N)","TRANSACTION VOLUME"
"1","Fund Transfer (Direct Credit)","200000.00 ","2"
