"NIBSS INSTANT PAYMENTS - OUTWARDS REPORT"
"FBN Mortgages Limited"
"TRANSACTION DATE: 2022-03-12 13:00:00 - 2022-03-12 15:59:59"
"GENERATED ON: 2022-03-12"

"DESTINATION >> ACCESS BANK PLC"
"S/N","CHANNEL","SESSION ID","TRANSACTION TYPE","RESPONSE","AMOUNT","TRANSACTION TIME","ORIGINATOR INSTITUTION","ORIGINATOR / BILLER","DESTINATION INSTITUTION","DESTINATION ACCOUNT NAME","DESTINATION ACCOUNT NO","NARRATION"," PAYMENT REFERENCE","LAST 12 DIGITS OF SESSION_ID"
"1","INTERNET BANKING","'090107220312150031854465198494","Fund Transfer (Direct Credit)","Approved or Completed Successfully","20000.00 ","'2022-03-12 15:00:33","FBN Mortgages Limited","MBAH CHINENYE NKECHI","ACCESS BANK PLC","CHINENYE NKECHI MBAH","0056606117","Access Bank/CHINENYE NKECHI MBAH/WebApp: Trf to Access Bank CHINENYE NKECHI MBAH","'FTMortgage/NIP/220312150031","'854465198494"

"DESTINATION INSTITUTION SUMMARY >> ACCESS BANK PLC"
"S/N","TRANSACTION TYPE","TOTAL AMOUNT (N)","TRANSACTION VOLUME"
"1","Fund Transfer (Direct Credit)","20000.00 ","1"

"DESTINATION >> FIDELITY BANK PLC"
"S/N","CHANNEL","SESSION ID","TRANSACTION TYPE","RESPONSE","AMOUNT","TRANSACTION TIME","ORIGINATOR INSTITUTION","ORIGINATOR / BILLER","DESTINATION INSTITUTION","DESTINATION ACCOUNT NAME","DESTINATION ACCOUNT NO","NARRATION"," PAYMENT REFERENCE","LAST 12 DIGITS OF SESSION_ID"
"1","INTERNET BANKING","'090107220312135958238318389338","Fund Transfer (Direct Credit)","Approved or Completed Successfully","3000.00 ","'2022-03-12 14:00:00","FBN Mortgages Limited","LOVETH MARCUS NKIRUKA","FIDELITY BANK PLC","NDUBUISI HENRY MARCUS","6323048829","Fidelity Bank/NDUBUISI HENRY MARCUS/WebApp: Ezinne sim, Trf to Fidelity Bank NDUBUISI HENRY MARCUS","'FTMortgage/NIP/220312135958","'238318389338"

"DESTINATION INSTITUTION SUMMARY >> FIDELITY BANK PLC"
"S/N","TRANSACTION TYPE","TOTAL AMOUNT (N)","TRANSACTION VOLUME"
"1","Fund Transfer (Direct Credit)","3000.00 ","1"

"DESTINATION >> FIRST BANK OF NIGERIA PLC"
"S/N","CHANNEL","SESSION ID","TRANSACTION TYPE","RESPONSE","AMOUNT","TRANSACTION TIME","ORIGINATOR INSTITUTION","ORIGINATOR / BILLER","DESTINATION INSTITUTION","DESTINATION ACCOUNT NAME","DESTINATION ACCOUNT NO","NARRATION"," PAYMENT REFERENCE","LAST 12 DIGITS OF SESSION_ID"
"1","INTERNET BANKING","'090107220312143256943053131640","Fund Transfer (Direct Credit)","Approved or Completed Successfully","15000.00 ","'2022-03-12 14:33:00","FBN Mortgages Limited","YUSUF MOHAMMED OLADIPO AIYEPOLA","FIRST BANK OF NIGERIA PLC","AIYEPOLA YUSUF OLADIPO","3075150979","First Bank of Nigeria/AIYEPOLA YUSUF OLADIPO/WebApp: Trf to First Bank of Nigeria AIYEPOLA YUSUF OL","'FTMortgage/NIP/220312143256","'943053131640"

"DESTINATION INSTITUTION SUMMARY >> FIRST BANK OF NIGERIA PLC"
"S/N","TRANSACTION TYPE","TOTAL AMOUNT (N)","TRANSACTION VOLUME"
"1","Fund Transfer (Direct Credit)","15000.00 ","1"

"DESTINATION >> GUARANTY TRUST BANK PLC"
"S/N","CHANNEL","SESSION ID","TRANSACTION TYPE","RESPONSE","AMOUNT","TRANSACTION TIME","ORIGINATOR INSTITUTION","ORIGINATOR / BILLER","DESTINATION INSTITUTION","DESTINATION ACCOUNT NAME","DESTINATION ACCOUNT NO","NARRATION"," PAYMENT REFERENCE","LAST 12 DIGITS OF SESSION_ID"
"1","INTERNET BANKING","'090107220312131637396118462858","Fund Transfer (Direct Credit)","Approved or Completed Successfully","50.00 ","'2022-03-12 13:16:39","FBN Mortgages Limited","ALAGBU UGOCHUKWU","GUARANTY TRUST BANK PLC","ALAGBU UGOCHUKWU","0118061439","GTBank Plc/ALAGBU UGOCHUKWU/WebApp: Test, Trf to GTBank Plc ALAGBU UGOCHUKWU","'FTMortgage/NIP/220312131637","'396118462858"

"DESTINATION INSTITUTION SUMMARY >> GUARANTY TRUST BANK PLC"
"S/N","TRANSACTION TYPE","TOTAL AMOUNT (N)","TRANSACTION VOLUME"
"1","Fund Transfer (Direct Credit)","50.00 ","1"

"DESTINATION >> Providus Bank "
"S/N","CHANNEL","SESSION ID","TRANSACTION TYPE","RESPONSE","AMOUNT","TRANSACTION TIME","ORIGINATOR INSTITUTION","ORIGINATOR / BILLER","DESTINATION INSTITUTION","DESTINATION ACCOUNT NAME","DESTINATION ACCOUNT NO","NARRATION"," PAYMENT REFERENCE","LAST 12 DIGITS OF SESSION_ID"
"1","INTERNET BANKING","'090107220312154324561660360310","Fund Transfer (Direct Credit)","Approved or Completed Successfully","5000.00 ","'2022-03-12 15:43:27","FBN Mortgages Limited","ABAYOMI -AMAO OLUWAKANYINSOLAMI","Providus Bank ","ABAYOMI-AMAO OLUWAKANYINSOLA.","7800691139","PROVIDUS BANK/ABAYOMI-AMAO OLUWAKANYINSOLA./WebApp: Self, Trf to PROVIDUS BANK ABAYOMI-AMAO OLUWAKA","'FTMortgage/NIP/220312154324","'561660360310"

"DESTINATION INSTITUTION SUMMARY >> Providus Bank "
"S/N","TRANSACTION TYPE","TOTAL AMOUNT (N)","TRANSACTION VOLUME"
"1","Fund Transfer (Direct Credit)","5000.00 ","1"

"FULL BILLING SUMMARY "
"S/N","TRANSACTION TYPE","TOTAL AMOUNT (N)","TRANSACTION VOLUME"
"1","Fund Transfer (Direct Credit)","43050.00 ","5"
