"NIBSS INSTANT PAYMENTS - INWARDS UNSUCCESSFUL"
"FBN Mortgages Limited"
"TRANSACTION DATE: 2022-03-13 16:00:00 - 2022-03-13 21:59:59"
"GENERATED ON: 2022-03-13"

"SOURCE >> GUARANTY TRUST BANK PLC"
"S/N","CHANNEL","SESSION ID","TRANSACTION TYPE","RESPONSE","AMOUNT","TRANSACTION TIME","ORIGINATOR INSTITUTION","ORIGINATOR / BILLER","DESTINATION INSTITUTION","DESTINATION ACCOUNT NAME","DESTINATION ACCOUNT NO","NARRATION"," PAYMENT REFERENCE","LAST 12 DIGITS OF SESSION_ID"
"1","MOBILE PHONE","'000013220313190143000095821580","Fund Transfer (Direct Credit)","Timeout waiting for response from Destination","13000.00 ","'2022-03-13 19:02:30","GUARANTY TRUST BANK PLC","AKINBULEJO ESTHER DAMILOLAAKINBULEJO ESTHER DAMILOLA","FBN Mortgages Limited","OGUNDARE YEMI ALADE","1000345788","REF451486110000013000002203131901","'000095821580","'000095821580"

"SOURCE INSTITUTION SUMMARY >> GUARANTY TRUST BANK PLC"
"S/N","TRANSACTION TYPE","TOTAL AMOUNT (N)","TRANSACTION VOLUME"
"1","Fund Transfer (Direct Credit)","13000.00 ","1"

"FULL BILLING SUMMARY "
"S/N","TRANSACTION TYPE","TOTAL AMOUNT (N)","TRANSACTION VOLUME"
"1","Fund Transfer (Direct Credit)","13000.00 ","1"
