"NIBSS INSTANT PAYMENTS - OUTWARDS REPORT"
"FBN Mortgages Limited"
"TRANSACTION DATE: 2022-03-13 16:00:00 - 2022-03-13 21:59:59"
"GENERATED ON: 2022-03-13"

"DESTINATION >> ACCESS BANK PLC"
"S/N","CHANNEL","SESSION ID","TRANSACTION TYPE","RESPONSE","AMOUNT","TRANSACTION TIME","ORIGINATOR INSTITUTION","ORIGINATOR / BILLER","DESTINATION INSTITUTION","DESTINATION ACCOUNT NAME","DESTINATION ACCOUNT NO","NARRATION"," PAYMENT REFERENCE","LAST 12 DIGITS OF SESSION_ID"
"1","INTERNET BANKING","'090107220313162106506486122793","Fund Transfer (Direct Credit)","Approved or Completed Successfully","30000.00 ","'2022-03-13 16:21:09","FBN Mortgages Limited","SALAU ALADE","ACCESS BANK PLC","AHMMED AJIBOLA OGUNJI","0065115404","Access Bank/AHMMED AJIBOLA OGUNJI/WebApp: Payment 4 jotter, Trf to Access Bank AHMMED AJIBOLA OGUNJ","'FTMortgage/NIP/220313162106","'506486122793"
"2","INTERNET BANKING","'090107220313181331005111088689","Fund Transfer (Direct Credit)","Approved or Completed Successfully","80.00 ","'2022-03-13 18:13:34","FBN Mortgages Limited","MBAH CHINENYE NKECHI","ACCESS BANK PLC","CHINENYE NKECHI MBAH","0056606117","Access Bank/CHINENYE NKECHI MBAH/WebApp: Trf to Access Bank CHINENYE NKECHI MBAH","'FTMortgage/NIP/220313181331","'005111088689"
"3","INTERNET BANKING","'090107220313181410109764508811","Fund Transfer (Direct Credit)","Approved or Completed Successfully","8000.00 ","'2022-03-13 18:14:13","FBN Mortgages Limited","MBAH CHINENYE NKECHI","ACCESS BANK PLC","CHINENYE NKECHI MBAH","0056606117","Access Bank/CHINENYE NKECHI MBAH/WebApp: Trf to Access Bank CHINENYE NKECHI MBAH","'FTMortgage/NIP/220313181410","'109764508811"

"DESTINATION INSTITUTION SUMMARY >> ACCESS BANK PLC"
"S/N","TRANSACTION TYPE","TOTAL AMOUNT (N)","TRANSACTION VOLUME"
"1","Fund Transfer (Direct Credit)","38080.00 ","3"

"DESTINATION >> ACCESS BANK PLC (DIAMOND)"
"S/N","CHANNEL","SESSION ID","TRANSACTION TYPE","RESPONSE","AMOUNT","TRANSACTION TIME","ORIGINATOR INSTITUTION","ORIGINATOR / BILLER","DESTINATION INSTITUTION","DESTINATION ACCOUNT NAME","DESTINATION ACCOUNT NO","NARRATION"," PAYMENT REFERENCE","LAST 12 DIGITS OF SESSION_ID"
"1","INTERNET BANKING","'090107220313160027801543627661","Fund Transfer (Direct Credit)","Approved or Completed Successfully","14500.00 ","'2022-03-13 16:00:30","FBN Mortgages Limited","ABAYOMI -AMAO OLUWAKANYINSOLAMI","ACCESS BANK PLC (DIAMOND)","KLS NATURAL BEAUTY BAR IKEJA OFFICE","0105027251","Diamond Bank/KLS NATURAL BEAUTY BAR IKEJA OFFICE/WebApp: Kanyinsola, Trf to Diamond Bank KLS NATURA","'FTMortgage/NIP/220313160027","'801543627661"

"DESTINATION INSTITUTION SUMMARY >> ACCESS BANK PLC (DIAMOND)"
"S/N","TRANSACTION TYPE","TOTAL AMOUNT (N)","TRANSACTION VOLUME"
"1","Fund Transfer (Direct Credit)","14500.00 ","1"

"DESTINATION >> GUARANTY TRUST BANK PLC"
"S/N","CHANNEL","SESSION ID","TRANSACTION TYPE","RESPONSE","AMOUNT","TRANSACTION TIME","ORIGINATOR INSTITUTION","ORIGINATOR / BILLER","DESTINATION INSTITUTION","DESTINATION ACCOUNT NAME","DESTINATION ACCOUNT NO","NARRATION"," PAYMENT REFERENCE","LAST 12 DIGITS OF SESSION_ID"
"1","INTERNET BANKING","'090107220313203252415468556418","Fund Transfer (Direct Credit)","Approved or Completed Successfully","5000.00 ","'2022-03-13 20:32:55","FBN Mortgages Limited","CHINENYE JULIET ONYEDIKWA","GUARANTY TRUST BANK PLC","AMADI IKECHI BARTHOLOMEW","0005761264","GTBank Plc/AMADI IKECHI BARTHOLOMEW/WebApp: Trf to GTBank Plc AMADI IKECHI BARTHOLOMEW","'FTMortgage/NIP/220313203252","'415468556418"

"DESTINATION INSTITUTION SUMMARY >> GUARANTY TRUST BANK PLC"
"S/N","TRANSACTION TYPE","TOTAL AMOUNT (N)","TRANSACTION VOLUME"
"1","Fund Transfer (Direct Credit)","5000.00 ","1"

"DESTINATION >> Providus Bank "
"S/N","CHANNEL","SESSION ID","TRANSACTION TYPE","RESPONSE","AMOUNT","TRANSACTION TIME","ORIGINATOR INSTITUTION","ORIGINATOR / BILLER","DESTINATION INSTITUTION","DESTINATION ACCOUNT NAME","DESTINATION ACCOUNT NO","NARRATION"," PAYMENT REFERENCE","LAST 12 DIGITS OF SESSION_ID"
"1","INTERNET BANKING","'090107220313160625421955555766","Fund Transfer (Direct Credit)","Approved or Completed Successfully","4000.00 ","'2022-03-13 16:06:28","FBN Mortgages Limited","ABAYOMI -AMAO OLUWAKANYINSOLAMI","Providus Bank ","ABAYOMI-AMAO OLUWAKANYINSOLA.","7800691139","PROVIDUS BANK/ABAYOMI-AMAO OLUWAKANYINSOLA./WebApp: Self, Trf to PROVIDUS BANK ABAYOMI-AMAO OLUWAKA","'FTMortgage/NIP/220313160625","'421955555766"

"DESTINATION INSTITUTION SUMMARY >> Providus Bank "
"S/N","TRANSACTION TYPE","TOTAL AMOUNT (N)","TRANSACTION VOLUME"
"1","Fund Transfer (Direct Credit)","4000.00 ","1"

"FULL BILLING SUMMARY "
"S/N","TRANSACTION TYPE","TOTAL AMOUNT (N)","TRANSACTION VOLUME"
"1","Fund Transfer (Direct Credit)","61580.00 ","6"
