"NIBSS INSTANT PAYMENTS - INWARDS SUCCESSFUL"
"FBN Mortgages Limited"
"TRANSACTION DATE: 2022-03-13 16:00:00 - 2022-03-13 21:59:59"
"GENERATED ON: 2022-03-13"

"SOURCE >> GUARANTY TRUST BANK PLC"
"S/N","CHANNEL","SESSION ID","TRANSACTION TYPE","RESPONSE","AMOUNT","TRANSACTION TIME","ORIGINATOR INSTITUTION","ORIGINATOR / BILLER","DESTINATION INSTITUTION","DESTINATION ACCOUNT NAME","DESTINATION ACCOUNT NO","NARRATION"," PAYMENT REFERENCE","LAST 12 DIGITS OF SESSION_ID"
"1","MOBILE PHONE","'000013220313190821000095831253","Fund Transfer (Direct Credit)","Approved or Completed Successfully","13000.00 ","'2022-03-13 19:09:09","GUARANTY TRUST BANK PLC","AKINBULEJO ESTHER DAMILOLAAKINBULEJO ESTHER DAMILOLA","FBN Mortgages Limited","OGUNDARE YEMI ALADE","1000345788","REF451486110000013000002203131908","'000095831253","'000095831253"

"SOURCE INSTITUTION SUMMARY >> GUARANTY TRUST BANK PLC"
"S/N","TRANSACTION TYPE","TOTAL AMOUNT (N)","TRANSACTION VOLUME"
"1","Fund Transfer (Direct Credit)","13000.00 ","1"

"FULL BILLING SUMMARY "
"S/N","TRANSACTION TYPE","TOTAL AMOUNT (N)","TRANSACTION VOLUME"
"1","Fund Transfer (Direct Credit)","13000.00 ","1"
