"NIBSS INSTANT PAYMENTS - OUTWARDS TXNLOG"
"FBN Mortgages Limited"
"TRANSACTION DATE: 2022-03-07 06:00:00 - 2022-03-07 09:59:59"
"GENERATED ON: 2022-03-07"

"DESTINATION >> WEMA BANK PLC"
"S/N","CHANNEL","SESSION ID","TRANSACTION TYPE","RESPONSE","AMOUNT","TRANSACTION TIME","ORIGINATOR INSTITUTION","ORIGINATOR / BILLER","DESTINATION INSTITUTION","DESTINATION ACCOUNT NAME","DESTINATION ACCOUNT NO","NARRATION"," PAYMENT REFERENCE","LAST 12 DIGITS OF SESSION_ID"
"1","INTERNET BANKING","'090107220307072151078402104393","Fund Transfer (Direct Credit)","Approved or Completed Successfully","100000.00 ","'2022-03-07 07:21:55","FBN Mortgages Limited","OLUSOLA KENNY-ISRAEL AJIBADE","WEMA BANK PLC","OLUSOLA KENNY-ISRAEL AJIBADE","0247052721","Wema Bank/OLUSOLA KENNY-ISRAEL AJIBADE/WebApp: Trf to Wema Bank OLUSOLA KENNY-ISRAEL AJIBADE","'FTMortgage/NIP/220307072151","'078402104393"

"DESTINATION INSTITUTION SUMMARY >> WEMA BANK PLC"
"S/N","TRANSACTION TYPE","TOTAL AMOUNT (N)","TRANSACTION VOLUME"
"1","Fund Transfer (Direct Credit)","100000.00 ","1"

"DESTINATION >> FIRST BANK OF NIGERIA PLC"
"S/N","CHANNEL","SESSION ID","TRANSACTION TYPE","RESPONSE","AMOUNT","TRANSACTION TIME","ORIGINATOR INSTITUTION","ORIGINATOR / BILLER","DESTINATION INSTITUTION","DESTINATION ACCOUNT NAME","DESTINATION ACCOUNT NO","NARRATION"," PAYMENT REFERENCE","LAST 12 DIGITS OF SESSION_ID"
"1","INTERNET BANKING","'090107220307081154930609963406","Fund Transfer (Direct Credit)","Approved or Completed Successfully","2000.00 ","'2022-03-07 08:11:57","FBN Mortgages Limited","AGBOLA OYENIYI JOSHUA","FIRST BANK OF NIGERIA PLC","AGBOLA OYENIYI JOSHUA","3117342135","First Bank of Nigeria/AGBOLA OYENIYI JOSHUA/WebApp: Trsf agbola oyeniyi, Trf to First Bank of Niger","'FTMortgage/NIP/220307081154","'930609963406"

"DESTINATION INSTITUTION SUMMARY >> FIRST BANK OF NIGERIA PLC"
"S/N","TRANSACTION TYPE","TOTAL AMOUNT (N)","TRANSACTION VOLUME"
"1","Fund Transfer (Direct Credit)","2000.00 ","1"

"FULL BILLING SUMMARY "
"S/N","TRANSACTION TYPE","TOTAL AMOUNT (N)","TRANSACTION VOLUME"
"1","Fund Transfer (Direct Credit)","102000.00 ","2"
