"NIBSS INSTANT PAYMENTS - INWARDS TXNLOG"
"FBN Mortgages Limited"
"TRANSACTION DATE: 2022-03-07 06:00:00 - 2022-03-07 09:59:59"
"GENERATED ON: 2022-03-07"

"SOURCE >> UNITED BANK FOR AFRICA PLC"
"S/N","CHANNEL","SESSION ID","TRANSACTION TYPE","RESPONSE","AMOUNT","TRANSACTION TIME","ORIGINATOR INSTITUTION","ORIGINATOR / BILLER","DESTINATION INSTITUTION","DESTINATION ACCOUNT NAME","DESTINATION ACCOUNT NO","NARRATION"," PAYMENT REFERENCE","LAST 12 DIGITS OF SESSION_ID"
"1","INTERNET BANKING","'000004220307094242200143529638","Fund Transfer (Direct Credit)","Approved or Completed Successfully","55000.00 ","'2022-03-07 09:42:43","UNITED BANK FOR AFRICA PLC","AYOKO TEMITOPE OLUDARE","FBN Mortgages Limited","TEMITOPE OLUDARE AYOKO","1000478563","TUD IBG/UTO/Funds transfer by tope ayoko/AYOKO/TEMITO","'200143529638","'200143529638"
"2","INTERNET BANKING","'000004220307095749200143531859","Fund Transfer (Direct Credit)","Beneficiary Bank Not Available","50000.00 ","'2022-03-07 09:57:52","UNITED BANK FOR AFRICA PLC","AYOKO TEMITOPE OLUDARE","FBN Mortgages Limited","TEMITOPE OLUDARE AYOKO","1000478563","TUD IBG/UTO/Funds transfer tope ayoko/AYOKO/TEMITOPE","'200143531859","'200143531859"

"SOURCE INSTITUTION SUMMARY >> UNITED BANK FOR AFRICA PLC"
"S/N","TRANSACTION TYPE","TOTAL AMOUNT (N)","TRANSACTION VOLUME"
"1","Fund Transfer (Direct Credit)","105000.00 ","2"

"FULL BILLING SUMMARY "
"S/N","TRANSACTION TYPE","TOTAL AMOUNT (N)","TRANSACTION VOLUME"
"1","Fund Transfer (Direct Credit)","105000.00 ","2"
