"NIBSS INSTANT PAYMENTS - INWARDS REPORT"
"FBN Mortgages Limited"
"TRANSACTION DATE: 2022-03-10 22:00:00 - 2022-03-11 05:59:59"
"GENERATED ON: 2022-03-11"

"SOURCE >> GUARANTY TRUST BANK PLC"
"S/N","CHANNEL","SESSION ID","TRANSACTION TYPE","RESPONSE","AMOUNT","TRANSACTION TIME","ORIGINATOR INSTITUTION","ORIGINATOR / BILLER","DESTINATION INSTITUTION","DESTINATION ACCOUNT NAME","DESTINATION ACCOUNT NO","NARRATION"," PAYMENT REFERENCE","LAST 12 DIGITS OF SESSION_ID"
"1","MOBILE PHONE","'000013220311040447000091084457","Fund Transfer (Direct Credit)","Approved or Completed Successfully","510000.00 ","'2022-03-11 04:04:41","GUARANTY TRUST BANK PLC","OGUNTOYINBO OLATUNDE","FBN Mortgages Limited","OLATUNDE SAHEED OGUNTOYINBO","1000311514","via GTWORLD","'000091084457","'000091084457"

"SOURCE INSTITUTION SUMMARY >> GUARANTY TRUST BANK PLC"
"S/N","TRANSACTION TYPE","TOTAL AMOUNT (N)","TRANSACTION VOLUME"
"1","Fund Transfer (Direct Credit)","510000.00 ","1"

"SOURCE >> Providus Bank "
"S/N","CHANNEL","SESSION ID","TRANSACTION TYPE","RESPONSE","AMOUNT","TRANSACTION TIME","ORIGINATOR INSTITUTION","ORIGINATOR / BILLER","DESTINATION INSTITUTION","DESTINATION ACCOUNT NAME","DESTINATION ACCOUNT NO","NARRATION"," PAYMENT REFERENCE","LAST 12 DIGITS OF SESSION_ID"
"1","INTERNET BANKING","'000023220311040158002022819143","Fund Transfer (Direct Credit)","Approved or Completed Successfully","2000000.00 ","'2022-03-11 04:02:00","Providus Bank ","OGUNTOYINBO OLATUNDE","FBN Mortgages Limited","OLATUNDE SAHEED OGUNTOYINBO","1000311514","Online: To FBN MORTGAGE|OLATUNDE SAHEED OGUNTOYINBO","'121590012211040331","'002022819143"

"SOURCE INSTITUTION SUMMARY >> Providus Bank "
"S/N","TRANSACTION TYPE","TOTAL AMOUNT (N)","TRANSACTION VOLUME"
"1","Fund Transfer (Direct Credit)","2000000.00 ","1"

"FULL BILLING SUMMARY "
"S/N","TRANSACTION TYPE","TOTAL AMOUNT (N)","TRANSACTION VOLUME"
"1","Fund Transfer (Direct Credit)","2510000.00 ","2"
