"NIBSS INSTANT PAYMENTS - OUTWARDS TXNLOG"
"FBN Mortgages Limited"
"TRANSACTION DATE: 2022-03-10 22:00:00 - 2022-03-11 05:59:59"
"GENERATED ON: 2022-03-11"

"DESTINATION >> GUARANTY TRUST BANK PLC"
"S/N","CHANNEL","SESSION ID","TRANSACTION TYPE","RESPONSE","AMOUNT","TRANSACTION TIME","ORIGINATOR INSTITUTION","ORIGINATOR / BILLER","DESTINATION INSTITUTION","DESTINATION ACCOUNT NAME","DESTINATION ACCOUNT NO","NARRATION"," PAYMENT REFERENCE","LAST 12 DIGITS OF SESSION_ID"
"1","INTERNET BANKING","'090107220310231923013846558380","Fund Transfer (Direct Credit)","Approved or Completed Successfully","10000.00 ","'2022-03-10 23:19:26","FBN Mortgages Limited","JOMBO KELECHI SUSAN","GUARANTY TRUST BANK PLC","JOMBO KELECHI SUSAN","0029685241","GTBank Plc/JOMBO KELECHI SUSAN/WebApp: self, Trf to GTBank Plc JOMBO KELECHI SUSAN","'FTMortgage/NIP/220310231923","'013846558380"

"DESTINATION INSTITUTION SUMMARY >> GUARANTY TRUST BANK PLC"
"S/N","TRANSACTION TYPE","TOTAL AMOUNT (N)","TRANSACTION VOLUME"
"1","Fund Transfer (Direct Credit)","10000.00 ","1"

"FULL BILLING SUMMARY "
"S/N","TRANSACTION TYPE","TOTAL AMOUNT (N)","TRANSACTION VOLUME"
"1","Fund Transfer (Direct Credit)","10000.00 ","1"
