"NIBSS INSTANT PAYMENTS - INWARDS SUCCESSFUL"
"FBN Mortgages Limited"
"TRANSACTION DATE: 2022-03-13 22:00:00 - 2022-03-14 05:59:59"
"GENERATED ON: 2022-03-14"

"SOURCE >> UNION BANK OF NIGERIA PLC"
"S/N","CHANNEL","SESSION ID","TRANSACTION TYPE","RESPONSE","AMOUNT","TRANSACTION TIME","ORIGINATOR INSTITUTION","ORIGINATOR / BILLER","DESTINATION INSTITUTION","DESTINATION ACCOUNT NAME","DESTINATION ACCOUNT NO","NARRATION"," PAYMENT REFERENCE","LAST 12 DIGITS OF SESSION_ID"
"1","MOBILE PHONE","'000018220314010321000355398391","Fund Transfer (Direct Credit)","Approved or Completed Successfully","5000.00 ","'2022-03-14 01:59:22","UNION BANK OF NIGERIA PLC","CHIEJINE O E MRS","FBN Mortgages Limited","CHIEJINE OMONIGHO EMILY","0000577627","MOBILE/UNION Transfer from CHIEJINE O E MRS - NA","'000018220314010321000355398391","'000355398391"

"SOURCE INSTITUTION SUMMARY >> UNION BANK OF NIGERIA PLC"
"S/N","TRANSACTION TYPE","TOTAL AMOUNT (N)","TRANSACTION VOLUME"
"1","Fund Transfer (Direct Credit)","5000.00 ","1"

"FULL BILLING SUMMARY "
"S/N","TRANSACTION TYPE","TOTAL AMOUNT (N)","TRANSACTION VOLUME"
"1","Fund Transfer (Direct Credit)","5000.00 ","1"
