"NIBSS INSTANT PAYMENTS - INWARDS UNSUCCESSFUL"
"FBN Mortgages Limited"
"TRANSACTION DATE: 2022-03-06 13:00:00 - 2022-03-06 15:59:59"
"GENERATED ON: 2022-03-06"

"SOURCE >> ACCESS BANK PLC"
"S/N","CHANNEL","SESSION ID","TRANSACTION TYPE","RESPONSE","AMOUNT","TRANSACTION TIME","ORIGINATOR INSTITUTION","ORIGINATOR / BILLER","DESTINATION INSTITUTION","DESTINATION ACCOUNT NAME","DESTINATION ACCOUNT NO","NARRATION"," PAYMENT REFERENCE","LAST 12 DIGITS OF SESSION_ID"
"1","MOBILE PHONE","'000014220306131013267631983502","Fund Transfer (Direct Credit)","Beneficiary Bank Not Available","37000.00 ","'2022-03-06 13:10:13","ACCESS BANK PLC","ANAGO CHIOMA NNENNA","FBN Mortgages Limited","ANAGO CHIOMA NNENNA","1000614758","TRFKFRM ANAGO CHIOMA NNENNA TO ANAGO CHIOMA NNENNA","'000014220306130954271265383133","'267631983502"

"SOURCE INSTITUTION SUMMARY >> ACCESS BANK PLC"
"S/N","TRANSACTION TYPE","TOTAL AMOUNT (N)","TRANSACTION VOLUME"
"1","Fund Transfer (Direct Credit)","37000.00 ","1"

"FULL BILLING SUMMARY "
"S/N","TRANSACTION TYPE","TOTAL AMOUNT (N)","TRANSACTION VOLUME"
"1","Fund Transfer (Direct Credit)","37000.00 ","1"
