"NIBSS INSTANT PAYMENTS - OUTWARDS SUCCESSFUL"
"FBN Mortgages Limited"
"TRANSACTION DATE: 2022-03-06 13:00:00 - 2022-03-06 15:59:59"
"GENERATED ON: 2022-03-06"

"DESTINATION >> FIRST BANK OF NIGERIA PLC"
"S/N","CHANNEL","SESSION ID","TRANSACTION TYPE","RESPONSE","AMOUNT","TRANSACTION TIME","ORIGINATOR INSTITUTION","ORIGINATOR / BILLER","DESTINATION INSTITUTION","DESTINATION ACCOUNT NAME","DESTINATION ACCOUNT NO","NARRATION"," PAYMENT REFERENCE","LAST 12 DIGITS OF SESSION_ID"
"1","INTERNET BANKING","'090107220306145751511126394059","Fund Transfer (Direct Credit)","Approved or Completed Successfully","15000.00 ","'2022-03-06 14:57:54","FBN Mortgages Limited","BOLAJI BODUNRIN RICHARD","FIRST BANK OF NIGERIA PLC","BOLAJI RICHARD BODUNRIN","3045253518","First Bank of Nigeria/BOLAJI RICHARD BODUNRIN/WebApp: Self, Trf to First Bank of Nigeria BOLAJI RIC","'FTMortgage/NIP/220306145751","'511126394059"

"DESTINATION INSTITUTION SUMMARY >> FIRST BANK OF NIGERIA PLC"
"S/N","TRANSACTION TYPE","TOTAL AMOUNT (N)","TRANSACTION VOLUME"
"1","Fund Transfer (Direct Credit)","15000.00 ","1"

"FULL BILLING SUMMARY "
"S/N","TRANSACTION TYPE","TOTAL AMOUNT (N)","TRANSACTION VOLUME"
"1","Fund Transfer (Direct Credit)","15000.00 ","1"
