"NIBSS INSTANT PAYMENTS - INWARDS SUCCESSFUL"
"FBN Mortgages Limited"
"TRANSACTION DATE: 2022-03-06 13:00:00 - 2022-03-06 15:59:59"
"GENERATED ON: 2022-03-06"

"SOURCE >> FIRST BANK OF NIGERIA PLC"
"S/N","CHANNEL","SESSION ID","TRANSACTION TYPE","RESPONSE","AMOUNT","TRANSACTION TIME","ORIGINATOR INSTITUTION","ORIGINATOR / BILLER","DESTINATION INSTITUTION","DESTINATION ACCOUNT NAME","DESTINATION ACCOUNT NO","NARRATION"," PAYMENT REFERENCE","LAST 12 DIGITS OF SESSION_ID"
"1","MOBILE PHONE","'000016220306151730000040711623","Fund Transfer (Direct Credit)","Approved or Completed Successfully","35000.00 ","'2022-03-06 15:17:36","FIRST BANK OF NIGERIA PLC","AUDACITY ACQUISITIONS LIMITED","FBN Mortgages Limited","CHRISTOPHER UYI IBHAZEHI-ORIA AND QUEEN CHARITY UYI ORIA","1000495346","FBNMOBILE:CHRISTOPHER UYI IBHAZEHI /NONE","'637821766545298822","'000040711623"

"SOURCE INSTITUTION SUMMARY >> FIRST BANK OF NIGERIA PLC"
"S/N","TRANSACTION TYPE","TOTAL AMOUNT (N)","TRANSACTION VOLUME"
"1","Fund Transfer (Direct Credit)","35000.00 ","1"

"SOURCE >> FIRST CITY MONUMENT BANK"
"S/N","CHANNEL","SESSION ID","TRANSACTION TYPE","RESPONSE","AMOUNT","TRANSACTION TIME","ORIGINATOR INSTITUTION","ORIGINATOR / BILLER","DESTINATION INSTITUTION","DESTINATION ACCOUNT NAME","DESTINATION ACCOUNT NO","NARRATION"," PAYMENT REFERENCE","LAST 12 DIGITS OF SESSION_ID"
"1","MOBILE PHONE","'000003220306154810001304222871","Fund Transfer (Direct Credit)","Approved or Completed Successfully","200000.00 ","'2022-03-06 15:48:13","FIRST CITY MONUMENT BANK","ALESHE BAMIDELE PEDRO","FBN Mortgages Limited","ALESHE BAMIDELE PEDRO","1000514690","App mortgage payment To FIRST TRUST MORTGAGE BANK PLC ALESHE","'S96883514","'001304222871"

"SOURCE INSTITUTION SUMMARY >> FIRST CITY MONUMENT BANK"
"S/N","TRANSACTION TYPE","TOTAL AMOUNT (N)","TRANSACTION VOLUME"
"1","Fund Transfer (Direct Credit)","200000.00 ","1"

"SOURCE >> GUARANTY TRUST BANK PLC"
"S/N","CHANNEL","SESSION ID","TRANSACTION TYPE","RESPONSE","AMOUNT","TRANSACTION TIME","ORIGINATOR INSTITUTION","ORIGINATOR / BILLER","DESTINATION INSTITUTION","DESTINATION ACCOUNT NAME","DESTINATION ACCOUNT NO","NARRATION"," PAYMENT REFERENCE","LAST 12 DIGITS OF SESSION_ID"
"1","MOBILE PHONE","'000013220306143423000082451588","Fund Transfer (Direct Credit)","Approved or Completed Successfully","100000.00 ","'2022-03-06 14:35:45","GUARANTY TRUST BANK PLC","AZUMI GODFREYAZUMI, GODFREY","FBN Mortgages Limited","GODFREY AZUMI","0000551621","via GTWORLD Funding mortgage","'000082451588","'000082451588"

"SOURCE INSTITUTION SUMMARY >> GUARANTY TRUST BANK PLC"
"S/N","TRANSACTION TYPE","TOTAL AMOUNT (N)","TRANSACTION VOLUME"
"1","Fund Transfer (Direct Credit)","100000.00 ","1"

"FULL BILLING SUMMARY "
"S/N","TRANSACTION TYPE","TOTAL AMOUNT (N)","TRANSACTION VOLUME"
"1","Fund Transfer (Direct Credit)","335000.00 ","3"
