"NIBSS INSTANT PAYMENTS - OUTWARDS REPORT"
"FBN Mortgages Limited"
"TRANSACTION DATE: 2022-03-12 06:00:00 - 2022-03-12 09:59:59"
"GENERATED ON: 2022-03-12"

"DESTINATION >> FIDELITY BANK PLC"
"S/N","CHANNEL","SESSION ID","TRANSACTION TYPE","RESPONSE","AMOUNT","TRANSACTION TIME","ORIGINATOR INSTITUTION","ORIGINATOR / BILLER","DESTINATION INSTITUTION","DESTINATION ACCOUNT NAME","DESTINATION ACCOUNT NO","NARRATION"," PAYMENT REFERENCE","LAST 12 DIGITS OF SESSION_ID"
"1","INTERNET BANKING","'090107220312073826217584951970","Fund Transfer (Direct Credit)","Timeout waiting for response from Destination","16000.00 ","'2022-03-12 07:38:37","FBN Mortgages Limited","ABAYOMI -AMAO OLUWAKANYINSOLAMI","FIDELITY BANK PLC","LAPAYS CLOTHINGS","5600172196","Fidelity Bank/LAPAYS CLOTHINGS/WebApp: Kanyinsola, Trf to Fidelity Bank LAPAYS CLOTHINGS","'FTMortgage/NIP/220312073826","'217584951970"
"2","INTERNET BANKING","'090107220312073918715204640626","Fund Transfer (Direct Credit)","Approved or Completed Successfully","16000.00 ","'2022-03-12 07:39:21","FBN Mortgages Limited","ABAYOMI -AMAO OLUWAKANYINSOLAMI","FIDELITY BANK PLC","LAPAYS CLOTHINGS","5600172196","Fidelity Bank/LAPAYS CLOTHINGS/WebApp: Kanyinsola, Trf to Fidelity Bank LAPAYS CLOTHINGS","'FTMortgage/NIP/220312073918","'715204640626"

"DESTINATION INSTITUTION SUMMARY >> FIDELITY BANK PLC"
"S/N","TRANSACTION TYPE","TOTAL AMOUNT (N)","TRANSACTION VOLUME"
"1","Fund Transfer (Direct Credit)","32000.00 ","2"

"DESTINATION >> ZENITH BANK PLC"
"S/N","CHANNEL","SESSION ID","TRANSACTION TYPE","RESPONSE","AMOUNT","TRANSACTION TIME","ORIGINATOR INSTITUTION","ORIGINATOR / BILLER","DESTINATION INSTITUTION","DESTINATION ACCOUNT NAME","DESTINATION ACCOUNT NO","NARRATION"," PAYMENT REFERENCE","LAST 12 DIGITS OF SESSION_ID"
"1","INTERNET BANKING","'090107220312074600572926899094","Fund Transfer (Direct Credit)","Approved or Completed Successfully","10000.00 ","'2022-03-12 07:46:03","FBN Mortgages Limited","LAWSON SOTONYE JEAN","ZENITH BANK PLC","WINSTON TONYE LAWSON","1005572468","Zenith Bank/WINSTON TONYE LAWSON/WebApp: Transfer, Trf to Zenith Bank WINSTON TONYE LAWSON","'FTMortgage/NIP/220312074600","'572926899094"
"2","INTERNET BANKING","'090107220312075107331558002719","Fund Transfer (Direct Credit)","Approved or Completed Successfully","20000.00 ","'2022-03-12 07:51:10","FBN Mortgages Limited","TEMITOPE AJIMAT AINA","ZENITH BANK PLC","AMINAT MORENIKEJI IDRIS","2264954949","Zenith Bank/AMINAT MORENIKEJI IDRIS/WebApp: Trf to Zenith Bank AMINAT MORENIKEJI IDRIS","'FTMortgage/NIP/220312075107","'331558002719"

"DESTINATION INSTITUTION SUMMARY >> ZENITH BANK PLC"
"S/N","TRANSACTION TYPE","TOTAL AMOUNT (N)","TRANSACTION VOLUME"
"1","Fund Transfer (Direct Credit)","30000.00 ","2"

"FULL BILLING SUMMARY "
"S/N","TRANSACTION TYPE","TOTAL AMOUNT (N)","TRANSACTION VOLUME"
"1","Fund Transfer (Direct Credit)","62000.00 ","4"
