"NIBSS INSTANT PAYMENTS - OUTWARDS UNSUCCESSFUL"
"FBN Mortgages Limited"
"TRANSACTION DATE: 2022-03-12 06:00:00 - 2022-03-12 09:59:59"
"GENERATED ON: 2022-03-12"

"DESTINATION >> FIDELITY BANK PLC"
"S/N","CHANNEL","SESSION ID","TRANSACTION TYPE","RESPONSE","AMOUNT","TRANSACTION TIME","ORIGINATOR INSTITUTION","ORIGINATOR / BILLER","DESTINATION INSTITUTION","DESTINATION ACCOUNT NAME","DESTINATION ACCOUNT NO","NARRATION"," PAYMENT REFERENCE","LAST 12 DIGITS OF SESSION_ID"
"1","INTERNET BANKING","'090107220312073826217584951970","Fund Transfer (Direct Credit)","Timeout waiting for response from Destination","16000.00 ","'2022-03-12 07:38:37","FBN Mortgages Limited","ABAYOMI -AMAO OLUWAKANYINSOLAMI","FIDELITY BANK PLC","LAPAYS CLOTHINGS","5600172196","Fidelity Bank/LAPAYS CLOTHINGS/WebApp: Kanyinsola, Trf to Fidelity Bank LAPAYS CLOTHINGS","'FTMortgage/NIP/220312073826","'217584951970"

"DESTINATION INSTITUTION SUMMARY >> FIDELITY BANK PLC"
"S/N","TRANSACTION TYPE","TOTAL AMOUNT (N)","TRANSACTION VOLUME"
"1","Fund Transfer (Direct Credit)","16000.00 ","1"

"FULL BILLING SUMMARY "
"S/N","TRANSACTION TYPE","TOTAL AMOUNT (N)","TRANSACTION VOLUME"
"1","Fund Transfer (Direct Credit)","16000.00 ","1"
