"NIBSS INSTANT PAYMENTS - INWARDS TXNLOG"
"FBN Mortgages Limited"
"TRANSACTION DATE: 2022-03-12 06:00:00 - 2022-03-12 09:59:59"
"GENERATED ON: 2022-03-12"

"SOURCE >> FIDELITY BANK PLC"
"S/N","CHANNEL","SESSION ID","TRANSACTION TYPE","RESPONSE","AMOUNT","TRANSACTION TIME","ORIGINATOR INSTITUTION","ORIGINATOR / BILLER","DESTINATION INSTITUTION","DESTINATION ACCOUNT NAME","DESTINATION ACCOUNT NO","NARRATION"," PAYMENT REFERENCE","LAST 12 DIGITS OF SESSION_ID"
"1","INTERNET BANKING","'000007220312073449940216698414","Fund Transfer (Direct Credit)","Timeout waiting for response from Destination","170000.00 ","'2022-03-12 07:34:49","FIDELITY BANK PLC","CHUKWUNONSO OBIDI","FBN Mortgages Limited","OBIDI EMMANUEL CHUKWUNONSO","1000529056","ONB TRF FROM CHUKWUNONS **1188 FBP","'ONB22031207344802071","'940216698414"
"2","INTERNET BANKING","'000007220312073923591379113040","Fund Transfer (Direct Credit)","Approved or Completed Successfully","170000.00 ","'2022-03-12 07:39:24","FIDELITY BANK PLC","CHUKWUNONSO OBIDI","FBN Mortgages Limited","OBIDI EMMANUEL CHUKWUNONSO","1000529056","ONB TRF FROM CHUKWUNONS **1188 FBP","'ONB22031207392202673","'591379113040"

"SOURCE INSTITUTION SUMMARY >> FIDELITY BANK PLC"
"S/N","TRANSACTION TYPE","TOTAL AMOUNT (N)","TRANSACTION VOLUME"
"1","Fund Transfer (Direct Credit)","340000.00 ","2"

"SOURCE >> ZENITH BANK PLC"
"S/N","CHANNEL","SESSION ID","TRANSACTION TYPE","RESPONSE","AMOUNT","TRANSACTION TIME","ORIGINATOR INSTITUTION","ORIGINATOR / BILLER","DESTINATION INSTITUTION","DESTINATION ACCOUNT NAME","DESTINATION ACCOUNT NO","NARRATION"," PAYMENT REFERENCE","LAST 12 DIGITS OF SESSION_ID"
"1","MOBILE PHONE","'000015220312075802002495422814","Fund Transfer (Direct Credit)","Approved or Completed Successfully","800000.00 ","'2022-03-12 07:58:02","ZENITH BANK PLC","ADEBOLA OMOTOYOSI OBANIKORO","FBN Mortgages Limited","DOS GLOBAL NETWORK LTD","1000349889","self","'852475138","'002495422814"

"SOURCE INSTITUTION SUMMARY >> ZENITH BANK PLC"
"S/N","TRANSACTION TYPE","TOTAL AMOUNT (N)","TRANSACTION VOLUME"
"1","Fund Transfer (Direct Credit)","800000.00 ","1"

"SOURCE >> GUARANTY TRUST BANK PLC"
"S/N","CHANNEL","SESSION ID","TRANSACTION TYPE","RESPONSE","AMOUNT","TRANSACTION TIME","ORIGINATOR INSTITUTION","ORIGINATOR / BILLER","DESTINATION INSTITUTION","DESTINATION ACCOUNT NAME","DESTINATION ACCOUNT NO","NARRATION"," PAYMENT REFERENCE","LAST 12 DIGITS OF SESSION_ID"
"1","MOBILE PHONE","'000013220312092749000093318663","Fund Transfer (Direct Credit)","Approved or Completed Successfully","8000.00 ","'2022-03-12 09:27:47","GUARANTY TRUST BANK PLC","OGUNDIPE TOYIN","FBN Mortgages Limited","MISS OGUNDIPE TOYIN","1000574472","REF214792468000008000002203120927","'000093318663","'000093318663"

"SOURCE INSTITUTION SUMMARY >> GUARANTY TRUST BANK PLC"
"S/N","TRANSACTION TYPE","TOTAL AMOUNT (N)","TRANSACTION VOLUME"
"1","Fund Transfer (Direct Credit)","8000.00 ","1"

"SOURCE >> STANBIC IBTC BANK PLC"
"S/N","CHANNEL","SESSION ID","TRANSACTION TYPE","RESPONSE","AMOUNT","TRANSACTION TIME","ORIGINATOR INSTITUTION","ORIGINATOR / BILLER","DESTINATION INSTITUTION","DESTINATION ACCOUNT NAME","DESTINATION ACCOUNT NO","NARRATION"," PAYMENT REFERENCE","LAST 12 DIGITS OF SESSION_ID"
"1","INTERNET BANKING","'000012220312073946139382641000","Fund Transfer (Direct Credit)","Approved or Completed Successfully","12000.00 ","'2022-03-12 07:39:48","STANBIC IBTC BANK PLC","EVER N AUTO PARTS","FBN Mortgages Limited","AMAEFUNA NNAMDI E.","0000324766","AMAEFUNA NNAMDI E.","'139382641","'139382641000"

"SOURCE INSTITUTION SUMMARY >> STANBIC IBTC BANK PLC"
"S/N","TRANSACTION TYPE","TOTAL AMOUNT (N)","TRANSACTION VOLUME"
"1","Fund Transfer (Direct Credit)","12000.00 ","1"

"FULL BILLING SUMMARY "
"S/N","TRANSACTION TYPE","TOTAL AMOUNT (N)","TRANSACTION VOLUME"
"1","Fund Transfer (Direct Credit)","1160000.00 ","5"
