"NIBSS INSTANT PAYMENTS - INWARDS UNSUCCESSFUL"
"FBN Mortgages Limited"
"TRANSACTION DATE: 2022-03-12 06:00:00 - 2022-03-12 09:59:59"
"GENERATED ON: 2022-03-12"

"SOURCE >> FIDELITY BANK PLC"
"S/N","CHANNEL","SESSION ID","TRANSACTION TYPE","RESPONSE","AMOUNT","TRANSACTION TIME","ORIGINATOR INSTITUTION","ORIGINATOR / BILLER","DESTINATION INSTITUTION","DESTINATION ACCOUNT NAME","DESTINATION ACCOUNT NO","NARRATION"," PAYMENT REFERENCE","LAST 12 DIGITS OF SESSION_ID"
"1","INTERNET BANKING","'000007220312073449940216698414","Fund Transfer (Direct Credit)","Timeout waiting for response from Destination","170000.00 ","'2022-03-12 07:34:49","FIDELITY BANK PLC","CHUKWUNONSO OBIDI","FBN Mortgages Limited","OBIDI EMMANUEL CHUKWUNONSO","1000529056","ONB TRF FROM CHUKWUNONS **1188 FBP","'ONB22031207344802071","'940216698414"

"SOURCE INSTITUTION SUMMARY >> FIDELITY BANK PLC"
"S/N","TRANSACTION TYPE","TOTAL AMOUNT (N)","TRANSACTION VOLUME"
"1","Fund Transfer (Direct Credit)","170000.00 ","1"

"FULL BILLING SUMMARY "
"S/N","TRANSACTION TYPE","TOTAL AMOUNT (N)","TRANSACTION VOLUME"
"1","Fund Transfer (Direct Credit)","170000.00 ","1"
