"NIBSS INSTANT PAYMENTS - OUTWARDS TXNLOG"
"FBN Mortgages Limited"
"TRANSACTION DATE: 2022-03-04 22:00:00 - 2022-03-05 05:59:59"
"GENERATED ON: 2022-03-05"

"DESTINATION >> FIRST BANK OF NIGERIA PLC"
"S/N","CHANNEL","SESSION ID","TRANSACTION TYPE","RESPONSE","AMOUNT","TRANSACTION TIME","ORIGINATOR INSTITUTION","ORIGINATOR / BILLER","DESTINATION INSTITUTION","DESTINATION ACCOUNT NAME","DESTINATION ACCOUNT NO","NARRATION"," PAYMENT REFERENCE","LAST 12 DIGITS OF SESSION_ID"
"1","INTERNET BANKING","'090107220304222605100496648990","Fund Transfer (Direct Credit)","Approved or Completed Successfully","12000.00 ","'2022-03-04 22:26:07","FBN Mortgages Limited","OKUNLOLA EMMANUEL SAMUEL","FIRST BANK OF NIGERIA PLC","OKUNLOLA EMMANUEL SAMUEL","3062243363","First Bank of Nigeria/OKUNLOLA EMMANUEL SAMUEL/WebApp: Trf to First Bank of Nigeria OKUNLOLA EMMANU","'FTMortgage/NIP/220304222605","'100496648990"

"DESTINATION INSTITUTION SUMMARY >> FIRST BANK OF NIGERIA PLC"
"S/N","TRANSACTION TYPE","TOTAL AMOUNT (N)","TRANSACTION VOLUME"
"1","Fund Transfer (Direct Credit)","12000.00 ","1"

"FULL BILLING SUMMARY "
"S/N","TRANSACTION TYPE","TOTAL AMOUNT (N)","TRANSACTION VOLUME"
"1","Fund Transfer (Direct Credit)","12000.00 ","1"
