"NIBSS INSTANT PAYMENTS - OUTWARDS TXNLOG"
"FBN Mortgages Limited"
"TRANSACTION DATE: 2022-03-08 06:00:00 - 2022-03-08 09:59:59"
"GENERATED ON: 2022-03-08"

"DESTINATION >> WEMA BANK PLC"
"S/N","CHANNEL","SESSION ID","TRANSACTION TYPE","RESPONSE","AMOUNT","TRANSACTION TIME","ORIGINATOR INSTITUTION","ORIGINATOR / BILLER","DESTINATION INSTITUTION","DESTINATION ACCOUNT NAME","DESTINATION ACCOUNT NO","NARRATION"," PAYMENT REFERENCE","LAST 12 DIGITS OF SESSION_ID"
"1","INTERNET BANKING","'090107220308084510495158034096","Fund Transfer (Direct Credit)","Approved or Completed Successfully","500000.00 ","'2022-03-08 08:45:14","FBN Mortgages Limited","OLUSOLA KENNY-ISRAEL AJIBADE","WEMA BANK PLC","OLUSOLA KENNY-ISRAEL AJIBADE","0247052721","Wema Bank/OLUSOLA KENNY-ISRAEL AJIBADE/WebApp: Trf to Wema Bank OLUSOLA KENNY-ISRAEL AJIBADE","'FTMortgage/NIP/220308084510","'495158034096"

"DESTINATION INSTITUTION SUMMARY >> WEMA BANK PLC"
"S/N","TRANSACTION TYPE","TOTAL AMOUNT (N)","TRANSACTION VOLUME"
"1","Fund Transfer (Direct Credit)","500000.00 ","1"

"FULL BILLING SUMMARY "
"S/N","TRANSACTION TYPE","TOTAL AMOUNT (N)","TRANSACTION VOLUME"
"1","Fund Transfer (Direct Credit)","500000.00 ","1"
