"NIBSS INSTANT PAYMENTS - INWARDS REPORT"
"FBN Mortgages Limited"
"TRANSACTION DATE: 2022-03-08 06:00:00 - 2022-03-08 09:59:59"
"GENERATED ON: 2022-03-08"

"SOURCE >> ACCESS BANK PLC"
"S/N","CHANNEL","SESSION ID","TRANSACTION TYPE","RESPONSE","AMOUNT","TRANSACTION TIME","ORIGINATOR INSTITUTION","ORIGINATOR / BILLER","DESTINATION INSTITUTION","DESTINATION ACCOUNT NAME","DESTINATION ACCOUNT NO","NARRATION"," PAYMENT REFERENCE","LAST 12 DIGITS OF SESSION_ID"
"1","MOBILE PHONE","'000014220308081434296188283009","Fund Transfer (Direct Credit)","Approved or Completed Successfully","500.00 ","'2022-03-08 08:14:34","ACCESS BANK PLC","ANAGO CHIOMA NNENNA","FBN Mortgages Limited","ANAGO CHIOMA NNENNA","1000614758","TRFKFRM ANAGO CHIOMA NNENNA TO ANAGO CHIOMA NNENNA","'000014220308081400211087284326","'296188283009"

"SOURCE INSTITUTION SUMMARY >> ACCESS BANK PLC"
"S/N","TRANSACTION TYPE","TOTAL AMOUNT (N)","TRANSACTION VOLUME"
"1","Fund Transfer (Direct Credit)","500.00 ","1"

"SOURCE >> UNITED BANK FOR AFRICA PLC"
"S/N","CHANNEL","SESSION ID","TRANSACTION TYPE","RESPONSE","AMOUNT","TRANSACTION TIME","ORIGINATOR INSTITUTION","ORIGINATOR / BILLER","DESTINATION INSTITUTION","DESTINATION ACCOUNT NAME","DESTINATION ACCOUNT NO","NARRATION"," PAYMENT REFERENCE","LAST 12 DIGITS OF SESSION_ID"
"1","MOBILE PHONE","'000004220308084333020256617152","Fund Transfer (Direct Credit)","Request Processing In Progress","13300.00 ","'2022-03-08 08:43:36","UNITED BANK FOR AFRICA PLC","BOYI BATURE","FBN Mortgages Limited","BOYI BATURE MAHUTA","1000563722","MOB/BOYI BATURE/UTO/10755906603/090107/Loan repayment for Feb","'10755906603","'020256617152"

"SOURCE INSTITUTION SUMMARY >> UNITED BANK FOR AFRICA PLC"
"S/N","TRANSACTION TYPE","TOTAL AMOUNT (N)","TRANSACTION VOLUME"
"1","Fund Transfer (Direct Credit)","13300.00 ","1"

"SOURCE >> FIRST CITY MONUMENT BANK"
"S/N","CHANNEL","SESSION ID","TRANSACTION TYPE","RESPONSE","AMOUNT","TRANSACTION TIME","ORIGINATOR INSTITUTION","ORIGINATOR / BILLER","DESTINATION INSTITUTION","DESTINATION ACCOUNT NAME","DESTINATION ACCOUNT NO","NARRATION"," PAYMENT REFERENCE","LAST 12 DIGITS OF SESSION_ID"
"1","INTERNET BANKING","'000003220308085226001306883920","Fund Transfer (Direct Credit)","Approved or Completed Successfully","3000000.00 ","'2022-03-08 08:52:27","FIRST CITY MONUMENT BANK","TRANTER IT INFRASTRUCTURE SERVICES","FBN Mortgages Limited","TRANTER IT INFRASTRUCTURE SERVICES LIMITED","1000487336","web:TB1c/Tranter to FT Mortgage Bank/TRANTER IT INFRASTRUCT","'S2666119","'001306883920"

"SOURCE INSTITUTION SUMMARY >> FIRST CITY MONUMENT BANK"
"S/N","TRANSACTION TYPE","TOTAL AMOUNT (N)","TRANSACTION VOLUME"
"1","Fund Transfer (Direct Credit)","3000000.00 ","1"

"FULL BILLING SUMMARY "
"S/N","TRANSACTION TYPE","TOTAL AMOUNT (N)","TRANSACTION VOLUME"
"1","Fund Transfer (Direct Credit)","3013800.00 ","3"
