"NIBSS INSTANT PAYMENTS - INWARDS UNSUCCESSFUL"
"FBN Mortgages Limited"
"TRANSACTION DATE: 2022-03-08 06:00:00 - 2022-03-08 09:59:59"
"GENERATED ON: 2022-03-08"

"SOURCE >> UNITED BANK FOR AFRICA PLC"
"S/N","CHANNEL","SESSION ID","TRANSACTION TYPE","RESPONSE","AMOUNT","TRANSACTION TIME","ORIGINATOR INSTITUTION","ORIGINATOR / BILLER","DESTINATION INSTITUTION","DESTINATION ACCOUNT NAME","DESTINATION ACCOUNT NO","NARRATION"," PAYMENT REFERENCE","LAST 12 DIGITS OF SESSION_ID"
"1","MOBILE PHONE","'000004220308084333020256617152","Fund Transfer (Direct Credit)","Request Processing In Progress","13300.00 ","'2022-03-08 08:43:36","UNITED BANK FOR AFRICA PLC","BOYI BATURE","FBN Mortgages Limited","BOYI BATURE MAHUTA","1000563722","MOB/BOYI BATURE/UTO/10755906603/090107/Loan repayment for Feb","'10755906603","'020256617152"

"SOURCE INSTITUTION SUMMARY >> UNITED BANK FOR AFRICA PLC"
"S/N","TRANSACTION TYPE","TOTAL AMOUNT (N)","TRANSACTION VOLUME"
"1","Fund Transfer (Direct Credit)","13300.00 ","1"

"FULL BILLING SUMMARY "
"S/N","TRANSACTION TYPE","TOTAL AMOUNT (N)","TRANSACTION VOLUME"
"1","Fund Transfer (Direct Credit)","13300.00 ","1"
