"NIBSS INSTANT PAYMENTS - OUTWARDS REPORT"
"FBN Mortgages Limited"
"TRANSACTION DATE: 2022-03-09 22:00:00 - 2022-03-10 05:59:59"
"GENERATED ON: 2022-03-10"

"DESTINATION >> FIRST BANK OF NIGERIA PLC"
"S/N","CHANNEL","SESSION ID","TRANSACTION TYPE","RESPONSE","AMOUNT","TRANSACTION TIME","ORIGINATOR INSTITUTION","ORIGINATOR / BILLER","DESTINATION INSTITUTION","DESTINATION ACCOUNT NAME","DESTINATION ACCOUNT NO","NARRATION"," PAYMENT REFERENCE","LAST 12 DIGITS OF SESSION_ID"
"1","INTERNET BANKING","'090107220309231849409519395682","Fund Transfer (Direct Credit)","Approved or Completed Successfully","15700.00 ","'2022-03-09 23:18:51","FBN Mortgages Limited","MICHAEL AWONIYI AYODEJI","FIRST BANK OF NIGERIA PLC","MICHAEL AYODEJI AWONIYI","3043193423","First Bank of Nigeria/MICHAEL AYODEJI AWONIYI/WebApp: Transfer to FBN acct, Trf to First Bank of Ni","'FTMortgage/NIP/220309231849","'409519395682"

"DESTINATION INSTITUTION SUMMARY >> FIRST BANK OF NIGERIA PLC"
"S/N","TRANSACTION TYPE","TOTAL AMOUNT (N)","TRANSACTION VOLUME"
"1","Fund Transfer (Direct Credit)","15700.00 ","1"

"FULL BILLING SUMMARY "
"S/N","TRANSACTION TYPE","TOTAL AMOUNT (N)","TRANSACTION VOLUME"
"1","Fund Transfer (Direct Credit)","15700.00 ","1"
