"NIBSS INSTANT PAYMENTS - INWARDS TXNLOG"
"FBN Mortgages Limited"
"TRANSACTION DATE: 2022-03-01 13:00:00 - 2022-03-01 15:59:59"
"GENERATED ON: 2022-03-01"

"SOURCE >> FBN Mortgages Limited"
"S/N","CHANNEL","SESSION ID","TRANSACTION TYPE","RESPONSE","AMOUNT","TRANSACTION TIME","ORIGINATOR INSTITUTION","ORIGINATOR / BILLER","DESTINATION INSTITUTION","DESTINATION ACCOUNT NAME","DESTINATION ACCOUNT NO","NARRATION"," PAYMENT REFERENCE","LAST 12 DIGITS OF SESSION_ID"
"1","INTERNET BANKING","'090107220301131543456817751199","Fund Transfer (Direct Credit)","Approved or Completed Successfully","1000.00 ","'2022-03-01 13:15:43","FBN Mortgages Limited","FAJIMI ADEGBOYEGA ADEYEMI","FBN Mortgages Limited","CHIKELU UCHE CHARLES","1000343791","FirstTrust Mortgage Bank Plc/CHIKELU UCHE CHARLES/WebApp: Cash, Trf to FBNM CHIKELU UCHE CHARLES","'FTMortgage/NIP/220301131543","'456817751199"

"SOURCE INSTITUTION SUMMARY >> FBN Mortgages Limited"
"S/N","TRANSACTION TYPE","TOTAL AMOUNT (N)","TRANSACTION VOLUME"
"1","Fund Transfer (Direct Credit)","1000.00 ","1"

"SOURCE >> FIRST BANK OF NIGERIA PLC"
"S/N","CHANNEL","SESSION ID","TRANSACTION TYPE","RESPONSE","AMOUNT","TRANSACTION TIME","ORIGINATOR INSTITUTION","ORIGINATOR / BILLER","DESTINATION INSTITUTION","DESTINATION ACCOUNT NAME","DESTINATION ACCOUNT NO","NARRATION"," PAYMENT REFERENCE","LAST 12 DIGITS OF SESSION_ID"
"1","MOBILE PHONE","'000016220301154514000021955735","Fund Transfer (Direct Credit)","Approved or Completed Successfully","40000.00 ","'2022-03-01 15:45:16","FIRST BANK OF NIGERIA PLC","AUDACITY ACQUISITIONS LIMITED","FBN Mortgages Limited","CHRISTOPHER UYI IBHAZEHI-ORIA AND QUEEN CHARITY UYI ORIA","1000495346","FBNMOBILE:CHRISTOPHER UYI IBHAZEHI /NONE","'637817463148354843","'000021955735"

"SOURCE INSTITUTION SUMMARY >> FIRST BANK OF NIGERIA PLC"
"S/N","TRANSACTION TYPE","TOTAL AMOUNT (N)","TRANSACTION VOLUME"
"1","Fund Transfer (Direct Credit)","40000.00 ","1"

"FULL BILLING SUMMARY "
"S/N","TRANSACTION TYPE","TOTAL AMOUNT (N)","TRANSACTION VOLUME"
"1","Fund Transfer (Direct Credit)","41000.00 ","2"
