"NIBSS INSTANT PAYMENTS - OUTWARDS TXNLOG"
"FBN Mortgages Limited"
"TRANSACTION DATE: 2022-03-01 13:00:00 - 2022-03-01 15:59:59"
"GENERATED ON: 2022-03-01"

"DESTINATION >> ACCESS BANK PLC"
"S/N","CHANNEL","SESSION ID","TRANSACTION TYPE","RESPONSE","AMOUNT","TRANSACTION TIME","ORIGINATOR INSTITUTION","ORIGINATOR / BILLER","DESTINATION INSTITUTION","DESTINATION ACCOUNT NAME","DESTINATION ACCOUNT NO","NARRATION"," PAYMENT REFERENCE","LAST 12 DIGITS OF SESSION_ID"
"1","INTERNET BANKING","'090107220301131125588524828044","Fund Transfer (Direct Credit)","Approved or Completed Successfully","15000.00 ","'2022-03-01 13:11:26","FBN Mortgages Limited","AGWU ULOMA FRANCES","ACCESS BANK PLC","SIMPLE &amp; BEAUTIFUL","0000258313","Access Bank/SIMPLE &amp; BEAUTIFUL/WebApp: By order of ED, Trf to Access Bank SIMPLE &amp; BEAUTIFU","'FTMortgage/NIP/220301131125","'588524828044"

"DESTINATION INSTITUTION SUMMARY >> ACCESS BANK PLC"
"S/N","TRANSACTION TYPE","TOTAL AMOUNT (N)","TRANSACTION VOLUME"
"1","Fund Transfer (Direct Credit)","15000.00 ","1"

"DESTINATION >> FBN Mortgages Limited"
"S/N","CHANNEL","SESSION ID","TRANSACTION TYPE","RESPONSE","AMOUNT","TRANSACTION TIME","ORIGINATOR INSTITUTION","ORIGINATOR / BILLER","DESTINATION INSTITUTION","DESTINATION ACCOUNT NAME","DESTINATION ACCOUNT NO","NARRATION"," PAYMENT REFERENCE","LAST 12 DIGITS OF SESSION_ID"
"1","INTERNET BANKING","'090107220301131543456817751199","Fund Transfer (Direct Credit)","Approved or Completed Successfully","1000.00 ","'2022-03-01 13:15:43","FBN Mortgages Limited","FAJIMI ADEGBOYEGA ADEYEMI","FBN Mortgages Limited","CHIKELU UCHE CHARLES","1000343791","FirstTrust Mortgage Bank Plc/CHIKELU UCHE CHARLES/WebApp: Cash, Trf to FBNM CHIKELU UCHE CHARLES","'FTMortgage/NIP/220301131543","'456817751199"

"DESTINATION INSTITUTION SUMMARY >> FBN Mortgages Limited"
"S/N","TRANSACTION TYPE","TOTAL AMOUNT (N)","TRANSACTION VOLUME"
"1","Fund Transfer (Direct Credit)","1000.00 ","1"

"DESTINATION >> GUARANTY TRUST BANK PLC"
"S/N","CHANNEL","SESSION ID","TRANSACTION TYPE","RESPONSE","AMOUNT","TRANSACTION TIME","ORIGINATOR INSTITUTION","ORIGINATOR / BILLER","DESTINATION INSTITUTION","DESTINATION ACCOUNT NAME","DESTINATION ACCOUNT NO","NARRATION"," PAYMENT REFERENCE","LAST 12 DIGITS OF SESSION_ID"
"1","INTERNET BANKING","'090107220301141550739004944297","Fund Transfer (Direct Credit)","Approved or Completed Successfully","4500.00 ","'2022-03-01 14:15:51","FBN Mortgages Limited","JUBRIL OLATUNJI LAWAL","GUARANTY TRUST BANK PLC","LAWAL JUBRIL OLATUNJI","0009683858","GTBank Plc/LAWAL JUBRIL OLATUNJI/WebApp: self, Trf to GTBank Plc LAWAL JUBRIL OLATUNJI","'FTMortgage/NIP/220301141550","'739004944297"

"DESTINATION INSTITUTION SUMMARY >> GUARANTY TRUST BANK PLC"
"S/N","TRANSACTION TYPE","TOTAL AMOUNT (N)","TRANSACTION VOLUME"
"1","Fund Transfer (Direct Credit)","4500.00 ","1"

"FULL BILLING SUMMARY "
"S/N","TRANSACTION TYPE","TOTAL AMOUNT (N)","TRANSACTION VOLUME"
"1","Fund Transfer (Direct Credit)","20500.00 ","3"
