"NIBSS INSTANT PAYMENTS - OUTWARDS SUCCESSFUL"
"FBN Mortgages Limited"
"TRANSACTION DATE: 2022-03-02 06:00:00 - 2022-03-02 09:59:59"
"GENERATED ON: 2022-03-02"

"DESTINATION >> POLARIS BANK"
"S/N","CHANNEL","SESSION ID","TRANSACTION TYPE","RESPONSE","AMOUNT","TRANSACTION TIME","ORIGINATOR INSTITUTION","ORIGINATOR / BILLER","DESTINATION INSTITUTION","DESTINATION ACCOUNT NAME","DESTINATION ACCOUNT NO","NARRATION"," PAYMENT REFERENCE","LAST 12 DIGITS OF SESSION_ID"
"1","INTERNET BANKING","'090107220302085130575876890981","Fund Transfer (Direct Credit)","Approved or Completed Successfully","10000.00 ","'2022-03-02 08:51:46","FBN Mortgages Limited","JUBRIL OLATUNJI LAWAL","POLARIS BANK","LAWAL, JUBRIL OLATUNJI","3044636867","Polaris Bank/LAWAL, JUBRIL OLATUNJI/WebApp: self, Trf to Polaris Bank LAWAL, JUBRIL OLATUNJI","'FTMortgage/NIP/220302085130","'575876890981"

"DESTINATION INSTITUTION SUMMARY >> POLARIS BANK"
"S/N","TRANSACTION TYPE","TOTAL AMOUNT (N)","TRANSACTION VOLUME"
"1","Fund Transfer (Direct Credit)","10000.00 ","1"

"DESTINATION >> FIRST BANK OF NIGERIA PLC"
"S/N","CHANNEL","SESSION ID","TRANSACTION TYPE","RESPONSE","AMOUNT","TRANSACTION TIME","ORIGINATOR INSTITUTION","ORIGINATOR / BILLER","DESTINATION INSTITUTION","DESTINATION ACCOUNT NAME","DESTINATION ACCOUNT NO","NARRATION"," PAYMENT REFERENCE","LAST 12 DIGITS OF SESSION_ID"
"1","INTERNET BANKING","'090107220302091309675154843120","Fund Transfer (Direct Credit)","Approved or Completed Successfully","11850.00 ","'2022-03-02 09:13:31","FBN Mortgages Limited","ABAYOMI -AMAO OLUWAKANYINSOLAMI","FIRST BANK OF NIGERIA PLC","AWE TOLULOPE ABIODUN","3115122337","First Bank of Nigeria/AWE TOLULOPE ABIODUN/WebApp: Kanyinsola, Trf to First Bank of Nigeria AWE TOL","'FTMortgage/NIP/220302091309","'675154843120"
"2","INTERNET BANKING","'090107220302093310663109109715","Fund Transfer (Direct Credit)","Approved or Completed Successfully","64000.00 ","'2022-03-02 09:34:11","FBN Mortgages Limited","RABIU MORUF AROWOLO","FIRST BANK OF NIGERIA PLC","RABIU MARUFF AROWOLO","3068891474","First Bank of Nigeria/RABIU MARUFF AROWOLO/WebApp: Rabiu moruf, Trf to First Bank of Nigeria RABIU","'FTMortgage/NIP/220302093310","'663109109715"
"3","INTERNET BANKING","'090107220302095700421160856173","Fund Transfer (Direct Credit)","Approved or Completed Successfully","14500.00 ","'2022-03-02 09:57:03","FBN Mortgages Limited","SALIU RAHAMAN","FIRST BANK OF NIGERIA PLC","SALIU RAHAMAN","3053770430","First Bank of Nigeria/SALIU RAHAMAN/WebApp: SALIU Rahaman, Trf to First Bank of Nigeria SALIU RAHAM","'FTMortgage/NIP/220302095700","'421160856173"

"DESTINATION INSTITUTION SUMMARY >> FIRST BANK OF NIGERIA PLC"
"S/N","TRANSACTION TYPE","TOTAL AMOUNT (N)","TRANSACTION VOLUME"
"1","Fund Transfer (Direct Credit)","90350.00 ","3"

"DESTINATION >> GUARANTY TRUST BANK PLC"
"S/N","CHANNEL","SESSION ID","TRANSACTION TYPE","RESPONSE","AMOUNT","TRANSACTION TIME","ORIGINATOR INSTITUTION","ORIGINATOR / BILLER","DESTINATION INSTITUTION","DESTINATION ACCOUNT NAME","DESTINATION ACCOUNT NO","NARRATION"," PAYMENT REFERENCE","LAST 12 DIGITS OF SESSION_ID"
"1","INTERNET BANKING","'090107220302085247122155360870","Fund Transfer (Direct Credit)","Approved or Completed Successfully","10000.00 ","'2022-03-02 08:53:03","FBN Mortgages Limited","JUBRIL OLATUNJI LAWAL","GUARANTY TRUST BANK PLC","LAWAL JUBRIL OLATUNJI","0009683858","GTBank Plc/LAWAL JUBRIL OLATUNJI/WebApp: self, Trf to GTBank Plc LAWAL JUBRIL OLATUNJI","'FTMortgage/NIP/220302085247","'122155360870"

"DESTINATION INSTITUTION SUMMARY >> GUARANTY TRUST BANK PLC"
"S/N","TRANSACTION TYPE","TOTAL AMOUNT (N)","TRANSACTION VOLUME"
"1","Fund Transfer (Direct Credit)","10000.00 ","1"

"FULL BILLING SUMMARY "
"S/N","TRANSACTION TYPE","TOTAL AMOUNT (N)","TRANSACTION VOLUME"
"1","Fund Transfer (Direct Credit)","110350.00 ","5"
