"NIBSS INSTANT PAYMENTS - INWARDS TXNLOG"
"FBN Mortgages Limited"
"TRANSACTION DATE: 2022-03-02 06:00:00 - 2022-03-02 09:59:59"
"GENERATED ON: 2022-03-02"

"SOURCE >> ACCESS BANK PLC"
"S/N","CHANNEL","SESSION ID","TRANSACTION TYPE","RESPONSE","AMOUNT","TRANSACTION TIME","ORIGINATOR INSTITUTION","ORIGINATOR / BILLER","DESTINATION INSTITUTION","DESTINATION ACCOUNT NAME","DESTINATION ACCOUNT NO","NARRATION"," PAYMENT REFERENCE","LAST 12 DIGITS OF SESSION_ID"
"1","MOBILE PHONE","'000014220302074224277473826165","Fund Transfer (Direct Credit)","Approved or Completed Successfully","60000.00 ","'2022-03-02 07:42:24","ACCESS BANK PLC","IDARA NSIKAK ESSIEN-106-DIAMONDXTRA","FBN Mortgages Limited","ESSIEN IDARA NSIKAK","1000365641","TRFFRM IDARA NSIKAK ESSIEN TO ESSIEN IDARA NSIKAK","'000014220302074201266091125589","'277473826165"

"SOURCE INSTITUTION SUMMARY >> ACCESS BANK PLC"
"S/N","TRANSACTION TYPE","TOTAL AMOUNT (N)","TRANSACTION VOLUME"
"1","Fund Transfer (Direct Credit)","60000.00 ","1"

"SOURCE >> GUARANTY TRUST BANK PLC"
"S/N","CHANNEL","SESSION ID","TRANSACTION TYPE","RESPONSE","AMOUNT","TRANSACTION TIME","ORIGINATOR INSTITUTION","ORIGINATOR / BILLER","DESTINATION INSTITUTION","DESTINATION ACCOUNT NAME","DESTINATION ACCOUNT NO","NARRATION"," PAYMENT REFERENCE","LAST 12 DIGITS OF SESSION_ID"
"1","MOBILE PHONE","'000013220302075510000073270351","Fund Transfer (Direct Credit)","Approved or Completed Successfully","3000000.00 ","'2022-03-02 07:56:36","GUARANTY TRUST BANK PLC","EDEBI OTEFE UMENU","FBN Mortgages Limited","OTEFE-EDEBI CHIGOZIRIM","0000468480","Mortgagesavings REF226892072003000000002203020755","'000073270351","'000073270351"
"2","MOBILE PHONE","'000013220302082545000073326851","Fund Transfer (Direct Credit)","Approved or Completed Successfully","20000.00 ","'2022-03-02 08:26:27","GUARANTY TRUST BANK PLC","MADU HAUWAMADU HAUWA","FBN Mortgages Limited","HAUWA MADU","1000317949","REF322326492000020000002203020826","'000073326851","'000073326851"
"3","INTERNET BANKING","'000013220302091418000073431979","Fund Transfer (Direct Credit)","Approved or Completed Successfully","60000.00 ","'2022-03-02 09:15:01","GUARANTY TRUST BANK PLC","NGONG HIPOLETUS CYPRIANNGONG HIPOLETUS CYPRIAN","FBN Mortgages Limited","NGONG HIPOLETUS CYPRIAN","1000466672","Mortgage","'000073431979","'000073431979"

"SOURCE INSTITUTION SUMMARY >> GUARANTY TRUST BANK PLC"
"S/N","TRANSACTION TYPE","TOTAL AMOUNT (N)","TRANSACTION VOLUME"
"1","Fund Transfer (Direct Credit)","3080000.00 ","3"

"SOURCE >> STANBIC IBTC BANK PLC"
"S/N","CHANNEL","SESSION ID","TRANSACTION TYPE","RESPONSE","AMOUNT","TRANSACTION TIME","ORIGINATOR INSTITUTION","ORIGINATOR / BILLER","DESTINATION INSTITUTION","DESTINATION ACCOUNT NAME","DESTINATION ACCOUNT NO","NARRATION"," PAYMENT REFERENCE","LAST 12 DIGITS OF SESSION_ID"
"1","INTERNET BANKING","'000012220302061522137713616000","Fund Transfer (Direct Credit)","Approved or Completed Successfully","400000.00 ","'2022-03-02 06:15:22","STANBIC IBTC BANK PLC","KAYODE KOLA KALEIJAIYE","FBN Mortgages Limited","KALEJAIYE KAYODE KOLAWOLE","1000511527","Account Funding","'137713616","'137713616000"

"SOURCE INSTITUTION SUMMARY >> STANBIC IBTC BANK PLC"
"S/N","TRANSACTION TYPE","TOTAL AMOUNT (N)","TRANSACTION VOLUME"
"1","Fund Transfer (Direct Credit)","400000.00 ","1"

"FULL BILLING SUMMARY "
"S/N","TRANSACTION TYPE","TOTAL AMOUNT (N)","TRANSACTION VOLUME"
"1","Fund Transfer (Direct Credit)","3540000.00 ","5"
