"NIBSS INSTANT PAYMENTS - INWARDS TXNLOG"
"FBN Mortgages Limited"
"TRANSACTION DATE: 2022-03-08 22:00:00 - 2022-03-09 05:59:59"
"GENERATED ON: 2022-03-09"

"SOURCE >> ACCESS BANK PLC"
"S/N","CHANNEL","SESSION ID","TRANSACTION TYPE","RESPONSE","AMOUNT","TRANSACTION TIME","ORIGINATOR INSTITUTION","ORIGINATOR / BILLER","DESTINATION INSTITUTION","DESTINATION ACCOUNT NAME","DESTINATION ACCOUNT NO","NARRATION"," PAYMENT REFERENCE","LAST 12 DIGITS OF SESSION_ID"
"1","MOBILE PHONE","'000014220309025712282712469787","Fund Transfer (Direct Credit)","Approved or Completed Successfully","70000.00 ","'2022-03-09 02:57:12","ACCESS BANK PLC","KUPONIYI OLADIPUPO","FBN Mortgages Limited","KUPONIYI OLANIYI OLADIPO","1000603149","TRF/loan repaymt/FRM KUPONIYI OLADIPUPO TO KUPONIYI","'VNM4385741247009616","'282712469787"

"SOURCE INSTITUTION SUMMARY >> ACCESS BANK PLC"
"S/N","TRANSACTION TYPE","TOTAL AMOUNT (N)","TRANSACTION VOLUME"
"1","Fund Transfer (Direct Credit)","70000.00 ","1"

"FULL BILLING SUMMARY "
"S/N","TRANSACTION TYPE","TOTAL AMOUNT (N)","TRANSACTION VOLUME"
"1","Fund Transfer (Direct Credit)","70000.00 ","1"
