"NIBSS INSTANT PAYMENTS - INWARDS TXNLOG"
"FBN Mortgages Limited"
"TRANSACTION DATE: 2022-03-30 06:00:00 - 2022-03-30 09:59:59"
"GENERATED ON: 2022-03-30"

"SOURCE >> ACCESS BANK PLC"
"S/N","CHANNEL","SESSION ID","TRANSACTION TYPE","RESPONSE","AMOUNT","TRANSACTION TIME","ORIGINATOR INSTITUTION","ORIGINATOR / BILLER","DESTINATION INSTITUTION","DESTINATION ACCOUNT NAME","DESTINATION ACCOUNT NO","NARRATION"," PAYMENT REFERENCE","LAST 12 DIGITS OF SESSION_ID"
"1","MOBILE PHONE","'000014220330082717253983835530","Fund Transfer (Direct Credit)","Timeout waiting for response from Destination","5000.00 ","'2022-03-30 08:27:17","ACCESS BANK PLC","EDEH EMEKA BONIFACE-106-DIAMONDXTRA","FBN Mortgages Limited","EDEH EMEKA BONIFACE","1000396663","NIP000014220330082717005386191723VNS020033220330082717371247334025867183","'000014220330082658273039335247","'253983835530"

"SOURCE INSTITUTION SUMMARY >> ACCESS BANK PLC"
"S/N","TRANSACTION TYPE","TOTAL AMOUNT (N)","TRANSACTION VOLUME"
"1","Fund Transfer (Direct Credit)","5000.00 ","1"

"SOURCE >> STANBIC IBTC BANK PLC"
"S/N","CHANNEL","SESSION ID","TRANSACTION TYPE","RESPONSE","AMOUNT","TRANSACTION TIME","ORIGINATOR INSTITUTION","ORIGINATOR / BILLER","DESTINATION INSTITUTION","DESTINATION ACCOUNT NAME","DESTINATION ACCOUNT NO","NARRATION"," PAYMENT REFERENCE","LAST 12 DIGITS OF SESSION_ID"
"1","INTERNET BANKING","'000012220330092433142206372000","Fund Transfer (Direct Credit)","Approved or Completed Successfully","300000.00 ","'2022-03-30 09:24:34","STANBIC IBTC BANK PLC","ELECHI DAVID NDUKWE","FBN Mortgages Limited","DAVID NDUKWE &amp; YOLANDA GEORGE","1000486951","Savings","'142206372","'142206372000"

"SOURCE INSTITUTION SUMMARY >> STANBIC IBTC BANK PLC"
"S/N","TRANSACTION TYPE","TOTAL AMOUNT (N)","TRANSACTION VOLUME"
"1","Fund Transfer (Direct Credit)","300000.00 ","1"

"SOURCE >> Providus Bank "
"S/N","CHANNEL","SESSION ID","TRANSACTION TYPE","RESPONSE","AMOUNT","TRANSACTION TIME","ORIGINATOR INSTITUTION","ORIGINATOR / BILLER","DESTINATION INSTITUTION","DESTINATION ACCOUNT NAME","DESTINATION ACCOUNT NO","NARRATION"," PAYMENT REFERENCE","LAST 12 DIGITS OF SESSION_ID"
"1","USSD","'000023220330081153008023867690","Fund Transfer (Direct Credit)","Approved or Completed Successfully","15000.00 ","'2022-03-30 08:11:54","Providus Bank ","ABAYOMI-AMAO OLUWAKANYINSOLA.","FBN Mortgages Limited","FAJIMI ADEGBOYEGA ADEYEMI","1000580529","MOB: To FBN Mortgages Limited|FAJIMI ADEGBOYEGA ADEYEMI Dubai Experience","'1648624283385","'008023867690"

"SOURCE INSTITUTION SUMMARY >> Providus Bank "
"S/N","TRANSACTION TYPE","TOTAL AMOUNT (N)","TRANSACTION VOLUME"
"1","Fund Transfer (Direct Credit)","15000.00 ","1"

"FULL BILLING SUMMARY "
"S/N","TRANSACTION TYPE","TOTAL AMOUNT (N)","TRANSACTION VOLUME"
"1","Fund Transfer (Direct Credit)","320000.00 ","3"
