"NIBSS INSTANT PAYMENTS - INWARDS UNSUCCESSFUL"
"FBN Mortgages Limited"
"TRANSACTION DATE: 2022-03-30 06:00:00 - 2022-03-30 09:59:59"
"GENERATED ON: 2022-03-30"

"SOURCE >> ACCESS BANK PLC"
"S/N","CHANNEL","SESSION ID","TRANSACTION TYPE","RESPONSE","AMOUNT","TRANSACTION TIME","ORIGINATOR INSTITUTION","ORIGINATOR / BILLER","DESTINATION INSTITUTION","DESTINATION ACCOUNT NAME","DESTINATION ACCOUNT NO","NARRATION"," PAYMENT REFERENCE","LAST 12 DIGITS OF SESSION_ID"
"1","MOBILE PHONE","'000014220330082717253983835530","Fund Transfer (Direct Credit)","Timeout waiting for response from Destination","5000.00 ","'2022-03-30 08:27:17","ACCESS BANK PLC","EDEH EMEKA BONIFACE-106-DIAMONDXTRA","FBN Mortgages Limited","EDEH EMEKA BONIFACE","1000396663","NIP000014220330082717005386191723VNS020033220330082717371247334025867183","'000014220330082658273039335247","'253983835530"

"SOURCE INSTITUTION SUMMARY >> ACCESS BANK PLC"
"S/N","TRANSACTION TYPE","TOTAL AMOUNT (N)","TRANSACTION VOLUME"
"1","Fund Transfer (Direct Credit)","5000.00 ","1"

"FULL BILLING SUMMARY "
"S/N","TRANSACTION TYPE","TOTAL AMOUNT (N)","TRANSACTION VOLUME"
"1","Fund Transfer (Direct Credit)","5000.00 ","1"
