"NIBSS INSTANT PAYMENTS - OUTWARDS TXNLOG"
"FBN Mortgages Limited"
"TRANSACTION DATE: 2022-03-30 06:00:00 - 2022-03-30 09:59:59"
"GENERATED ON: 2022-03-30"

"DESTINATION >> ZENITH BANK PLC"
"S/N","CHANNEL","SESSION ID","TRANSACTION TYPE","RESPONSE","AMOUNT","TRANSACTION TIME","ORIGINATOR INSTITUTION","ORIGINATOR / BILLER","DESTINATION INSTITUTION","DESTINATION ACCOUNT NAME","DESTINATION ACCOUNT NO","NARRATION"," PAYMENT REFERENCE","LAST 12 DIGITS OF SESSION_ID"
"1","BANK TELLER","'090107220330072841400252964298","Fund Transfer (Direct Credit)","Approved or Completed Successfully","820000.00 ","'2022-03-30 07:28:47","FBN Mortgages Limited","OGUNDARE YEMI ALADE","ZENITH BANK PLC","PARITY SYSTEMS TECH. LTD","1010850416","Zenith Bank/PARITY SYSTEMS TECH. LTD/Cisco Router 4300 Series","'FBNMortgage/NIP/220330072841","'400252964298"
"2","INTERNET BANKING","'090107220330093440115324606970","Fund Transfer (Direct Credit)","Approved or Completed Successfully","1000.00 ","'2022-03-30 09:34:41","FBN Mortgages Limited","LAWSON SOTONYE JEAN","ZENITH BANK PLC","SOTONYE LAWSON","2184825163","Zenith Bank/SOTONYE LAWSON/WebApp: Skin care, Trf to Zenith Bank SOTONYE LAWSON","'FTMortgage/NIP/220330093440","'115324606970"

"DESTINATION INSTITUTION SUMMARY >> ZENITH BANK PLC"
"S/N","TRANSACTION TYPE","TOTAL AMOUNT (N)","TRANSACTION VOLUME"
"1","Fund Transfer (Direct Credit)","821000.00 ","2"

"FULL BILLING SUMMARY "
"S/N","TRANSACTION TYPE","TOTAL AMOUNT (N)","TRANSACTION VOLUME"
"1","Fund Transfer (Direct Credit)","821000.00 ","2"
