"NIBSS INSTANT PAYMENTS - INWARDS REPORT"
"FBN Mortgages Limited"
"TRANSACTION DATE: 2022-03-30 16:00:00 - 2022-03-30 21:59:59"
"GENERATED ON: 2022-03-30"

"SOURCE >> UNITED BANK FOR AFRICA PLC"
"S/N","CHANNEL","SESSION ID","TRANSACTION TYPE","RESPONSE","AMOUNT","TRANSACTION TIME","ORIGINATOR INSTITUTION","ORIGINATOR / BILLER","DESTINATION INSTITUTION","DESTINATION ACCOUNT NAME","DESTINATION ACCOUNT NO","NARRATION"," PAYMENT REFERENCE","LAST 12 DIGITS OF SESSION_ID"
"1","BANK TELLER","'000004220330164125005088422674","Fund Transfer (Direct Credit)","Approved or Completed Successfully","75200.00 ","'2022-03-30 16:58:56","UNITED BANK FOR AFRICA PLC","SALAMATU A ISAWA","FBN Mortgages Limited","SALAMATU ABBA ISAWA","1000566527","TRF IFO SALAMATU ABBA ISAWA","'NA","'005088422674"

"SOURCE INSTITUTION SUMMARY >> UNITED BANK FOR AFRICA PLC"
"S/N","TRANSACTION TYPE","TOTAL AMOUNT (N)","TRANSACTION VOLUME"
"1","Fund Transfer (Direct Credit)","75200.00 ","1"

"SOURCE >> FIRST BANK OF NIGERIA PLC"
"S/N","CHANNEL","SESSION ID","TRANSACTION TYPE","RESPONSE","AMOUNT","TRANSACTION TIME","ORIGINATOR INSTITUTION","ORIGINATOR / BILLER","DESTINATION INSTITUTION","DESTINATION ACCOUNT NAME","DESTINATION ACCOUNT NO","NARRATION"," PAYMENT REFERENCE","LAST 12 DIGITS OF SESSION_ID"
"1","MOBILE PHONE","'000016220330194507000021323040","Fund Transfer (Direct Credit)","Approved or Completed Successfully","10000000.00 ","'2022-03-30 19:45:10","FIRST BANK OF NIGERIA PLC","LUKMAN ADELEKE CONSTRUCTION LIMITED","FBN Mortgages Limited","LUKMAN ADELEKE CONSTRUCTION LIMITED","1000476758","FBNMOBILE:LUKMAN ADELEKE CONSTRUCTION LIMITED/CASH","'637842663073938790","'000021323040"

"SOURCE INSTITUTION SUMMARY >> FIRST BANK OF NIGERIA PLC"
"S/N","TRANSACTION TYPE","TOTAL AMOUNT (N)","TRANSACTION VOLUME"
"1","Fund Transfer (Direct Credit)","10000000.00 ","1"

"SOURCE >> GUARANTY TRUST BANK PLC"
"S/N","CHANNEL","SESSION ID","TRANSACTION TYPE","RESPONSE","AMOUNT","TRANSACTION TIME","ORIGINATOR INSTITUTION","ORIGINATOR / BILLER","DESTINATION INSTITUTION","DESTINATION ACCOUNT NAME","DESTINATION ACCOUNT NO","NARRATION"," PAYMENT REFERENCE","LAST 12 DIGITS OF SESSION_ID"
"1","INTERNET BANKING","'000013220330192245000127246988","Fund Transfer (Direct Credit)","Approved or Completed Successfully","94000.00 ","'2022-03-30 19:23:35","GUARANTY TRUST BANK PLC","NGONG HIPOLETUS CYPRIAN","FBN Mortgages Limited","NGONG HIPOLETUS CYPRIAN","1000466672","Ngong","'000127246988","'000127246988"

"SOURCE INSTITUTION SUMMARY >> GUARANTY TRUST BANK PLC"
"S/N","TRANSACTION TYPE","TOTAL AMOUNT (N)","TRANSACTION VOLUME"
"1","Fund Transfer (Direct Credit)","94000.00 ","1"

"SOURCE >> Providus Bank "
"S/N","CHANNEL","SESSION ID","TRANSACTION TYPE","RESPONSE","AMOUNT","TRANSACTION TIME","ORIGINATOR INSTITUTION","ORIGINATOR / BILLER","DESTINATION INSTITUTION","DESTINATION ACCOUNT NAME","DESTINATION ACCOUNT NO","NARRATION"," PAYMENT REFERENCE","LAST 12 DIGITS OF SESSION_ID"
"1","USSD","'000023220330161216008023900714","Fund Transfer (Direct Credit)","Timeout waiting for response from Destination","25000.00 ","'2022-03-30 16:12:19","Providus Bank ","ABAYOMI-AMAO OLUWAKANYINSOLA.","FBN Mortgages Limited","ABAYOMI -AMAO OLUWAKANYINSOLAMI","1000597666","MOB: To FBN Mortgages Limited|ABAYOMI -AMAO OLUWAKANYINSOLAMI Self","'1648653118704","'008023900714"

"SOURCE INSTITUTION SUMMARY >> Providus Bank "
"S/N","TRANSACTION TYPE","TOTAL AMOUNT (N)","TRANSACTION VOLUME"
"1","Fund Transfer (Direct Credit)","25000.00 ","1"

"FULL BILLING SUMMARY "
"S/N","TRANSACTION TYPE","TOTAL AMOUNT (N)","TRANSACTION VOLUME"
"1","Fund Transfer (Direct Credit)","10194200.00 ","4"
