"NIBSS INSTANT PAYMENTS - INWARDS UNSUCCESSFUL"
"FBN Mortgages Limited"
"TRANSACTION DATE: 2022-03-30 16:00:00 - 2022-03-30 21:59:59"
"GENERATED ON: 2022-03-30"

"SOURCE >> Providus Bank "
"S/N","CHANNEL","SESSION ID","TRANSACTION TYPE","RESPONSE","AMOUNT","TRANSACTION TIME","ORIGINATOR INSTITUTION","ORIGINATOR / BILLER","DESTINATION INSTITUTION","DESTINATION ACCOUNT NAME","DESTINATION ACCOUNT NO","NARRATION"," PAYMENT REFERENCE","LAST 12 DIGITS OF SESSION_ID"
"1","USSD","'000023220330161216008023900714","Fund Transfer (Direct Credit)","Timeout waiting for response from Destination","25000.00 ","'2022-03-30 16:12:19","Providus Bank ","ABAYOMI-AMAO OLUWAKANYINSOLA.","FBN Mortgages Limited","ABAYOMI -AMAO OLUWAKANYINSOLAMI","1000597666","MOB: To FBN Mortgages Limited|ABAYOMI -AMAO OLUWAKANYINSOLAMI Self","'1648653118704","'008023900714"

"SOURCE INSTITUTION SUMMARY >> Providus Bank "
"S/N","TRANSACTION TYPE","TOTAL AMOUNT (N)","TRANSACTION VOLUME"
"1","Fund Transfer (Direct Credit)","25000.00 ","1"

"FULL BILLING SUMMARY "
"S/N","TRANSACTION TYPE","TOTAL AMOUNT (N)","TRANSACTION VOLUME"
"1","Fund Transfer (Direct Credit)","25000.00 ","1"
