"NIBSS INSTANT PAYMENTS - OUTWARDS TXNLOG"
"FBN Mortgages Limited"
"TRANSACTION DATE: 2022-03-30 16:00:00 - 2022-03-30 21:59:59"
"GENERATED ON: 2022-03-30"

"DESTINATION >> ACCESS BANK PLC"
"S/N","CHANNEL","SESSION ID","TRANSACTION TYPE","RESPONSE","AMOUNT","TRANSACTION TIME","ORIGINATOR INSTITUTION","ORIGINATOR / BILLER","DESTINATION INSTITUTION","DESTINATION ACCOUNT NAME","DESTINATION ACCOUNT NO","NARRATION"," PAYMENT REFERENCE","LAST 12 DIGITS OF SESSION_ID"
"1","INTERNET BANKING","'090107220330212712209395722389","Fund Transfer (Direct Credit)","Approved or Completed Successfully","4000.00 ","'2022-03-30 21:27:14","FBN Mortgages Limited","LAWSON SOTONYE JEAN","ACCESS BANK PLC","SOTONYE LAWSON","0007437070","Access Bank/SOTONYE LAWSON/WebApp: FUEL, Trf to Access Bank SOTONYE LAWSON","'FTMortgage/NIP/220330212712","'209395722389"

"DESTINATION INSTITUTION SUMMARY >> ACCESS BANK PLC"
"S/N","TRANSACTION TYPE","TOTAL AMOUNT (N)","TRANSACTION VOLUME"
"1","Fund Transfer (Direct Credit)","4000.00 ","1"

"DESTINATION >> FIRST BANK OF NIGERIA PLC"
"S/N","CHANNEL","SESSION ID","TRANSACTION TYPE","RESPONSE","AMOUNT","TRANSACTION TIME","ORIGINATOR INSTITUTION","ORIGINATOR / BILLER","DESTINATION INSTITUTION","DESTINATION ACCOUNT NAME","DESTINATION ACCOUNT NO","NARRATION"," PAYMENT REFERENCE","LAST 12 DIGITS OF SESSION_ID"
"1","INTERNET BANKING","'090107220330170103338844904769","Fund Transfer (Direct Credit)","Approved or Completed Successfully","46000.00 ","'2022-03-30 17:01:05","FBN Mortgages Limited","DAIRO YAYA AJIBOLA","FIRST BANK OF NIGERIA PLC","DAIRO YAYA AJIBOLA","3006078194","First Bank of Nigeria/DAIRO YAYA AJIBOLA/WebApp: Self transfer, Trf to First Bank of Nigeria DAIRO","'FTMortgage/NIP/220330170103","'338844904769"

"DESTINATION INSTITUTION SUMMARY >> FIRST BANK OF NIGERIA PLC"
"S/N","TRANSACTION TYPE","TOTAL AMOUNT (N)","TRANSACTION VOLUME"
"1","Fund Transfer (Direct Credit)","46000.00 ","1"

"DESTINATION >> GUARANTY TRUST BANK PLC"
"S/N","CHANNEL","SESSION ID","TRANSACTION TYPE","RESPONSE","AMOUNT","TRANSACTION TIME","ORIGINATOR INSTITUTION","ORIGINATOR / BILLER","DESTINATION INSTITUTION","DESTINATION ACCOUNT NAME","DESTINATION ACCOUNT NO","NARRATION"," PAYMENT REFERENCE","LAST 12 DIGITS OF SESSION_ID"
"1","INTERNET BANKING","'090107220330195937638684938341","Fund Transfer (Direct Credit)","Approved or Completed Successfully","1000.00 ","'2022-03-30 19:59:38","FBN Mortgages Limited","MBAH CHINENYE NKECHI","GUARANTY TRUST BANK PLC","AJIBOLA OLADAYO PETER","0451060272","GTBank Plc/AJIBOLA OLADAYO PETER/WebApp: Trf to GTBank Plc AJIBOLA OLADAYO PETER","'FTMortgage/NIP/220330195937","'638684938341"

"DESTINATION INSTITUTION SUMMARY >> GUARANTY TRUST BANK PLC"
"S/N","TRANSACTION TYPE","TOTAL AMOUNT (N)","TRANSACTION VOLUME"
"1","Fund Transfer (Direct Credit)","1000.00 ","1"

"FULL BILLING SUMMARY "
"S/N","TRANSACTION TYPE","TOTAL AMOUNT (N)","TRANSACTION VOLUME"
"1","Fund Transfer (Direct Credit)","51000.00 ","3"
