"NIBSS INSTANT PAYMENTS - INWARDS REPORT"
"FBN Mortgages Limited"
"TRANSACTION DATE: 2022-03-03 16:00:00 - 2022-03-03 21:59:59"
"GENERATED ON: 2022-03-04"

"SOURCE >> UNITED BANK FOR AFRICA PLC"
"S/N","CHANNEL","SESSION ID","TRANSACTION TYPE","RESPONSE","AMOUNT","TRANSACTION TIME","ORIGINATOR INSTITUTION","ORIGINATOR / BILLER","DESTINATION INSTITUTION","DESTINATION ACCOUNT NAME","DESTINATION ACCOUNT NO","NARRATION"," PAYMENT REFERENCE","LAST 12 DIGITS OF SESSION_ID"
"1","MOBILE PHONE","'000004220303215242217656808754","Fund Transfer (Direct Credit)","Request Processing In Progress","5200.00 ","'2022-03-03 21:52:43","UNITED BANK FOR AFRICA PLC","MATTHEW ENOCH OLUSEGUN","FBN Mortgages Limited","MATTHEW ENOCK OLUSEGUN","1000331192","MOB/MATTHEW ENOCH OLUSEGUN/UTO/10709323470/090107/Matthew","'10709323470","'217656808754"

"SOURCE INSTITUTION SUMMARY >> UNITED BANK FOR AFRICA PLC"
"S/N","TRANSACTION TYPE","TOTAL AMOUNT (N)","TRANSACTION VOLUME"
"1","Fund Transfer (Direct Credit)","5200.00 ","1"

"SOURCE >> GUARANTY TRUST BANK PLC"
"S/N","CHANNEL","SESSION ID","TRANSACTION TYPE","RESPONSE","AMOUNT","TRANSACTION TIME","ORIGINATOR INSTITUTION","ORIGINATOR / BILLER","DESTINATION INSTITUTION","DESTINATION ACCOUNT NAME","DESTINATION ACCOUNT NO","NARRATION"," PAYMENT REFERENCE","LAST 12 DIGITS OF SESSION_ID"
"1","MOBILE PHONE","'000013220303191819000077139315","Fund Transfer (Direct Credit)","Beneficiary Bank Not Available","45000.00 ","'2022-03-03 19:14:45","GUARANTY TRUST BANK PLC","ODO JANET ACHOODO, JANET ACHO","FBN Mortgages Limited","ODO ACHO JANET","1000312281","Mortgage REF322338871000045000002203031918","'000077139315","'000077139315"
"2","MOBILE PHONE","'000013220303194607000077199243","Fund Transfer (Direct Credit)","Beneficiary Bank Not Available","100000.00 ","'2022-03-03 19:42:34","GUARANTY TRUST BANK PLC","OFODUM DORIS EMMANUELLAOFODUM, DORIS EMMANUELLA","FBN Mortgages Limited","CHIME LEO AGI","1000417351","Mortgage REF325357461000100000002203031946","'000077199243","'000077199243"
"3","MOBILE PHONE","'000013220303195218000077209777","Fund Transfer (Direct Credit)","Request Processing In Progress","100000.00 ","'2022-03-03 19:48:45","GUARANTY TRUST BANK PLC","OFODUM DORIS EMMANUELLAOFODUM, DORIS EMMANUELLA","FBN Mortgages Limited","CHIME LEO AGI","1000417351","Mortgagepayments REF325357461000100000002203031952","'000077209777","'000077209777"

"SOURCE INSTITUTION SUMMARY >> GUARANTY TRUST BANK PLC"
"S/N","TRANSACTION TYPE","TOTAL AMOUNT (N)","TRANSACTION VOLUME"
"1","Fund Transfer (Direct Credit)","245000.00 ","3"

"FULL BILLING SUMMARY "
"S/N","TRANSACTION TYPE","TOTAL AMOUNT (N)","TRANSACTION VOLUME"
"1","Fund Transfer (Direct Credit)","250200.00 ","4"
