"NIBSS INSTANT PAYMENTS - OUTWARDS SUCCESSFUL"
"FBN Mortgages Limited"
"TRANSACTION DATE: 2022-03-02 10:00:00 - 2022-03-02 12:59:59"
"GENERATED ON: 2022-03-02"

"DESTINATION >> Globus Bank"
"S/N","CHANNEL","SESSION ID","TRANSACTION TYPE","RESPONSE","AMOUNT","TRANSACTION TIME","ORIGINATOR INSTITUTION","ORIGINATOR / BILLER","DESTINATION INSTITUTION","DESTINATION ACCOUNT NAME","DESTINATION ACCOUNT NO","NARRATION"," PAYMENT REFERENCE","LAST 12 DIGITS OF SESSION_ID"
"1","INTERNET BANKING","'090107220302101807114321356869","Fund Transfer (Direct Credit)","Approved or Completed Successfully","25000.00 ","'2022-03-02 10:18:08","FBN Mortgages Limited","FEMI-OLUKOTUN OLUSOLA","Globus Bank","OLUSOLA M FEMI-OLUKOTUN","1000031670","GLOBUS BANK/OLUSOLA M FEMI-OLUKOTUN/WebApp: Sola, Trf to GLOBUS BANK OLUSOLA M FEMI-OLUKOTUN","'FTMortgage/NIP/220302101807","'114321356869"

"DESTINATION INSTITUTION SUMMARY >> Globus Bank"
"S/N","TRANSACTION TYPE","TOTAL AMOUNT (N)","TRANSACTION VOLUME"
"1","Fund Transfer (Direct Credit)","25000.00 ","1"

"DESTINATION >> ACCESS BANK PLC"
"S/N","CHANNEL","SESSION ID","TRANSACTION TYPE","RESPONSE","AMOUNT","TRANSACTION TIME","ORIGINATOR INSTITUTION","ORIGINATOR / BILLER","DESTINATION INSTITUTION","DESTINATION ACCOUNT NAME","DESTINATION ACCOUNT NO","NARRATION"," PAYMENT REFERENCE","LAST 12 DIGITS OF SESSION_ID"
"1","BANK TELLER","'090107220302115731316427557715","Fund Transfer (Direct Credit)","Approved or Completed Successfully","30000.00 ","'2022-03-02 11:57:32","FBN Mortgages Limited","ADENIYI SUNDAY ADESHINA","ACCESS BANK PLC","SUNDAY ADENIYI","0044755075","Access Bank/SUNDAY ADENIYI/Take home","'FBNMortgage/NIP/220302115731","'316427557715"

"DESTINATION INSTITUTION SUMMARY >> ACCESS BANK PLC"
"S/N","TRANSACTION TYPE","TOTAL AMOUNT (N)","TRANSACTION VOLUME"
"1","Fund Transfer (Direct Credit)","30000.00 ","1"

"DESTINATION >> ACCESS BANK PLC (DIAMOND)"
"S/N","CHANNEL","SESSION ID","TRANSACTION TYPE","RESPONSE","AMOUNT","TRANSACTION TIME","ORIGINATOR INSTITUTION","ORIGINATOR / BILLER","DESTINATION INSTITUTION","DESTINATION ACCOUNT NAME","DESTINATION ACCOUNT NO","NARRATION"," PAYMENT REFERENCE","LAST 12 DIGITS OF SESSION_ID"
"1","INTERNET BANKING","'090107220302114140060241042354","Fund Transfer (Direct Credit)","Approved or Completed Successfully","13000.00 ","'2022-03-02 11:41:42","FBN Mortgages Limited","CHINENYE JULIET ONYEDIKWA","ACCESS BANK PLC (DIAMOND)","ONYEDIKWA JULIET","0036705163","Diamond Bank/ONYEDIKWA JULIET/WebApp: Trf to Diamond Bank ONYEDIKWA JULIET","'FTMortgage/NIP/220302114140","'060241042354"

"DESTINATION INSTITUTION SUMMARY >> ACCESS BANK PLC (DIAMOND)"
"S/N","TRANSACTION TYPE","TOTAL AMOUNT (N)","TRANSACTION VOLUME"
"1","Fund Transfer (Direct Credit)","13000.00 ","1"

"DESTINATION >> FIRST BANK OF NIGERIA PLC"
"S/N","CHANNEL","SESSION ID","TRANSACTION TYPE","RESPONSE","AMOUNT","TRANSACTION TIME","ORIGINATOR INSTITUTION","ORIGINATOR / BILLER","DESTINATION INSTITUTION","DESTINATION ACCOUNT NAME","DESTINATION ACCOUNT NO","NARRATION"," PAYMENT REFERENCE","LAST 12 DIGITS OF SESSION_ID"
"1","INTERNET BANKING","'090107220302105822057931931936","Fund Transfer (Direct Credit)","Approved or Completed Successfully","5000.00 ","'2022-03-02 10:58:24","FBN Mortgages Limited","MODUPEOLA TEMITAYO ADEDIPE","FIRST BANK OF NIGERIA PLC","ADEDIPE MODUPEOLA TEMITAYO","3053216514","First Bank of Nigeria/ADEDIPE MODUPEOLA TEMITAYO/WebApp: Dupeola, Trf to First Bank of Nigeria ADED","'FTMortgage/NIP/220302105822","'057931931936"
"2","INTERNET BANKING","'090107220302121456333974814983","Fund Transfer (Direct Credit)","Approved or Completed Successfully","20000.00 ","'2022-03-02 12:14:57","FBN Mortgages Limited","BOLAJI BODUNRIN RICHARD","FIRST BANK OF NIGERIA PLC","AKINLEYE ADEYINKA DANIEL","3075664553","First Bank of Nigeria/AKINLEYE ADEYINKA DANIEL/WebApp: Repayment, Trf to First Bank of Nigeria AKIN","'FTMortgage/NIP/220302121456","'333974814983"

"DESTINATION INSTITUTION SUMMARY >> FIRST BANK OF NIGERIA PLC"
"S/N","TRANSACTION TYPE","TOTAL AMOUNT (N)","TRANSACTION VOLUME"
"1","Fund Transfer (Direct Credit)","25000.00 ","2"

"DESTINATION >> GUARANTY TRUST BANK PLC"
"S/N","CHANNEL","SESSION ID","TRANSACTION TYPE","RESPONSE","AMOUNT","TRANSACTION TIME","ORIGINATOR INSTITUTION","ORIGINATOR / BILLER","DESTINATION INSTITUTION","DESTINATION ACCOUNT NAME","DESTINATION ACCOUNT NO","NARRATION"," PAYMENT REFERENCE","LAST 12 DIGITS OF SESSION_ID"
"1","INTERNET BANKING","'090107220302102143413390679112","Fund Transfer (Direct Credit)","Approved or Completed Successfully","28000.00 ","'2022-03-02 10:21:45","FBN Mortgages Limited","AJIBOLA FOLAKE OLUWATOSIN","GUARANTY TRUST BANK PLC","AJIBOLA FOLAKE OLUWATOSIN","0467188573","GTBank Plc/AJIBOLA FOLAKE OLUWATOSIN/WebApp: Trf to GTBank Plc AJIBOLA FOLAKE OLUWATOSIN","'FTMortgage/NIP/220302102143","'413390679112"
"2","BANK TELLER","'090107220302115902806696636310","Fund Transfer (Direct Credit)","Approved or Completed Successfully","17000.00 ","'2022-03-02 11:59:03","FBN Mortgages Limited","ADENIYI SUNDAY ADESHINA","GUARANTY TRUST BANK PLC","ADENIYI ADESHINA SUNDAY","0036505406","GTBank Plc/ADENIYI ADESHINA SUNDAY/Take home","'FBNMortgage/NIP/220302115902","'806696636310"

"DESTINATION INSTITUTION SUMMARY >> GUARANTY TRUST BANK PLC"
"S/N","TRANSACTION TYPE","TOTAL AMOUNT (N)","TRANSACTION VOLUME"
"1","Fund Transfer (Direct Credit)","45000.00 ","2"

"FULL BILLING SUMMARY "
"S/N","TRANSACTION TYPE","TOTAL AMOUNT (N)","TRANSACTION VOLUME"
"1","Fund Transfer (Direct Credit)","138000.00 ","7"
