"NIBSS INSTANT PAYMENTS - INWARDS REPORT"
"FBN Mortgages Limited"
"TRANSACTION DATE: 2022-03-02 10:00:00 - 2022-03-02 12:59:59"
"GENERATED ON: 2022-03-02"

"SOURCE >> FIDELITY BANK PLC"
"S/N","CHANNEL","SESSION ID","TRANSACTION TYPE","RESPONSE","AMOUNT","TRANSACTION TIME","ORIGINATOR INSTITUTION","ORIGINATOR / BILLER","DESTINATION INSTITUTION","DESTINATION ACCOUNT NAME","DESTINATION ACCOUNT NO","NARRATION"," PAYMENT REFERENCE","LAST 12 DIGITS OF SESSION_ID"
"1","INTERNET BANKING","'000007220302114651902762039739","Fund Transfer (Direct Credit)","Approved or Completed Successfully","170000.00 ","'2022-03-02 11:46:53","FIDELITY BANK PLC","CHUKWUNONSO OBIDI","FBN Mortgages Limited","OBIDI EMMANUEL CHUKWUNONSO","1000529056","ONB TRF FROM CHUKWUNONS **1188 FBP","'ONB22030211465107483","'902762039739"

"SOURCE INSTITUTION SUMMARY >> FIDELITY BANK PLC"
"S/N","TRANSACTION TYPE","TOTAL AMOUNT (N)","TRANSACTION VOLUME"
"1","Fund Transfer (Direct Credit)","170000.00 ","1"

"FULL BILLING SUMMARY "
"S/N","TRANSACTION TYPE","TOTAL AMOUNT (N)","TRANSACTION VOLUME"
"1","Fund Transfer (Direct Credit)","170000.00 ","1"
