"NIBSS INSTANT PAYMENTS - OUTWARDS SUCCESSFUL"
"FBN Mortgages Limited"
"TRANSACTION DATE: 2022-03-11 13:00:00 - 2022-03-11 15:59:59"
"GENERATED ON: 2022-03-11"

"DESTINATION >> ECOBANK NIGERIA PLC"
"S/N","CHANNEL","SESSION ID","TRANSACTION TYPE","RESPONSE","AMOUNT","TRANSACTION TIME","ORIGINATOR INSTITUTION","ORIGINATOR / BILLER","DESTINATION INSTITUTION","DESTINATION ACCOUNT NAME","DESTINATION ACCOUNT NO","NARRATION"," PAYMENT REFERENCE","LAST 12 DIGITS OF SESSION_ID"
"1","INTERNET BANKING","'090107220311140617498095650122","Fund Transfer (Direct Credit)","Approved or Completed Successfully","5000.00 ","'2022-03-11 14:06:19","FBN Mortgages Limited","ABAYOMI -AMAO OLUWAKANYINSOLAMI","ECOBANK NIGERIA PLC","LASISI WASIU IDOWU","1992514848","Ecobank Bank/LASISI WASIU IDOWU/WebApp: Kanyinsola, Trf to Ecobank Bank LASISI WASIU IDOWU","'FTMortgage/NIP/220311140617","'498095650122"

"DESTINATION INSTITUTION SUMMARY >> ECOBANK NIGERIA PLC"
"S/N","TRANSACTION TYPE","TOTAL AMOUNT (N)","TRANSACTION VOLUME"
"1","Fund Transfer (Direct Credit)","5000.00 ","1"

"DESTINATION >> FIRST BANK OF NIGERIA PLC"
"S/N","CHANNEL","SESSION ID","TRANSACTION TYPE","RESPONSE","AMOUNT","TRANSACTION TIME","ORIGINATOR INSTITUTION","ORIGINATOR / BILLER","DESTINATION INSTITUTION","DESTINATION ACCOUNT NAME","DESTINATION ACCOUNT NO","NARRATION"," PAYMENT REFERENCE","LAST 12 DIGITS OF SESSION_ID"
"1","INTERNET BANKING","'090107220311141842031111719732","Fund Transfer (Direct Credit)","Approved or Completed Successfully","30000.00 ","'2022-03-11 14:18:45","FBN Mortgages Limited","ABAYOMI -AMAO OLUWAKANYINSOLAMI","FIRST BANK OF NIGERIA PLC","ABAYOMI-AMAO OLUWAKANYINSOLA","2009415599","First Bank of Nigeria/ABAYOMI-AMAO OLUWAKANYINSOLA/WebApp: Kanyinsola, Trf to First Bank of Nigeria","'FTMortgage/NIP/220311141842","'031111719732"
"2","BANK TELLER","'090107220311143914114362483542","Fund Transfer (Direct Credit)","Approved or Completed Successfully","1000.00 ","'2022-03-11 14:39:17","FBN Mortgages Limited","OGUNDARE YEMI ALADE","FIRST BANK OF NIGERIA PLC","DISU DAMILOLA NURAT","3083857422","First Bank of Nigeria/DISU DAMILOLA NURAT/5Fruits","'FBNMortgage/NIP/220311143914","'114362483542"

"DESTINATION INSTITUTION SUMMARY >> FIRST BANK OF NIGERIA PLC"
"S/N","TRANSACTION TYPE","TOTAL AMOUNT (N)","TRANSACTION VOLUME"
"1","Fund Transfer (Direct Credit)","31000.00 ","2"

"DESTINATION >> GUARANTY TRUST BANK PLC"
"S/N","CHANNEL","SESSION ID","TRANSACTION TYPE","RESPONSE","AMOUNT","TRANSACTION TIME","ORIGINATOR INSTITUTION","ORIGINATOR / BILLER","DESTINATION INSTITUTION","DESTINATION ACCOUNT NAME","DESTINATION ACCOUNT NO","NARRATION"," PAYMENT REFERENCE","LAST 12 DIGITS OF SESSION_ID"
"1","BANK TELLER","'090107220311144832837360059150","Fund Transfer (Direct Credit)","Approved or Completed Successfully","20000.00 ","'2022-03-11 14:48:34","FBN Mortgages Limited","ABIMBOLA ADEMOLA AKEEM","GUARANTY TRUST BANK PLC","ABIMBOLA AKEEM ADEMOLA","0002716706","GTBank Plc/ABIMBOLA AKEEM ADEMOLA/By Akeem","'FBNMortgage/NIP/220311144832","'837360059150"

"DESTINATION INSTITUTION SUMMARY >> GUARANTY TRUST BANK PLC"
"S/N","TRANSACTION TYPE","TOTAL AMOUNT (N)","TRANSACTION VOLUME"
"1","Fund Transfer (Direct Credit)","20000.00 ","1"

"FULL BILLING SUMMARY "
"S/N","TRANSACTION TYPE","TOTAL AMOUNT (N)","TRANSACTION VOLUME"
"1","Fund Transfer (Direct Credit)","56000.00 ","4"
