"NIBSS INSTANT PAYMENTS - INWARDS UNSUCCESSFUL"
"FBN Mortgages Limited"
"TRANSACTION DATE: 2022-03-04 06:00:00 - 2022-03-04 09:59:59"
"GENERATED ON: 2022-03-04"

"SOURCE >> UNITED BANK FOR AFRICA PLC"
"S/N","CHANNEL","SESSION ID","TRANSACTION TYPE","RESPONSE","AMOUNT","TRANSACTION TIME","ORIGINATOR INSTITUTION","ORIGINATOR / BILLER","DESTINATION INSTITUTION","DESTINATION ACCOUNT NAME","DESTINATION ACCOUNT NO","NARRATION"," PAYMENT REFERENCE","LAST 12 DIGITS OF SESSION_ID"
"1","MOBILE PHONE","'000004220304072905263948816309","Fund Transfer (Direct Credit)","Beneficiary Bank Not Available","30000.00 ","'2022-03-04 07:29:53","UNITED BANK FOR AFRICA PLC","OSIMOKUN TEMITOPE","FBN Mortgages Limited","OSIMOKUN TEMITOPE OMOTAYO","1000572973","MOB/OSIMOKUN TEMITOPE/UTO/10711200446/090107/Mortgage","'10711200446","'263948816309"
"2","MOBILE PHONE","'000004220304095840655130670549","Fund Transfer (Direct Credit)","Beneficiary Bank Not Available","5200.00 ","'2022-03-04 09:58:41","UNITED BANK FOR AFRICA PLC","MATTHEW ENOCH OLUSEGUN","FBN Mortgages Limited","MATTHEW ENOCK OLUSEGUN","1000331192","MOB/MATTHEW ENOCH OLUSEGUN/UTO/10712955242/090107/Matthew","'10712955242","'655130670549"

"SOURCE INSTITUTION SUMMARY >> UNITED BANK FOR AFRICA PLC"
"S/N","TRANSACTION TYPE","TOTAL AMOUNT (N)","TRANSACTION VOLUME"
"1","Fund Transfer (Direct Credit)","35200.00 ","2"

"SOURCE >> GUARANTY TRUST BANK PLC"
"S/N","CHANNEL","SESSION ID","TRANSACTION TYPE","RESPONSE","AMOUNT","TRANSACTION TIME","ORIGINATOR INSTITUTION","ORIGINATOR / BILLER","DESTINATION INSTITUTION","DESTINATION ACCOUNT NAME","DESTINATION ACCOUNT NO","NARRATION"," PAYMENT REFERENCE","LAST 12 DIGITS OF SESSION_ID"
"1","INTERNET BANKING","'000013220304084459000077828018","Fund Transfer (Direct Credit)","Invalid Transaction","20000.00 ","'2022-03-04 08:46:00","GUARANTY TRUST BANK PLC","ZUBAIR NANA HAUWA","FBN Mortgages Limited","HAUWA NANA ZUBAIR","1000384765","","'000077828018","'000077828018"

"SOURCE INSTITUTION SUMMARY >> GUARANTY TRUST BANK PLC"
"S/N","TRANSACTION TYPE","TOTAL AMOUNT (N)","TRANSACTION VOLUME"
"1","Fund Transfer (Direct Credit)","20000.00 ","1"

"FULL BILLING SUMMARY "
"S/N","TRANSACTION TYPE","TOTAL AMOUNT (N)","TRANSACTION VOLUME"
"1","Fund Transfer (Direct Credit)","55200.00 ","3"
