"NIBSS INSTANT PAYMENTS - INWARDS SUCCESSFUL"
"FBN Mortgages Limited"
"TRANSACTION DATE: 2022-03-04 06:00:00 - 2022-03-04 09:59:59"
"GENERATED ON: 2022-03-04"

"SOURCE >> FIRST BANK OF NIGERIA PLC"
"S/N","CHANNEL","SESSION ID","TRANSACTION TYPE","RESPONSE","AMOUNT","TRANSACTION TIME","ORIGINATOR INSTITUTION","ORIGINATOR / BILLER","DESTINATION INSTITUTION","DESTINATION ACCOUNT NAME","DESTINATION ACCOUNT NO","NARRATION"," PAYMENT REFERENCE","LAST 12 DIGITS OF SESSION_ID"
"1","MOBILE PHONE","'000016220304091347000031887525","Fund Transfer (Direct Credit)","Approved or Completed Successfully","113000.00 ","'2022-03-04 09:13:50","FIRST BANK OF NIGERIA PLC","OTUDEKO OLUWAFEYIKEMI MARY","FBN Mortgages Limited","ABAYOMI -AMAO OLUWAKANYINSOLAMI","1000597666","FBNMOBILE:ABAYOMI AMAO OLUWAKANYINSOLAMI/P","'637819820278605488","'000031887525"

"SOURCE INSTITUTION SUMMARY >> FIRST BANK OF NIGERIA PLC"
"S/N","TRANSACTION TYPE","TOTAL AMOUNT (N)","TRANSACTION VOLUME"
"1","Fund Transfer (Direct Credit)","113000.00 ","1"

"SOURCE >> GUARANTY TRUST BANK PLC"
"S/N","CHANNEL","SESSION ID","TRANSACTION TYPE","RESPONSE","AMOUNT","TRANSACTION TIME","ORIGINATOR INSTITUTION","ORIGINATOR / BILLER","DESTINATION INSTITUTION","DESTINATION ACCOUNT NAME","DESTINATION ACCOUNT NO","NARRATION"," PAYMENT REFERENCE","LAST 12 DIGITS OF SESSION_ID"
"1","MOBILE PHONE","'000013220304092026000077911929","Fund Transfer (Direct Credit)","Approved or Completed Successfully","139000.00 ","'2022-03-04 09:21:27","GUARANTY TRUST BANK PLC","SANNI ABDULBASIT ADEDEJISANNI, ABDULBASIT ADEDEJI","FBN Mortgages Limited","IDRIS NASIRU SHALL","1000315031","via GTWORLD Repayment","'000077911929","'000077911929"

"SOURCE INSTITUTION SUMMARY >> GUARANTY TRUST BANK PLC"
"S/N","TRANSACTION TYPE","TOTAL AMOUNT (N)","TRANSACTION VOLUME"
"1","Fund Transfer (Direct Credit)","139000.00 ","1"

"FULL BILLING SUMMARY "
"S/N","TRANSACTION TYPE","TOTAL AMOUNT (N)","TRANSACTION VOLUME"
"1","Fund Transfer (Direct Credit)","252000.00 ","2"
