"NIBSS INSTANT PAYMENTS - OUTWARDS SUCCESSFUL"
"FBN Mortgages Limited"
"TRANSACTION DATE: 2022-03-05 10:00:00 - 2022-03-05 12:59:59"
"GENERATED ON: 2022-03-05"

"DESTINATION >> ACCESS BANK PLC (DIAMOND)"
"S/N","CHANNEL","SESSION ID","TRANSACTION TYPE","RESPONSE","AMOUNT","TRANSACTION TIME","ORIGINATOR INSTITUTION","ORIGINATOR / BILLER","DESTINATION INSTITUTION","DESTINATION ACCOUNT NAME","DESTINATION ACCOUNT NO","NARRATION"," PAYMENT REFERENCE","LAST 12 DIGITS OF SESSION_ID"
"1","INTERNET BANKING","'090107220305101617400092381250","Fund Transfer (Direct Credit)","Approved or Completed Successfully","400.00 ","'2022-03-05 10:16:19","FBN Mortgages Limited","ADEDOYIN NIYI AYODELE","ACCESS BANK PLC (DIAMOND)","OJEWUMI NIYI","0109916427","Diamond Bank/OJEWUMI NIYI/WebApp: Trf to Diamond Bank OJEWUMI NIYI","'FTMortgage/NIP/220305101617","'400092381250"
"2","INTERNET BANKING","'090107220305125302445507269592","Fund Transfer (Direct Credit)","Approved or Completed Successfully","40000.00 ","'2022-03-05 12:53:05","FBN Mortgages Limited","SOBOWALE AWELE ONYELU","ACCESS BANK PLC (DIAMOND)","AWELE ONYELU SOBOWALE","0068532485","Diamond Bank/AWELE ONYELU SOBOWALE/WebApp: Pt, Trf to Diamond Bank AWELE ONYELU SOBOWALE","'FTMortgage/NIP/220305125302","'445507269592"

"DESTINATION INSTITUTION SUMMARY >> ACCESS BANK PLC (DIAMOND)"
"S/N","TRANSACTION TYPE","TOTAL AMOUNT (N)","TRANSACTION VOLUME"
"1","Fund Transfer (Direct Credit)","40400.00 ","2"

"DESTINATION >> FIRST BANK OF NIGERIA PLC"
"S/N","CHANNEL","SESSION ID","TRANSACTION TYPE","RESPONSE","AMOUNT","TRANSACTION TIME","ORIGINATOR INSTITUTION","ORIGINATOR / BILLER","DESTINATION INSTITUTION","DESTINATION ACCOUNT NAME","DESTINATION ACCOUNT NO","NARRATION"," PAYMENT REFERENCE","LAST 12 DIGITS OF SESSION_ID"
"1","INTERNET BANKING","'090107220305123553086133496451","Fund Transfer (Direct Credit)","Approved or Completed Successfully","8000.00 ","'2022-03-05 12:35:56","FBN Mortgages Limited","UGBABE OJONYE EWAOCHE","FIRST BANK OF NIGERIA PLC","UGBABE OJONYE EWAOCHE","3087127071","First Bank of Nigeria/UGBABE OJONYE EWAOCHE/WebApp: Trf to First Bank of Nigeria UGBABE OJONYE EWAO","'FTMortgage/NIP/220305123553","'086133496451"

"DESTINATION INSTITUTION SUMMARY >> FIRST BANK OF NIGERIA PLC"
"S/N","TRANSACTION TYPE","TOTAL AMOUNT (N)","TRANSACTION VOLUME"
"1","Fund Transfer (Direct Credit)","8000.00 ","1"

"DESTINATION >> GUARANTY TRUST BANK PLC"
"S/N","CHANNEL","SESSION ID","TRANSACTION TYPE","RESPONSE","AMOUNT","TRANSACTION TIME","ORIGINATOR INSTITUTION","ORIGINATOR / BILLER","DESTINATION INSTITUTION","DESTINATION ACCOUNT NAME","DESTINATION ACCOUNT NO","NARRATION"," PAYMENT REFERENCE","LAST 12 DIGITS OF SESSION_ID"
"1","INTERNET BANKING","'090107220305105757390264961109","Fund Transfer (Direct Credit)","Approved or Completed Successfully","13000.00 ","'2022-03-05 10:58:00","FBN Mortgages Limited","OLAMIDE TARAOLUWA ADESANYA","GUARANTY TRUST BANK PLC","ADESANYA OLAMIDE TARAOLUWA","0113362564","GTBank Plc/ADESANYA OLAMIDE TARAOLUWA/WebApp: Trf to GTBank Plc ADESANYA OLAMIDE TARAOLUWA","'FTMortgage/NIP/220305105757","'390264961109"

"DESTINATION INSTITUTION SUMMARY >> GUARANTY TRUST BANK PLC"
"S/N","TRANSACTION TYPE","TOTAL AMOUNT (N)","TRANSACTION VOLUME"
"1","Fund Transfer (Direct Credit)","13000.00 ","1"

"FULL BILLING SUMMARY "
"S/N","TRANSACTION TYPE","TOTAL AMOUNT (N)","TRANSACTION VOLUME"
"1","Fund Transfer (Direct Credit)","61400.00 ","4"
