"NIBSS INSTANT PAYMENTS - OUTWARDS REPORT"
"FBN Mortgages Limited"
"TRANSACTION DATE: 2022-03-12 10:00:00 - 2022-03-12 12:59:59"
"GENERATED ON: 2022-03-12"

"DESTINATION >> FIRST CITY MONUMENT BANK"
"S/N","CHANNEL","SESSION ID","TRANSACTION TYPE","RESPONSE","AMOUNT","TRANSACTION TIME","ORIGINATOR INSTITUTION","ORIGINATOR / BILLER","DESTINATION INSTITUTION","DESTINATION ACCOUNT NAME","DESTINATION ACCOUNT NO","NARRATION"," PAYMENT REFERENCE","LAST 12 DIGITS OF SESSION_ID"
"1","INTERNET BANKING","'090107220312110928161044844070","Fund Transfer (Direct Credit)","Approved or Completed Successfully","20000.00 ","'2022-03-12 11:09:30","FBN Mortgages Limited","LAMIDI ISIAKA ADEOYE","FIRST CITY MONUMENT BANK","ISIAKA ADEOYE LAMIDI","1919907012","First City Monument Bank/ISIAKA ADEOYE LAMIDI/WebApp: Lamidi, Trf to First City Monument Bank ISIAK","'FTMortgage/NIP/220312110928","'161044844070"

"DESTINATION INSTITUTION SUMMARY >> FIRST CITY MONUMENT BANK"
"S/N","TRANSACTION TYPE","TOTAL AMOUNT (N)","TRANSACTION VOLUME"
"1","Fund Transfer (Direct Credit)","20000.00 ","1"

"FULL BILLING SUMMARY "
"S/N","TRANSACTION TYPE","TOTAL AMOUNT (N)","TRANSACTION VOLUME"
"1","Fund Transfer (Direct Credit)","20000.00 ","1"
