"NIBSS INSTANT PAYMENTS - INWARDS TXNLOG"
"FBN Mortgages Limited"
"TRANSACTION DATE: 2022-03-12 10:00:00 - 2022-03-12 12:59:59"
"GENERATED ON: 2022-03-12"

"SOURCE >> STERLING BANK PLC"
"S/N","CHANNEL","SESSION ID","TRANSACTION TYPE","RESPONSE","AMOUNT","TRANSACTION TIME","ORIGINATOR INSTITUTION","ORIGINATOR / BILLER","DESTINATION INSTITUTION","DESTINATION ACCOUNT NAME","DESTINATION ACCOUNT NO","NARRATION"," PAYMENT REFERENCE","LAST 12 DIGITS OF SESSION_ID"
"1","INTERNET BANKING","'000001220312100526000155410286","Fund Transfer (Direct Credit)","Approved or Completed Successfully","10000000.00 ","'2022-03-12 10:05:04","STERLING BANK PLC","DOKUN-AYENI AND COMPANY","FBN Mortgages Limited","PRINCELY ESTATES LIMITED","1000462265","Transfer from DOKUN-AYENI AND COMPANY to PRINCELY ESTATES LIMITED","'SterlingPro Transfer to PRINCELY ESTATES LIMITED ()","'000155410286"

"SOURCE INSTITUTION SUMMARY >> STERLING BANK PLC"
"S/N","TRANSACTION TYPE","TOTAL AMOUNT (N)","TRANSACTION VOLUME"
"1","Fund Transfer (Direct Credit)","10000000.00 ","1"

"FULL BILLING SUMMARY "
"S/N","TRANSACTION TYPE","TOTAL AMOUNT (N)","TRANSACTION VOLUME"
"1","Fund Transfer (Direct Credit)","10000000.00 ","1"
