"NIBSS INSTANT PAYMENTS - OUTWARDS REPORT"
"FBN Mortgages Limited"
"TRANSACTION DATE: 2022-03-01 22:00:00 - 2022-03-02 05:59:59"
"GENERATED ON: 2022-03-02"

"DESTINATION >> WEMA BANK PLC"
"S/N","CHANNEL","SESSION ID","TRANSACTION TYPE","RESPONSE","AMOUNT","TRANSACTION TIME","ORIGINATOR INSTITUTION","ORIGINATOR / BILLER","DESTINATION INSTITUTION","DESTINATION ACCOUNT NAME","DESTINATION ACCOUNT NO","NARRATION"," PAYMENT REFERENCE","LAST 12 DIGITS OF SESSION_ID"
"1","INTERNET BANKING","'090107220302052736371728415320","Fund Transfer (Direct Credit)","Approved or Completed Successfully","10000.00 ","'2022-03-02 05:27:52","FBN Mortgages Limited","FADARE MODINAT ADERONKE","WEMA BANK PLC","OLUSANYA FAUSAT A","0120656903","Wema Bank/OLUSANYA FAUSAT A/WebApp: Regards, Trf to Wema Bank OLUSANYA FAUSAT A","'FTMortgage/NIP/220302052736","'371728415320"

"DESTINATION INSTITUTION SUMMARY >> WEMA BANK PLC"
"S/N","TRANSACTION TYPE","TOTAL AMOUNT (N)","TRANSACTION VOLUME"
"1","Fund Transfer (Direct Credit)","10000.00 ","1"

"FULL BILLING SUMMARY "
"S/N","TRANSACTION TYPE","TOTAL AMOUNT (N)","TRANSACTION VOLUME"
"1","Fund Transfer (Direct Credit)","10000.00 ","1"
