"NIBSS INSTANT PAYMENTS - INWARDS SUCCESSFUL"
"FBN Mortgages Limited"
"TRANSACTION DATE: 2022-03-06 22:00:00 - 2022-03-07 05:59:59"
"GENERATED ON: 2022-03-07"

"SOURCE >> GUARANTY TRUST BANK PLC"
"S/N","CHANNEL","SESSION ID","TRANSACTION TYPE","RESPONSE","AMOUNT","TRANSACTION TIME","ORIGINATOR INSTITUTION","ORIGINATOR / BILLER","DESTINATION INSTITUTION","DESTINATION ACCOUNT NAME","DESTINATION ACCOUNT NO","NARRATION"," PAYMENT REFERENCE","LAST 12 DIGITS OF SESSION_ID"
"1","INTERNET BANKING","'000013220307010330000083207363","Fund Transfer (Direct Credit)","Approved or Completed Successfully","390000.00 ","'2022-03-07 01:04:55","GUARANTY TRUST BANK PLC","HERMON GLOBAL LINKSHERMON GLOBAL LINKS","FBN Mortgages Limited","AJIBADE ADEBOLA OLAJUMOKE","1000540703","via GTWORLD Allowance","'000083207363","'000083207363"

"SOURCE INSTITUTION SUMMARY >> GUARANTY TRUST BANK PLC"
"S/N","TRANSACTION TYPE","TOTAL AMOUNT (N)","TRANSACTION VOLUME"
"1","Fund Transfer (Direct Credit)","390000.00 ","1"

"FULL BILLING SUMMARY "
"S/N","TRANSACTION TYPE","TOTAL AMOUNT (N)","TRANSACTION VOLUME"
"1","Fund Transfer (Direct Credit)","390000.00 ","1"
