"NIBSS INSTANT PAYMENTS - INWARDS REPORT"
"FIRSTTRUST MORGAGES LIMITED"
"TRANSACTION DATE: 2022-07-19 13:00:00 - 2022-07-19 15:59:59"
"GENERATED ON: 2022-07-19"

"SOURCE >> ACCESS BANK PLC"
"S/N","CHANNEL","SESSION ID","TRANSACTION TYPE","RESPONSE","AMOUNT","TRANSACTION TIME","ORIGINATOR INSTITUTION","ORIGINATOR / BILLER","DESTINATION INSTITUTION","DESTINATION ACCOUNT NAME","DESTINATION ACCOUNT NO","NARRATION"," PAYMENT REFERENCE","LAST 12 DIGITS OF SESSION_ID"
"1","MOBILE PHONE","'000014220719133203285925980211","Fund Transfer (Direct Credit)","Beneficiary Bank Not Available","5000.00 ","'2022-07-19 13:32:03","ACCESS BANK PLC","CHINENYE NKECHI MBAH","FIRSTTRUST MORGAGES LIMITED","MBAH CHINENYE NKECHI","1000617089","TRF/from Chinenye /FRM CHINENYE NKECHI MBAH TO MBAH","'VNM2964613104026306","'285925980211"

"SOURCE INSTITUTION SUMMARY >> ACCESS BANK PLC"
"S/N","TRANSACTION TYPE","TOTAL AMOUNT (N)","TRANSACTION VOLUME"
"1","Fund Transfer (Direct Credit)","5000.00 ","1"

"SOURCE >> FIRST CITY MONUMENT BANK"
"S/N","CHANNEL","SESSION ID","TRANSACTION TYPE","RESPONSE","AMOUNT","TRANSACTION TIME","ORIGINATOR INSTITUTION","ORIGINATOR / BILLER","DESTINATION INSTITUTION","DESTINATION ACCOUNT NAME","DESTINATION ACCOUNT NO","NARRATION"," PAYMENT REFERENCE","LAST 12 DIGITS OF SESSION_ID"
"1","MOBILE PHONE","'000003220719135515001532484787","Fund Transfer (Direct Credit)","Approved or Completed Successfully","3500000.00 ","'2022-07-19 14:00:27","FIRST CITY MONUMENT BANK","EMMANUEL STELLA NSE","FIRSTTRUST MORGAGES LIMITED","EMMANUEL STELLA NSE","1000385951","App Self transfer to First Trust Mortgage Bank To FIRST TRUS","'S34482207","'001532484787"

"SOURCE INSTITUTION SUMMARY >> FIRST CITY MONUMENT BANK"
"S/N","TRANSACTION TYPE","TOTAL AMOUNT (N)","TRANSACTION VOLUME"
"1","Fund Transfer (Direct Credit)","3500000.00 ","1"

"SOURCE >> GUARANTY TRUST BANK PLC"
"S/N","CHANNEL","SESSION ID","TRANSACTION TYPE","RESPONSE","AMOUNT","TRANSACTION TIME","ORIGINATOR INSTITUTION","ORIGINATOR / BILLER","DESTINATION INSTITUTION","DESTINATION ACCOUNT NAME","DESTINATION ACCOUNT NO","NARRATION"," PAYMENT REFERENCE","LAST 12 DIGITS OF SESSION_ID"
"1","MOBILE PHONE","'000013220719140227000340847141","Fund Transfer (Direct Credit)","Approved or Completed Successfully","234000.00 ","'2022-07-19 14:02:43","GUARANTY TRUST BANK PLC","EJIBE OKEY KALU","FIRSTTRUST MORGAGES LIMITED","EJIBE OKEY KALU","1000387890","July2022MortgagePayment REF521233268000234000002207191402","'000340847141","'000340847141"

"SOURCE INSTITUTION SUMMARY >> GUARANTY TRUST BANK PLC"
"S/N","TRANSACTION TYPE","TOTAL AMOUNT (N)","TRANSACTION VOLUME"
"1","Fund Transfer (Direct Credit)","234000.00 ","1"

"FULL BILLING SUMMARY "
"S/N","TRANSACTION TYPE","TOTAL AMOUNT (N)","TRANSACTION VOLUME"
"1","Fund Transfer (Direct Credit)","3739000.00 ","3"
