"NIBSS INSTANT PAYMENTS - INWARDS UNSUCCESSFUL"
"FIRSTTRUST MORGAGES LIMITED"
"TRANSACTION DATE: 2022-07-19 13:00:00 - 2022-07-19 15:59:59"
"GENERATED ON: 2022-07-19"

"SOURCE >> ACCESS BANK PLC"
"S/N","CHANNEL","SESSION ID","TRANSACTION TYPE","RESPONSE","AMOUNT","TRANSACTION TIME","ORIGINATOR INSTITUTION","ORIGINATOR / BILLER","DESTINATION INSTITUTION","DESTINATION ACCOUNT NAME","DESTINATION ACCOUNT NO","NARRATION"," PAYMENT REFERENCE","LAST 12 DIGITS OF SESSION_ID"
"1","MOBILE PHONE","'000014220719133203285925980211","Fund Transfer (Direct Credit)","Beneficiary Bank Not Available","5000.00 ","'2022-07-19 13:32:03","ACCESS BANK PLC","CHINENYE NKECHI MBAH","FIRSTTRUST MORGAGES LIMITED","MBAH CHINENYE NKECHI","1000617089","TRF/from Chinenye /FRM CHINENYE NKECHI MBAH TO MBAH","'VNM2964613104026306","'285925980211"

"SOURCE INSTITUTION SUMMARY >> ACCESS BANK PLC"
"S/N","TRANSACTION TYPE","TOTAL AMOUNT (N)","TRANSACTION VOLUME"
"1","Fund Transfer (Direct Credit)","5000.00 ","1"

"FULL BILLING SUMMARY "
"S/N","TRANSACTION TYPE","TOTAL AMOUNT (N)","TRANSACTION VOLUME"
"1","Fund Transfer (Direct Credit)","5000.00 ","1"
