"NIBSS INSTANT PAYMENTS - OUTWARDS TXNLOG"
"FIRSTTRUST MORGAGES LIMITED"
"TRANSACTION DATE: 2022-07-19 13:00:00 - 2022-07-19 15:59:59"
"GENERATED ON: 2022-07-19"

"DESTINATION >> FIRST BANK OF NIGERIA PLC"
"S/N","CHANNEL","SESSION ID","TRANSACTION TYPE","RESPONSE","AMOUNT","TRANSACTION TIME","ORIGINATOR INSTITUTION","ORIGINATOR / BILLER","DESTINATION INSTITUTION","DESTINATION ACCOUNT NAME","DESTINATION ACCOUNT NO","NARRATION"," PAYMENT REFERENCE","LAST 12 DIGITS OF SESSION_ID"
"1","INTERNET BANKING","'090107220719134315144232299708","Fund Transfer (Direct Credit)","Approved or Completed Successfully","50000.00 ","'2022-07-19 13:43:17","FIRSTTRUST MORGAGES LIMITED","ESUGA JACOB NDAFA","FIRST BANK OF NIGERIA PLC","ESUGA JACOB JAKES","2017423193","First Bank of Nigeria/ESUGA JACOB JAKES/Online: Jacob Esuga, Trf to First Bank of Nigeria ESUGA JAC","'FTMortgage/NIP/220719134315","'144232299708"
"2","INTERNET BANKING","'090107220719134528469334745643","Fund Transfer (Direct Credit)","Approved or Completed Successfully","50000.00 ","'2022-07-19 13:45:29","FIRSTTRUST MORGAGES LIMITED","USMAN CHIKO","FIRST BANK OF NIGERIA PLC","IDRIS USMAN CHIKO","3055674697","First Bank of Nigeria/IDRIS USMAN CHIKO/Online: Ft, Trf to First Bank of Nigeria IDRIS USMAN CHIKO","'FTMortgage/NIP/220719134528","'469334745643"

"DESTINATION INSTITUTION SUMMARY >> FIRST BANK OF NIGERIA PLC"
"S/N","TRANSACTION TYPE","TOTAL AMOUNT (N)","TRANSACTION VOLUME"
"1","Fund Transfer (Direct Credit)","100000.00 ","2"

"DESTINATION >> ZENITH BANK PLC"
"S/N","CHANNEL","SESSION ID","TRANSACTION TYPE","RESPONSE","AMOUNT","TRANSACTION TIME","ORIGINATOR INSTITUTION","ORIGINATOR / BILLER","DESTINATION INSTITUTION","DESTINATION ACCOUNT NAME","DESTINATION ACCOUNT NO","NARRATION"," PAYMENT REFERENCE","LAST 12 DIGITS OF SESSION_ID"
"1","INTERNET BANKING","'090107220719134535987806971210","Fund Transfer (Direct Credit)","Approved or Completed Successfully","8000.00 ","'2022-07-19 13:45:36","FIRSTTRUST MORGAGES LIMITED","ALAKIJA ANTHONIA OCHIABUTO","ZENITH BANK PLC","TONIA O. ALAKIJA","2001791628","Zenith Bank/TONIA O. ALAKIJA/Online: Please, Trf to Zenith Bank TONIA O. ALAKIJA - Account From - A","'FTMortgage/NIP/220719134535","'987806971210"
"2","INTERNET BANKING","'090107220719150600885113183731","Fund Transfer (Direct Credit)","Approved or Completed Successfully","3600.00 ","'2022-07-19 15:06:01","FIRSTTRUST MORGAGES LIMITED","AYOADE AYODELE","ZENITH BANK PLC","SARAH GRACE MOMOH","2003853803","Zenith Bank/SARAH GRACE MOMOH/Online: Gh, Trf to Zenith Bank SARAH GRACE MOMOH - Account From - AYO","'FTMortgage/NIP/220719150600","'885113183731"
"3","INTERNET BANKING","'090107220719152828262437776214","Fund Transfer (Direct Credit)","Approved or Completed Successfully","10000.00 ","'2022-07-19 15:28:30","FIRSTTRUST MORGAGES LIMITED","FEMI-OLUKOTUN OLUSOLA","ZENITH BANK PLC","OLUYEMI OLUFUNMILAYO OLAOGUN","2122136555","Zenith Bank/OLUYEMI OLUFUNMILAYO OLAOGUN/Online: Pharmacy, Trf to Zenith Bank OLUYEMI OLUFUNMILAYO","'FTMortgage/NIP/220719152828","'262437776214"

"DESTINATION INSTITUTION SUMMARY >> ZENITH BANK PLC"
"S/N","TRANSACTION TYPE","TOTAL AMOUNT (N)","TRANSACTION VOLUME"
"1","Fund Transfer (Direct Credit)","21600.00 ","3"

"DESTINATION >> FIRST CITY MONUMENT BANK"
"S/N","CHANNEL","SESSION ID","TRANSACTION TYPE","RESPONSE","AMOUNT","TRANSACTION TIME","ORIGINATOR INSTITUTION","ORIGINATOR / BILLER","DESTINATION INSTITUTION","DESTINATION ACCOUNT NAME","DESTINATION ACCOUNT NO","NARRATION"," PAYMENT REFERENCE","LAST 12 DIGITS OF SESSION_ID"
"1","INTERNET BANKING","'090107220719154058322992219860","Fund Transfer (Direct Credit)","Approved or Completed Successfully","25000.00 ","'2022-07-19 15:40:59","FIRSTTRUST MORGAGES LIMITED","JAMES WAMDIJU","FIRST CITY MONUMENT BANK","JAMES WAMDIJU","4183971013","First City Monument Bank/JAMES WAMDIJU/Online: Car Maintenance, Trf to First City Monument Bank JAM","'FTMortgage/NIP/220719154058","'322992219860"

"DESTINATION INSTITUTION SUMMARY >> FIRST CITY MONUMENT BANK"
"S/N","TRANSACTION TYPE","TOTAL AMOUNT (N)","TRANSACTION VOLUME"
"1","Fund Transfer (Direct Credit)","25000.00 ","1"

"DESTINATION >> GUARANTY TRUST BANK PLC"
"S/N","CHANNEL","SESSION ID","TRANSACTION TYPE","RESPONSE","AMOUNT","TRANSACTION TIME","ORIGINATOR INSTITUTION","ORIGINATOR / BILLER","DESTINATION INSTITUTION","DESTINATION ACCOUNT NAME","DESTINATION ACCOUNT NO","NARRATION"," PAYMENT REFERENCE","LAST 12 DIGITS OF SESSION_ID"
"1","INTERNET BANKING","'090107220719132112851414807594","Fund Transfer (Direct Credit)","Approved or Completed Successfully","50000.00 ","'2022-07-19 13:21:13","FIRSTTRUST MORGAGES LIMITED","GOODMAN CHE SOLICITORS","GUARANTY TRUST BANK PLC","IFEGBO IKECHUKWU PASCHAL","0040677160","GTBank Plc/IFEGBO IKECHUKWU PASCHAL/Online: Request, Trf to GTBank Plc IFEGBO IKECHUKWU PASCHAL - A","'FTMortgage/NIP/220719132112","'851414807594"
"2","INTERNET BANKING","'090107220719152153735251755372","Fund Transfer (Direct Credit)","Approved or Completed Successfully","110000.00 ","'2022-07-19 15:21:54","FIRSTTRUST MORGAGES LIMITED","BABAITA BILIKISU","GUARANTY TRUST BANK PLC","BABAITA BILKISU","0020034420","GTBank Plc/BABAITA BILKISU /Online: Personal, Trf to GTBank Plc BABAITA BILKISU - Account From - B","'FTMortgage/NIP/220719152153","'735251755372"

"DESTINATION INSTITUTION SUMMARY >> GUARANTY TRUST BANK PLC"
"S/N","TRANSACTION TYPE","TOTAL AMOUNT (N)","TRANSACTION VOLUME"
"1","Fund Transfer (Direct Credit)","160000.00 ","2"

"DESTINATION >> STANBIC IBTC BANK PLC"
"S/N","CHANNEL","SESSION ID","TRANSACTION TYPE","RESPONSE","AMOUNT","TRANSACTION TIME","ORIGINATOR INSTITUTION","ORIGINATOR / BILLER","DESTINATION INSTITUTION","DESTINATION ACCOUNT NAME","DESTINATION ACCOUNT NO","NARRATION"," PAYMENT REFERENCE","LAST 12 DIGITS OF SESSION_ID"
"1","INTERNET BANKING","'090107220719145256742008368641","Fund Transfer (Direct Credit)","Approved or Completed Successfully","25000.00 ","'2022-07-19 14:52:57","FIRSTTRUST MORGAGES LIMITED","OSAIBO FIDELIS EHIKIOYA","STANBIC IBTC BANK PLC","FIDELIS EHIKIOYA OSAIBO","9202453448","StanbicIBTC Bank/FIDELIS EHIKIOYA OSAIBO/Online: Loan, Trf to StanbicIBTC Bank FIDELIS EHIKIOYA OSA","'FTMortgage/NIP/220719145256","'742008368641"

"DESTINATION INSTITUTION SUMMARY >> STANBIC IBTC BANK PLC"
"S/N","TRANSACTION TYPE","TOTAL AMOUNT (N)","TRANSACTION VOLUME"
"1","Fund Transfer (Direct Credit)","25000.00 ","1"

"FULL BILLING SUMMARY "
"S/N","TRANSACTION TYPE","TOTAL AMOUNT (N)","TRANSACTION VOLUME"
"1","Fund Transfer (Direct Credit)","331600.00 ","9"
