"NIBSS INSTANT PAYMENTS - INWARDS REPORT"
"FBN Mortgages Limited"
"TRANSACTION DATE: 2022-03-07 16:00:00 - 2022-03-07 21:59:59"
"GENERATED ON: 2022-03-07"

"SOURCE >> UNITY BANK PLC"
"S/N","CHANNEL","SESSION ID","TRANSACTION TYPE","RESPONSE","AMOUNT","TRANSACTION TIME","ORIGINATOR INSTITUTION","ORIGINATOR / BILLER","DESTINATION INSTITUTION","DESTINATION ACCOUNT NAME","DESTINATION ACCOUNT NO","NARRATION"," PAYMENT REFERENCE","LAST 12 DIGITS OF SESSION_ID"
"1","MOBILE PHONE","'000011220307213259000058911817","Fund Transfer (Direct Credit)","Approved or Completed Successfully","100000.00 ","'2022-03-07 21:33:02","UNITY BANK PLC","BOT ALBERT","FBN Mortgages Limited","BOT ALBERT","1000337510","UNIFI-MobApp: Trf to FIRST MORTGAGE LIMITED (FIRST TRUST MORTGAGE BANK PLC) BOT ALBERT","'000000000110901072203072132727","'000058911817"

"SOURCE INSTITUTION SUMMARY >> UNITY BANK PLC"
"S/N","TRANSACTION TYPE","TOTAL AMOUNT (N)","TRANSACTION VOLUME"
"1","Fund Transfer (Direct Credit)","100000.00 ","1"

"SOURCE >> FIRST BANK OF NIGERIA PLC"
"S/N","CHANNEL","SESSION ID","TRANSACTION TYPE","RESPONSE","AMOUNT","TRANSACTION TIME","ORIGINATOR INSTITUTION","ORIGINATOR / BILLER","DESTINATION INSTITUTION","DESTINATION ACCOUNT NAME","DESTINATION ACCOUNT NO","NARRATION"," PAYMENT REFERENCE","LAST 12 DIGITS OF SESSION_ID"
"1","MOBILE PHONE","'000016220307163921000044359143","Fund Transfer (Direct Credit)","Approved or Completed Successfully","250000.00 ","'2022-03-07 16:39:24","FIRST BANK OF NIGERIA PLC","ALAMU ADEGBENGA","FBN Mortgages Limited","ADEGBENGA ALAMU","1000388907","FBNMOBILE:ADEGBENGA ALAMU/TRANSFER","'637822679614121268","'000044359143"

"SOURCE INSTITUTION SUMMARY >> FIRST BANK OF NIGERIA PLC"
"S/N","TRANSACTION TYPE","TOTAL AMOUNT (N)","TRANSACTION VOLUME"
"1","Fund Transfer (Direct Credit)","250000.00 ","1"

"SOURCE >> FIRST CITY MONUMENT BANK"
"S/N","CHANNEL","SESSION ID","TRANSACTION TYPE","RESPONSE","AMOUNT","TRANSACTION TIME","ORIGINATOR INSTITUTION","ORIGINATOR / BILLER","DESTINATION INSTITUTION","DESTINATION ACCOUNT NAME","DESTINATION ACCOUNT NO","NARRATION"," PAYMENT REFERENCE","LAST 12 DIGITS OF SESSION_ID"
"1","INTERNET BANKING","'000003220307165413001305956928","Fund Transfer (Direct Credit)","Beneficiary Bank Not Available","3000000.00 ","'2022-03-07 16:54:16","FIRST CITY MONUMENT BANK","TRANTER IT INFRASTRUCTURE SERVICES","FBN Mortgages Limited","TRANTER IT INFRASTRUCTURE SERVICES LIMITED","1000487336","web:TB1c/Tranter to FT Mortgage Bank/TRANTER IT INFRASTRUCT","'S773582","'001305956928"

"SOURCE INSTITUTION SUMMARY >> FIRST CITY MONUMENT BANK"
"S/N","TRANSACTION TYPE","TOTAL AMOUNT (N)","TRANSACTION VOLUME"
"1","Fund Transfer (Direct Credit)","3000000.00 ","1"

"SOURCE >> GUARANTY TRUST BANK PLC"
"S/N","CHANNEL","SESSION ID","TRANSACTION TYPE","RESPONSE","AMOUNT","TRANSACTION TIME","ORIGINATOR INSTITUTION","ORIGINATOR / BILLER","DESTINATION INSTITUTION","DESTINATION ACCOUNT NAME","DESTINATION ACCOUNT NO","NARRATION"," PAYMENT REFERENCE","LAST 12 DIGITS OF SESSION_ID"
"1","MOBILE PHONE","'000013220307172425000084591293","Fund Transfer (Direct Credit)","Approved or Completed Successfully","200000.00 ","'2022-03-07 17:25:56","GUARANTY TRUST BANK PLC","ASALU MICHAEL OLUBUNMIASALU MICHAEL OLUBUNMI","FBN Mortgages Limited","ASALU MICHAEL OLUBUNMI","1000342062","REF322355723000200000002203071724","'000084591293","'000084591293"
"2","MOBILE PHONE","'000013220307201702000084974757","Fund Transfer (Direct Credit)","Beneficiary Bank Not Available","18000.00 ","'2022-03-07 20:18:35","GUARANTY TRUST BANK PLC","SALAMI OLUWABUSOLA TEMITOPESALAMI OLUWABUSOLA TEMITOPE","FBN Mortgages Limited","SALAMI TEMITOPE OLUWABUSOLA","1000413975","via GTWORLD","'000084974757","'000084974757"

"SOURCE INSTITUTION SUMMARY >> GUARANTY TRUST BANK PLC"
"S/N","TRANSACTION TYPE","TOTAL AMOUNT (N)","TRANSACTION VOLUME"
"1","Fund Transfer (Direct Credit)","218000.00 ","2"

"FULL BILLING SUMMARY "
"S/N","TRANSACTION TYPE","TOTAL AMOUNT (N)","TRANSACTION VOLUME"
"1","Fund Transfer (Direct Credit)","3568000.00 ","5"
