"NIBSS INSTANT PAYMENTS - INWARDS UNSUCCESSFUL"
"FBN Mortgages Limited"
"TRANSACTION DATE: 2022-03-07 16:00:00 - 2022-03-07 21:59:59"
"GENERATED ON: 2022-03-07"

"SOURCE >> FIRST CITY MONUMENT BANK"
"S/N","CHANNEL","SESSION ID","TRANSACTION TYPE","RESPONSE","AMOUNT","TRANSACTION TIME","ORIGINATOR INSTITUTION","ORIGINATOR / BILLER","DESTINATION INSTITUTION","DESTINATION ACCOUNT NAME","DESTINATION ACCOUNT NO","NARRATION"," PAYMENT REFERENCE","LAST 12 DIGITS OF SESSION_ID"
"1","INTERNET BANKING","'000003220307165413001305956928","Fund Transfer (Direct Credit)","Beneficiary Bank Not Available","3000000.00 ","'2022-03-07 16:54:16","FIRST CITY MONUMENT BANK","TRANTER IT INFRASTRUCTURE SERVICES","FBN Mortgages Limited","TRANTER IT INFRASTRUCTURE SERVICES LIMITED","1000487336","web:TB1c/Tranter to FT Mortgage Bank/TRANTER IT INFRASTRUCT","'S773582","'001305956928"

"SOURCE INSTITUTION SUMMARY >> FIRST CITY MONUMENT BANK"
"S/N","TRANSACTION TYPE","TOTAL AMOUNT (N)","TRANSACTION VOLUME"
"1","Fund Transfer (Direct Credit)","3000000.00 ","1"

"SOURCE >> GUARANTY TRUST BANK PLC"
"S/N","CHANNEL","SESSION ID","TRANSACTION TYPE","RESPONSE","AMOUNT","TRANSACTION TIME","ORIGINATOR INSTITUTION","ORIGINATOR / BILLER","DESTINATION INSTITUTION","DESTINATION ACCOUNT NAME","DESTINATION ACCOUNT NO","NARRATION"," PAYMENT REFERENCE","LAST 12 DIGITS OF SESSION_ID"
"1","MOBILE PHONE","'000013220307201702000084974757","Fund Transfer (Direct Credit)","Beneficiary Bank Not Available","18000.00 ","'2022-03-07 20:18:35","GUARANTY TRUST BANK PLC","SALAMI OLUWABUSOLA TEMITOPESALAMI OLUWABUSOLA TEMITOPE","FBN Mortgages Limited","SALAMI TEMITOPE OLUWABUSOLA","1000413975","via GTWORLD","'000084974757","'000084974757"

"SOURCE INSTITUTION SUMMARY >> GUARANTY TRUST BANK PLC"
"S/N","TRANSACTION TYPE","TOTAL AMOUNT (N)","TRANSACTION VOLUME"
"1","Fund Transfer (Direct Credit)","18000.00 ","1"

"FULL BILLING SUMMARY "
"S/N","TRANSACTION TYPE","TOTAL AMOUNT (N)","TRANSACTION VOLUME"
"1","Fund Transfer (Direct Credit)","3018000.00 ","2"
