"NIBSS INSTANT PAYMENTS - OUTWARDS REPORT"
"FBN Mortgages Limited"
"TRANSACTION DATE: 2022-03-07 16:00:00 - 2022-03-07 21:59:59"
"GENERATED ON: 2022-03-07"

"DESTINATION >> ACCESS BANK PLC"
"S/N","CHANNEL","SESSION ID","TRANSACTION TYPE","RESPONSE","AMOUNT","TRANSACTION TIME","ORIGINATOR INSTITUTION","ORIGINATOR / BILLER","DESTINATION INSTITUTION","DESTINATION ACCOUNT NAME","DESTINATION ACCOUNT NO","NARRATION"," PAYMENT REFERENCE","LAST 12 DIGITS OF SESSION_ID"
"1","INTERNET BANKING","'090107220307173021849770597834","Fund Transfer (Direct Credit)","Approved or Completed Successfully","20000.00 ","'2022-03-07 17:30:25","FBN Mortgages Limited","ABAYOMI -AMAO OLUWAKANYINSOLAMI","ACCESS BANK PLC","OLUWABUKOLA ADEDAMOLA SHOLAJA","1222730663","Access Bank/OLUWABUKOLA ADEDAMOLA SHOLAJA /WebApp: Kanyinsola, Trf to Access Bank OLUWABUKOLA AD","'FTMortgage/NIP/220307173021","'849770597834"
"2","BANK TELLER","'090107220307173447865384803287","Fund Transfer (Direct Credit)","Approved or Completed Successfully","4000.00 ","'2022-03-07 17:34:51","FBN Mortgages Limited","OGUNDARE YEMI ALADE","ACCESS BANK PLC","BAMIDELE AYISAT OGUNDARE","0717956960","Access Bank/BAMIDELE AYISAT OGUNDARE/Okay","'FBNMortgage/NIP/220307173447","'865384803287"

"DESTINATION INSTITUTION SUMMARY >> ACCESS BANK PLC"
"S/N","TRANSACTION TYPE","TOTAL AMOUNT (N)","TRANSACTION VOLUME"
"1","Fund Transfer (Direct Credit)","24000.00 ","2"

"DESTINATION >> WEMA BANK PLC"
"S/N","CHANNEL","SESSION ID","TRANSACTION TYPE","RESPONSE","AMOUNT","TRANSACTION TIME","ORIGINATOR INSTITUTION","ORIGINATOR / BILLER","DESTINATION INSTITUTION","DESTINATION ACCOUNT NAME","DESTINATION ACCOUNT NO","NARRATION"," PAYMENT REFERENCE","LAST 12 DIGITS OF SESSION_ID"
"1","INTERNET BANKING","'090107220307172310165855487720","Fund Transfer (Direct Credit)","Approved or Completed Successfully","400000.00 ","'2022-03-07 17:23:14","FBN Mortgages Limited","OLUSOLA KENNY-ISRAEL AJIBADE","WEMA BANK PLC","OLUSOLA KENNY-ISRAEL AJIBADE","0247052721","Wema Bank/OLUSOLA KENNY-ISRAEL AJIBADE/WebApp: Trf to Wema Bank OLUSOLA KENNY-ISRAEL AJIBADE","'FTMortgage/NIP/220307172310","'165855487720"

"DESTINATION INSTITUTION SUMMARY >> WEMA BANK PLC"
"S/N","TRANSACTION TYPE","TOTAL AMOUNT (N)","TRANSACTION VOLUME"
"1","Fund Transfer (Direct Credit)","400000.00 ","1"

"DESTINATION >> ZENITH BANK PLC"
"S/N","CHANNEL","SESSION ID","TRANSACTION TYPE","RESPONSE","AMOUNT","TRANSACTION TIME","ORIGINATOR INSTITUTION","ORIGINATOR / BILLER","DESTINATION INSTITUTION","DESTINATION ACCOUNT NAME","DESTINATION ACCOUNT NO","NARRATION"," PAYMENT REFERENCE","LAST 12 DIGITS OF SESSION_ID"
"1","BANK TELLER","'090107220307160718435297930656","Fund Transfer (Direct Credit)","Approved or Completed Successfully","5000000.00 ","'2022-03-07 16:30:18","FBN Mortgages Limited","LONGLIQI INTERNATIONAL (NIG) LIMITED","ZENITH BANK PLC","LONGLIQI INTERNATIONAL NIG LTD","1012908177","Zenith Bank/LONGLIQI INTERNATIONAL NIG LTD/TRF IFO LONGLIQI INTERNATIONAL (NIG) LIMITED/ZENITH","'FBNMortgage/NIP/220307160718","'435297930656"
"2","BANK TELLER","'090107220307160903709529649556","Fund Transfer (Direct Credit)","Approved or Completed Successfully","5000000.00 ","'2022-03-07 16:30:50","FBN Mortgages Limited","LONGLIQI INTERNATIONAL (NIG) LIMITED","ZENITH BANK PLC","LONGLIQI INTERNATIONAL NIG LTD","1012908177","Zenith Bank/LONGLIQI INTERNATIONAL NIG LTD/TRF IFO LONGLIQI INTERNATIONAL (NIG) LIMITED/ZENITH","'FBNMortgage/NIP/220307160903","'709529649556"

"DESTINATION INSTITUTION SUMMARY >> ZENITH BANK PLC"
"S/N","TRANSACTION TYPE","TOTAL AMOUNT (N)","TRANSACTION VOLUME"
"1","Fund Transfer (Direct Credit)","10000000.00 ","2"

"DESTINATION >> FIRST BANK OF NIGERIA PLC"
"S/N","CHANNEL","SESSION ID","TRANSACTION TYPE","RESPONSE","AMOUNT","TRANSACTION TIME","ORIGINATOR INSTITUTION","ORIGINATOR / BILLER","DESTINATION INSTITUTION","DESTINATION ACCOUNT NAME","DESTINATION ACCOUNT NO","NARRATION"," PAYMENT REFERENCE","LAST 12 DIGITS OF SESSION_ID"
"1","INTERNET BANKING","'090107220307212839632425955656","Fund Transfer (Direct Credit)","Approved or Completed Successfully","5000.00 ","'2022-03-07 21:29:05","FBN Mortgages Limited","YUSUF MOHAMMED OLADIPO AIYEPOLA","FIRST BANK OF NIGERIA PLC","AIYEPOLA YUSUF OLADIPO","3075150979","First Bank of Nigeria/AIYEPOLA YUSUF OLADIPO/WebApp: Trf to First Bank of Nigeria AIYEPOLA YUSUF OL","'FTMortgage/NIP/220307212839","'632425955656"

"DESTINATION INSTITUTION SUMMARY >> FIRST BANK OF NIGERIA PLC"
"S/N","TRANSACTION TYPE","TOTAL AMOUNT (N)","TRANSACTION VOLUME"
"1","Fund Transfer (Direct Credit)","5000.00 ","1"

"DESTINATION >> GUARANTY TRUST BANK PLC"
"S/N","CHANNEL","SESSION ID","TRANSACTION TYPE","RESPONSE","AMOUNT","TRANSACTION TIME","ORIGINATOR INSTITUTION","ORIGINATOR / BILLER","DESTINATION INSTITUTION","DESTINATION ACCOUNT NAME","DESTINATION ACCOUNT NO","NARRATION"," PAYMENT REFERENCE","LAST 12 DIGITS OF SESSION_ID"
"1","INTERNET BANKING","'090107220307172619852308124636","Fund Transfer (Direct Credit)","Approved or Completed Successfully","58000.00 ","'2022-03-07 17:26:23","FBN Mortgages Limited","ABAYOMI -AMAO OLUWAKANYINSOLAMI","GUARANTY TRUST BANK PLC","ALAO JOYCE JEMIMA","0224895111","GTBank Plc/ALAO JOYCE JEMIMA/WebApp: Kanyinsola, Trf to GTBank Plc ALAO JOYCE JEMIMA","'FTMortgage/NIP/220307172619","'852308124636"
"2","INTERNET BANKING","'090107220307184201879431825248","Fund Transfer (Direct Credit)","Approved or Completed Successfully","5000.00 ","'2022-03-07 18:42:04","FBN Mortgages Limited","JUBRIL OLATUNJI LAWAL","GUARANTY TRUST BANK PLC","LAWAL JUBRIL OLATUNJI","0009683858","GTBank Plc/LAWAL JUBRIL OLATUNJI/WebApp: self, Trf to GTBank Plc LAWAL JUBRIL OLATUNJI","'FTMortgage/NIP/220307184201","'879431825248"
"3","INTERNET BANKING","'090107220307195310902459163692","Fund Transfer (Direct Credit)","Approved or Completed Successfully","25000.00 ","'2022-03-07 19:53:18","FBN Mortgages Limited","AJAYI MOYINOLUWA GABRIEL","GUARANTY TRUST BANK PLC","ADELEKE JUMOKE FELICIA","0236437590","GTBank Plc/ADELEKE JUMOKE FELICIA/WebApp: As discussed ifo, Trf to GTBank Plc ADELEKE JUMOKE FELICI","'FTMortgage/NIP/220307195310","'902459163692"
"4","INTERNET BANKING","'090107220307202827869607806035","Fund Transfer (Direct Credit)","Approved or Completed Successfully","1000.00 ","'2022-03-07 20:28:31","FBN Mortgages Limited","LOVETH MARCUS NKIRUKA","GUARANTY TRUST BANK PLC","OKIEVOR ALEXANDER HENRY","0016108425","GTBank Plc/OKIEVOR ALEXANDER HENRY/WebApp: Food, Trf to GTBank Plc OKIEVOR ALEXANDER HENRY","'FTMortgage/NIP/220307202827","'869607806035"

"DESTINATION INSTITUTION SUMMARY >> GUARANTY TRUST BANK PLC"
"S/N","TRANSACTION TYPE","TOTAL AMOUNT (N)","TRANSACTION VOLUME"
"1","Fund Transfer (Direct Credit)","89000.00 ","4"

"FULL BILLING SUMMARY "
"S/N","TRANSACTION TYPE","TOTAL AMOUNT (N)","TRANSACTION VOLUME"
"1","Fund Transfer (Direct Credit)","10518000.00 ","10"
