"NIBSS INSTANT PAYMENTS - OUTWARDS TXNLOG"
"FBN Mortgages Limited"
"TRANSACTION DATE: 2022-03-11 06:00:00 - 2022-03-11 09:59:59"
"GENERATED ON: 2022-03-11"

"DESTINATION >> GUARANTY TRUST BANK PLC"
"S/N","CHANNEL","SESSION ID","TRANSACTION TYPE","RESPONSE","AMOUNT","TRANSACTION TIME","ORIGINATOR INSTITUTION","ORIGINATOR / BILLER","DESTINATION INSTITUTION","DESTINATION ACCOUNT NAME","DESTINATION ACCOUNT NO","NARRATION"," PAYMENT REFERENCE","LAST 12 DIGITS OF SESSION_ID"
"1","INTERNET BANKING","'090107220311083421095628947352","Fund Transfer (Direct Credit)","Approved or Completed Successfully","45000.00 ","'2022-03-11 08:34:42","FBN Mortgages Limited","OLUSOLA KENNY-ISRAEL AJIBADE","GUARANTY TRUST BANK PLC","OLUSOLA KENNYISRAEL AJIBADE","0004259254","GTBank Plc/OLUSOLA KENNYISRAEL AJIBADE/WebApp: Trf to GTBank Plc OLUSOLA KENNYISRAEL AJIBADE","'FTMortgage/NIP/220311083421","'095628947352"

"DESTINATION INSTITUTION SUMMARY >> GUARANTY TRUST BANK PLC"
"S/N","TRANSACTION TYPE","TOTAL AMOUNT (N)","TRANSACTION VOLUME"
"1","Fund Transfer (Direct Credit)","45000.00 ","1"

"FULL BILLING SUMMARY "
"S/N","TRANSACTION TYPE","TOTAL AMOUNT (N)","TRANSACTION VOLUME"
"1","Fund Transfer (Direct Credit)","45000.00 ","1"
