"NIBSS INSTANT PAYMENTS - INWARDS TXNLOG"
"FBN Mortgages Limited"
"TRANSACTION DATE: 2022-03-11 06:00:00 - 2022-03-11 09:59:59"
"GENERATED ON: 2022-03-11"

"SOURCE >> GUARANTY TRUST BANK PLC"
"S/N","CHANNEL","SESSION ID","TRANSACTION TYPE","RESPONSE","AMOUNT","TRANSACTION TIME","ORIGINATOR INSTITUTION","ORIGINATOR / BILLER","DESTINATION INSTITUTION","DESTINATION ACCOUNT NAME","DESTINATION ACCOUNT NO","NARRATION"," PAYMENT REFERENCE","LAST 12 DIGITS OF SESSION_ID"
"1","MOBILE PHONE","'000013220311090202000091313311","Fund Transfer (Direct Credit)","Approved or Completed Successfully","4000.00 ","'2022-03-11 09:02:28","GUARANTY TRUST BANK PLC","AJAYI MOYINOLUWA GABRIELAJAYI MOYINOLUWA GABRIEL","FBN Mortgages Limited","AJAYI MOYINOLUWA GABRIEL","1000619186","Interbank REF208753093000004000002203110902","'000091313311","'000091313311"

"SOURCE INSTITUTION SUMMARY >> GUARANTY TRUST BANK PLC"
"S/N","TRANSACTION TYPE","TOTAL AMOUNT (N)","TRANSACTION VOLUME"
"1","Fund Transfer (Direct Credit)","4000.00 ","1"

"SOURCE >> STANBIC IBTC BANK PLC"
"S/N","CHANNEL","SESSION ID","TRANSACTION TYPE","RESPONSE","AMOUNT","TRANSACTION TIME","ORIGINATOR INSTITUTION","ORIGINATOR / BILLER","DESTINATION INSTITUTION","DESTINATION ACCOUNT NAME","DESTINATION ACCOUNT NO","NARRATION"," PAYMENT REFERENCE","LAST 12 DIGITS OF SESSION_ID"
"1","INTERNET BANKING","'000012220311085658139225526000","Fund Transfer (Direct Credit)","Approved or Completed Successfully","150000.00 ","'2022-03-11 08:56:59","STANBIC IBTC BANK PLC","KEHINDE MARTHA OMOTOSO","FBN Mortgages Limited","OMOTOSO MARTHA KEHINDE","1000420737","Deposit","'139225526","'139225526000"

"SOURCE INSTITUTION SUMMARY >> STANBIC IBTC BANK PLC"
"S/N","TRANSACTION TYPE","TOTAL AMOUNT (N)","TRANSACTION VOLUME"
"1","Fund Transfer (Direct Credit)","150000.00 ","1"

"FULL BILLING SUMMARY "
"S/N","TRANSACTION TYPE","TOTAL AMOUNT (N)","TRANSACTION VOLUME"
"1","Fund Transfer (Direct Credit)","154000.00 ","2"
