"NIBSS INSTANT PAYMENTS - OUTWARDS SUCCESSFUL"
"FBN Mortgages Limited"
"TRANSACTION DATE: 2022-03-13 10:00:00 - 2022-03-13 12:59:59"
"GENERATED ON: 2022-03-13"

"DESTINATION >> ACCESS BANK PLC"
"S/N","CHANNEL","SESSION ID","TRANSACTION TYPE","RESPONSE","AMOUNT","TRANSACTION TIME","ORIGINATOR INSTITUTION","ORIGINATOR / BILLER","DESTINATION INSTITUTION","DESTINATION ACCOUNT NAME","DESTINATION ACCOUNT NO","NARRATION"," PAYMENT REFERENCE","LAST 12 DIGITS OF SESSION_ID"
"1","INTERNET BANKING","'090107220313103218049456430968","Fund Transfer (Direct Credit)","Approved or Completed Successfully","113500.00 ","'2022-03-13 10:32:21","FBN Mortgages Limited","LAWSON SOTONYE JEAN","ACCESS BANK PLC","SOTONYE LAWSON","0007437070","Access Bank/SOTONYE LAWSON/WebApp: Transfer, Trf to Access Bank SOTONYE LAWSON","'FTMortgage/NIP/220313103218","'049456430968"

"DESTINATION INSTITUTION SUMMARY >> ACCESS BANK PLC"
"S/N","TRANSACTION TYPE","TOTAL AMOUNT (N)","TRANSACTION VOLUME"
"1","Fund Transfer (Direct Credit)","113500.00 ","1"

"DESTINATION >> FIRST CITY MONUMENT BANK"
"S/N","CHANNEL","SESSION ID","TRANSACTION TYPE","RESPONSE","AMOUNT","TRANSACTION TIME","ORIGINATOR INSTITUTION","ORIGINATOR / BILLER","DESTINATION INSTITUTION","DESTINATION ACCOUNT NAME","DESTINATION ACCOUNT NO","NARRATION"," PAYMENT REFERENCE","LAST 12 DIGITS OF SESSION_ID"
"1","INTERNET BANKING","'090107220313121753968540476059","Fund Transfer (Direct Credit)","Approved or Completed Successfully","10000.00 ","'2022-03-13 12:17:56","FBN Mortgages Limited","LAMIDI ISIAKA ADEOYE","FIRST CITY MONUMENT BANK","ISIAKA ADEOYE LAMIDI","1919907012","First City Monument Bank/ISIAKA ADEOYE LAMIDI/WebApp: Trf to First City Monument Bank ISIAKA ADEOYE","'FTMortgage/NIP/220313121753","'968540476059"

"DESTINATION INSTITUTION SUMMARY >> FIRST CITY MONUMENT BANK"
"S/N","TRANSACTION TYPE","TOTAL AMOUNT (N)","TRANSACTION VOLUME"
"1","Fund Transfer (Direct Credit)","10000.00 ","1"

"DESTINATION >> GUARANTY TRUST BANK PLC"
"S/N","CHANNEL","SESSION ID","TRANSACTION TYPE","RESPONSE","AMOUNT","TRANSACTION TIME","ORIGINATOR INSTITUTION","ORIGINATOR / BILLER","DESTINATION INSTITUTION","DESTINATION ACCOUNT NAME","DESTINATION ACCOUNT NO","NARRATION"," PAYMENT REFERENCE","LAST 12 DIGITS OF SESSION_ID"
"1","INTERNET BANKING","'090107220313124358339984275144","Fund Transfer (Direct Credit)","Approved or Completed Successfully","1500.00 ","'2022-03-13 12:44:01","FBN Mortgages Limited","YUSUF MOHAMMED OLADIPO AIYEPOLA","GUARANTY TRUST BANK PLC","AIYEPOLA YUSUF OLADIPO","0044584099","GTBank Plc/AIYEPOLA YUSUF OLADIPO/WebApp: Trf to GTBank Plc AIYEPOLA YUSUF OLADIPO","'FTMortgage/NIP/220313124358","'339984275144"

"DESTINATION INSTITUTION SUMMARY >> GUARANTY TRUST BANK PLC"
"S/N","TRANSACTION TYPE","TOTAL AMOUNT (N)","TRANSACTION VOLUME"
"1","Fund Transfer (Direct Credit)","1500.00 ","1"

"FULL BILLING SUMMARY "
"S/N","TRANSACTION TYPE","TOTAL AMOUNT (N)","TRANSACTION VOLUME"
"1","Fund Transfer (Direct Credit)","125000.00 ","3"
