"NIBSS INSTANT PAYMENTS - INWARDS TXNLOG"
"FBN Mortgages Limited"
"TRANSACTION DATE: 2022-03-30 10:00:00 - 2022-03-30 12:59:59"
"GENERATED ON: 2022-03-30"

"SOURCE >> UNITED BANK FOR AFRICA PLC"
"S/N","CHANNEL","SESSION ID","TRANSACTION TYPE","RESPONSE","AMOUNT","TRANSACTION TIME","ORIGINATOR INSTITUTION","ORIGINATOR / BILLER","DESTINATION INSTITUTION","DESTINATION ACCOUNT NAME","DESTINATION ACCOUNT NO","NARRATION"," PAYMENT REFERENCE","LAST 12 DIGITS OF SESSION_ID"
"1","MOBILE PHONE","'000004220330102337570411597876","Fund Transfer (Direct Credit)","Approved or Completed Successfully","30000.00 ","'2022-03-30 11:23:38","UNITED BANK FOR AFRICA PLC","BASHIRU KUNLE MARTINS","FBN Mortgages Limited","MARTINS BASHIRU KUNLE","0000329668","MOB2/UTO/To MARTINS KUNLE/self","'000004220330102337570411597876","'570411597876"

"SOURCE INSTITUTION SUMMARY >> UNITED BANK FOR AFRICA PLC"
"S/N","TRANSACTION TYPE","TOTAL AMOUNT (N)","TRANSACTION VOLUME"
"1","Fund Transfer (Direct Credit)","30000.00 ","1"

"SOURCE >> FBN Mortgages Limited"
"S/N","CHANNEL","SESSION ID","TRANSACTION TYPE","RESPONSE","AMOUNT","TRANSACTION TIME","ORIGINATOR INSTITUTION","ORIGINATOR / BILLER","DESTINATION INSTITUTION","DESTINATION ACCOUNT NAME","DESTINATION ACCOUNT NO","NARRATION"," PAYMENT REFERENCE","LAST 12 DIGITS OF SESSION_ID"
"1","BANK TELLER","'090107220330114139049076308147","Fund Transfer (Direct Credit)","Timeout waiting for response from Destination","5000.00 ","'2022-03-30 11:41:41","FBN Mortgages Limited","OGUNDARE YEMI ALADE","FBN Mortgages Limited","SALAU ALADE","0000544553","FirstTrust Mortgage Bank Plc/SALAU ALADE/Wedding Gift","'FBNMortgage/NIP/220330114139","'049076308147"
"2","BANK TELLER","'090107220330115943486765472978","Fund Transfer (Direct Credit)","Approved or Completed Successfully","5000.00 ","'2022-03-30 11:59:45","FBN Mortgages Limited","OGUNDARE YEMI ALADE","FBN Mortgages Limited","SALAU ALADE","0000544553","FirstTrust Mortgage Bank Plc/SALAU ALADE/Wedding Gift","'FBNMortgage/NIP/220330115943","'486765472978"

"SOURCE INSTITUTION SUMMARY >> FBN Mortgages Limited"
"S/N","TRANSACTION TYPE","TOTAL AMOUNT (N)","TRANSACTION VOLUME"
"1","Fund Transfer (Direct Credit)","10000.00 ","2"

"SOURCE >> FIRST CITY MONUMENT BANK"
"S/N","CHANNEL","SESSION ID","TRANSACTION TYPE","RESPONSE","AMOUNT","TRANSACTION TIME","ORIGINATOR INSTITUTION","ORIGINATOR / BILLER","DESTINATION INSTITUTION","DESTINATION ACCOUNT NAME","DESTINATION ACCOUNT NO","NARRATION"," PAYMENT REFERENCE","LAST 12 DIGITS OF SESSION_ID"
"1","INTERNET BANKING","'000003220330105930001341986824","Fund Transfer (Direct Credit)","Approved or Completed Successfully","158800.00 ","'2022-03-30 11:04:10","FIRST CITY MONUMENT BANK","GRACIOUS APPAREL LIMITED","FBN Mortgages Limited","ADEPOJU ADEKUNLE TEMITOPE","1000581485","web:App: repayment, To FIRST TRUST MORTGAGE BANK PLC ADEPOJ","'S71478713","'001341986824"

"SOURCE INSTITUTION SUMMARY >> FIRST CITY MONUMENT BANK"
"S/N","TRANSACTION TYPE","TOTAL AMOUNT (N)","TRANSACTION VOLUME"
"1","Fund Transfer (Direct Credit)","158800.00 ","1"

"SOURCE >> GUARANTY TRUST BANK PLC"
"S/N","CHANNEL","SESSION ID","TRANSACTION TYPE","RESPONSE","AMOUNT","TRANSACTION TIME","ORIGINATOR INSTITUTION","ORIGINATOR / BILLER","DESTINATION INSTITUTION","DESTINATION ACCOUNT NAME","DESTINATION ACCOUNT NO","NARRATION"," PAYMENT REFERENCE","LAST 12 DIGITS OF SESSION_ID"
"1","BANK TELLER","'000013220330123900000126313456","Fund Transfer (Direct Credit)","Approved or Completed Successfully","110000.00 ","'2022-03-30 12:39:47","GUARANTY TRUST BANK PLC","ST.LOUIS MEDICAL CENTRE LTD","FBN Mortgages Limited","BRIGGS ASO FRANK","1000546846","NIP IFO BRIGGS ASO FRANK","'000126313456","'000126313456"

"SOURCE INSTITUTION SUMMARY >> GUARANTY TRUST BANK PLC"
"S/N","TRANSACTION TYPE","TOTAL AMOUNT (N)","TRANSACTION VOLUME"
"1","Fund Transfer (Direct Credit)","110000.00 ","1"

"FULL BILLING SUMMARY "
"S/N","TRANSACTION TYPE","TOTAL AMOUNT (N)","TRANSACTION VOLUME"
"1","Fund Transfer (Direct Credit)","308800.00 ","5"
