"NIBSS INSTANT PAYMENTS - OUTWARDS REPORT"
"FBN Mortgages Limited"
"TRANSACTION DATE: 2022-03-30 10:00:00 - 2022-03-30 12:59:59"
"GENERATED ON: 2022-03-30"

"DESTINATION >> ACCESS BANK PLC"
"S/N","CHANNEL","SESSION ID","TRANSACTION TYPE","RESPONSE","AMOUNT","TRANSACTION TIME","ORIGINATOR INSTITUTION","ORIGINATOR / BILLER","DESTINATION INSTITUTION","DESTINATION ACCOUNT NAME","DESTINATION ACCOUNT NO","NARRATION"," PAYMENT REFERENCE","LAST 12 DIGITS OF SESSION_ID"
"1","INTERNET BANKING","'090107220330124544151878060028","Fund Transfer (Direct Credit)","Approved or Completed Successfully","1000.00 ","'2022-03-30 12:45:45","FBN Mortgages Limited","LAWSON SOTONYE JEAN","ACCESS BANK PLC","TEMITOPE AJIMAT AINA","0738041917","Access Bank/TEMITOPE AJIMAT AINA/WebApp: THANK YOU, Trf to Access Bank TEMITOPE AJIMAT AINA","'FTMortgage/NIP/220330124544","'151878060028"

"DESTINATION INSTITUTION SUMMARY >> ACCESS BANK PLC"
"S/N","TRANSACTION TYPE","TOTAL AMOUNT (N)","TRANSACTION VOLUME"
"1","Fund Transfer (Direct Credit)","1000.00 ","1"

"DESTINATION >> FBN Mortgages Limited"
"S/N","CHANNEL","SESSION ID","TRANSACTION TYPE","RESPONSE","AMOUNT","TRANSACTION TIME","ORIGINATOR INSTITUTION","ORIGINATOR / BILLER","DESTINATION INSTITUTION","DESTINATION ACCOUNT NAME","DESTINATION ACCOUNT NO","NARRATION"," PAYMENT REFERENCE","LAST 12 DIGITS OF SESSION_ID"
"1","BANK TELLER","'090107220330114139049076308147","Fund Transfer (Direct Credit)","Timeout waiting for response from Destination","5000.00 ","'2022-03-30 11:41:41","FBN Mortgages Limited","OGUNDARE YEMI ALADE","FBN Mortgages Limited","SALAU ALADE","0000544553","FirstTrust Mortgage Bank Plc/SALAU ALADE/Wedding Gift","'FBNMortgage/NIP/220330114139","'049076308147"
"2","BANK TELLER","'090107220330115943486765472978","Fund Transfer (Direct Credit)","Approved or Completed Successfully","5000.00 ","'2022-03-30 11:59:45","FBN Mortgages Limited","OGUNDARE YEMI ALADE","FBN Mortgages Limited","SALAU ALADE","0000544553","FirstTrust Mortgage Bank Plc/SALAU ALADE/Wedding Gift","'FBNMortgage/NIP/220330115943","'486765472978"

"DESTINATION INSTITUTION SUMMARY >> FBN Mortgages Limited"
"S/N","TRANSACTION TYPE","TOTAL AMOUNT (N)","TRANSACTION VOLUME"
"1","Fund Transfer (Direct Credit)","10000.00 ","2"

"FULL BILLING SUMMARY "
"S/N","TRANSACTION TYPE","TOTAL AMOUNT (N)","TRANSACTION VOLUME"
"1","Fund Transfer (Direct Credit)","11000.00 ","3"
