"NIBSS INSTANT PAYMENTS - OUTWARDS TXNLOG"
"FBN Mortgages Limited"
"TRANSACTION DATE: 2022-03-12 16:00:00 - 2022-03-12 21:59:59"
"GENERATED ON: 2022-03-12"

"DESTINATION >> GUARANTY TRUST BANK PLC"
"S/N","CHANNEL","SESSION ID","TRANSACTION TYPE","RESPONSE","AMOUNT","TRANSACTION TIME","ORIGINATOR INSTITUTION","ORIGINATOR / BILLER","DESTINATION INSTITUTION","DESTINATION ACCOUNT NAME","DESTINATION ACCOUNT NO","NARRATION"," PAYMENT REFERENCE","LAST 12 DIGITS OF SESSION_ID"
"1","INTERNET BANKING","'090107220312171904838253352964","Fund Transfer (Direct Credit)","Approved or Completed Successfully","3500.00 ","'2022-03-12 17:19:07","FBN Mortgages Limited","LOVETH MARCUS NKIRUKA","GUARANTY TRUST BANK PLC","ADEBAYO OLAYINMIKA HABEEB","0142327297","GTBank Plc/ADEBAYO OLAYINMIKA HABEEB/WebApp: Jersey, Trf to GTBank Plc ADEBAYO OLAYINMIKA HABEEB","'FTMortgage/NIP/220312171904","'838253352964"

"DESTINATION INSTITUTION SUMMARY >> GUARANTY TRUST BANK PLC"
"S/N","TRANSACTION TYPE","TOTAL AMOUNT (N)","TRANSACTION VOLUME"
"1","Fund Transfer (Direct Credit)","3500.00 ","1"

"FULL BILLING SUMMARY "
"S/N","TRANSACTION TYPE","TOTAL AMOUNT (N)","TRANSACTION VOLUME"
"1","Fund Transfer (Direct Credit)","3500.00 ","1"
