"NIBSS INSTANT PAYMENTS - INWARDS UNSUCCESSFUL"
"FBN Mortgages Limited"
"TRANSACTION DATE: 2022-03-11 16:00:00 - 2022-03-11 21:59:59"
"GENERATED ON: 2022-03-11"

"SOURCE >> STANBIC IBTC BANK PLC"
"S/N","CHANNEL","SESSION ID","TRANSACTION TYPE","RESPONSE","AMOUNT","TRANSACTION TIME","ORIGINATOR INSTITUTION","ORIGINATOR / BILLER","DESTINATION INSTITUTION","DESTINATION ACCOUNT NAME","DESTINATION ACCOUNT NO","NARRATION"," PAYMENT REFERENCE","LAST 12 DIGITS OF SESSION_ID"
"1","INTERNET BANKING","'000012220311203622139354349000","Fund Transfer (Direct Credit)","Beneficiary Bank Not Available","12000.00 ","'2022-03-11 20:36:24","STANBIC IBTC BANK PLC","EVER N AUTO PARTS","FBN Mortgages Limited","AMAEFUNA NNAMDI E.","0000324766","AMAEFUNA NNAMDI E.","'139354349","'139354349000"
"2","INTERNET BANKING","'000012220311204157139355112000","Fund Transfer (Direct Credit)","Beneficiary Bank Not Available","12000.00 ","'2022-03-11 20:41:58","STANBIC IBTC BANK PLC","EVER N AUTO PARTS","FBN Mortgages Limited","AMAEFUNA NNAMDI E.","0000324766","Next CnC pH chq savins Mar,2022","'139355112","'139355112000"

"SOURCE INSTITUTION SUMMARY >> STANBIC IBTC BANK PLC"
"S/N","TRANSACTION TYPE","TOTAL AMOUNT (N)","TRANSACTION VOLUME"
"1","Fund Transfer (Direct Credit)","24000.00 ","2"

"FULL BILLING SUMMARY "
"S/N","TRANSACTION TYPE","TOTAL AMOUNT (N)","TRANSACTION VOLUME"
"1","Fund Transfer (Direct Credit)","24000.00 ","2"
