"NIBSS INSTANT PAYMENTS - INWARDS SUCCESSFUL"
"FBN Mortgages Limited"
"TRANSACTION DATE: 2022-03-11 16:00:00 - 2022-03-11 21:59:59"
"GENERATED ON: 2022-03-11"

"SOURCE >> FBN Mortgages Limited"
"S/N","CHANNEL","SESSION ID","TRANSACTION TYPE","RESPONSE","AMOUNT","TRANSACTION TIME","ORIGINATOR INSTITUTION","ORIGINATOR / BILLER","DESTINATION INSTITUTION","DESTINATION ACCOUNT NAME","DESTINATION ACCOUNT NO","NARRATION"," PAYMENT REFERENCE","LAST 12 DIGITS OF SESSION_ID"
"1","INTERNET BANKING","'090107220311163254578227842580","Fund Transfer (Direct Credit)","Approved or Completed Successfully","100.00 ","'2022-03-11 16:32:56","FBN Mortgages Limited","FRANCIS MONDAY ODAFEWHOTU","FBN Mortgages Limited","OJIMMA FRIDAY EZEKA CATRINE","1000619210","FirstTrust Mortgage Bank Plc/OJIMMA FRIDAY EZEKA CATRINE/WebApp: Trf to FBNM OJIMMA FRIDAY EZEKA CA","'FTMortgage/NIP/220311163254","'578227842580"

"SOURCE INSTITUTION SUMMARY >> FBN Mortgages Limited"
"S/N","TRANSACTION TYPE","TOTAL AMOUNT (N)","TRANSACTION VOLUME"
"1","Fund Transfer (Direct Credit)","100.00 ","1"

"SOURCE >> FIRST BANK OF NIGERIA PLC"
"S/N","CHANNEL","SESSION ID","TRANSACTION TYPE","RESPONSE","AMOUNT","TRANSACTION TIME","ORIGINATOR INSTITUTION","ORIGINATOR / BILLER","DESTINATION INSTITUTION","DESTINATION ACCOUNT NAME","DESTINATION ACCOUNT NO","NARRATION"," PAYMENT REFERENCE","LAST 12 DIGITS OF SESSION_ID"
"1","INTERNET BANKING","'000016220311192400000060107057","Fund Transfer (Direct Credit)","Approved or Completed Successfully","333061.50 ","'2022-03-11 19:24:03","FIRST BANK OF NIGERIA PLC","ODUKOYA OLUWATOYIN ANN ORIYOMI","FBN Mortgages Limited","OLUWATOYIN ANN ORIYOMI ODUKOYA","1000605851","IB:REMITTANCEFOR2MONTHSFEB2022ANDMARCH2022","'637826234405389084","'000060107057"

"SOURCE INSTITUTION SUMMARY >> FIRST BANK OF NIGERIA PLC"
"S/N","TRANSACTION TYPE","TOTAL AMOUNT (N)","TRANSACTION VOLUME"
"1","Fund Transfer (Direct Credit)","333061.50 ","1"

"SOURCE >> FIRST CITY MONUMENT BANK"
"S/N","CHANNEL","SESSION ID","TRANSACTION TYPE","RESPONSE","AMOUNT","TRANSACTION TIME","ORIGINATOR INSTITUTION","ORIGINATOR / BILLER","DESTINATION INSTITUTION","DESTINATION ACCOUNT NAME","DESTINATION ACCOUNT NO","NARRATION"," PAYMENT REFERENCE","LAST 12 DIGITS OF SESSION_ID"
"1","INTERNET BANKING","'000003220311184833001313368971","Fund Transfer (Direct Credit)","Approved or Completed Successfully","10000000.00 ","'2022-03-11 18:48:34","FIRST CITY MONUMENT BANK","TRANTER IT INFRASTRUCTURE SERVICES","FBN Mortgages Limited","TRANTER IT INFRASTRUCTURE SERVICES LIMITED","1000487336","web:TB1c/Transfer to FT Mortgage Bank from Tranter IT/TRANT","'S15319333","'001313368971"

"SOURCE INSTITUTION SUMMARY >> FIRST CITY MONUMENT BANK"
"S/N","TRANSACTION TYPE","TOTAL AMOUNT (N)","TRANSACTION VOLUME"
"1","Fund Transfer (Direct Credit)","10000000.00 ","1"

"FULL BILLING SUMMARY "
"S/N","TRANSACTION TYPE","TOTAL AMOUNT (N)","TRANSACTION VOLUME"
"1","Fund Transfer (Direct Credit)","10333161.50 ","3"
