"NIBSS INSTANT PAYMENTS - OUTWARDS REPORT"
"FBN Mortgages Limited"
"TRANSACTION DATE: 2022-03-11 16:00:00 - 2022-03-11 21:59:59"
"GENERATED ON: 2022-03-11"

"DESTINATION >> FBN Mortgages Limited"
"S/N","CHANNEL","SESSION ID","TRANSACTION TYPE","RESPONSE","AMOUNT","TRANSACTION TIME","ORIGINATOR INSTITUTION","ORIGINATOR / BILLER","DESTINATION INSTITUTION","DESTINATION ACCOUNT NAME","DESTINATION ACCOUNT NO","NARRATION"," PAYMENT REFERENCE","LAST 12 DIGITS OF SESSION_ID"
"1","INTERNET BANKING","'090107220311163254578227842580","Fund Transfer (Direct Credit)","Approved or Completed Successfully","100.00 ","'2022-03-11 16:32:56","FBN Mortgages Limited","FRANCIS MONDAY ODAFEWHOTU","FBN Mortgages Limited","OJIMMA FRIDAY EZEKA CATRINE","1000619210","FirstTrust Mortgage Bank Plc/OJIMMA FRIDAY EZEKA CATRINE/WebApp: Trf to FBNM OJIMMA FRIDAY EZEKA CA","'FTMortgage/NIP/220311163254","'578227842580"

"DESTINATION INSTITUTION SUMMARY >> FBN Mortgages Limited"
"S/N","TRANSACTION TYPE","TOTAL AMOUNT (N)","TRANSACTION VOLUME"
"1","Fund Transfer (Direct Credit)","100.00 ","1"

"DESTINATION >> FIRST CITY MONUMENT BANK"
"S/N","CHANNEL","SESSION ID","TRANSACTION TYPE","RESPONSE","AMOUNT","TRANSACTION TIME","ORIGINATOR INSTITUTION","ORIGINATOR / BILLER","DESTINATION INSTITUTION","DESTINATION ACCOUNT NAME","DESTINATION ACCOUNT NO","NARRATION"," PAYMENT REFERENCE","LAST 12 DIGITS OF SESSION_ID"
"1","INTERNET BANKING","'090107220311191019695451200025","Fund Transfer (Direct Credit)","Approved or Completed Successfully","16000.00 ","'2022-03-11 19:10:21","FBN Mortgages Limited","LAMIDI ISIAKA ADEOYE","FIRST CITY MONUMENT BANK","ISIAKA ADEOYE LAMIDI","1919907012","First City Monument Bank/ISIAKA ADEOYE LAMIDI/WebApp: Lamidi, Trf to First City Monument Bank ISIAK","'FTMortgage/NIP/220311191019","'695451200025"

"DESTINATION INSTITUTION SUMMARY >> FIRST CITY MONUMENT BANK"
"S/N","TRANSACTION TYPE","TOTAL AMOUNT (N)","TRANSACTION VOLUME"
"1","Fund Transfer (Direct Credit)","16000.00 ","1"

"DESTINATION >> GUARANTY TRUST BANK PLC"
"S/N","CHANNEL","SESSION ID","TRANSACTION TYPE","RESPONSE","AMOUNT","TRANSACTION TIME","ORIGINATOR INSTITUTION","ORIGINATOR / BILLER","DESTINATION INSTITUTION","DESTINATION ACCOUNT NAME","DESTINATION ACCOUNT NO","NARRATION"," PAYMENT REFERENCE","LAST 12 DIGITS OF SESSION_ID"
"1","INTERNET BANKING","'090107220311210952788874195850","Fund Transfer (Direct Credit)","Approved or Completed Successfully","1550.00 ","'2022-03-11 21:09:54","FBN Mortgages Limited","LOVETH MARCUS NKIRUKA","GUARANTY TRUST BANK PLC","ALEX OKIEVOR","0016108425","GTBank Plc/ALEX OKIEVOR/WebApp: Food, Trf to GTBank Plc ALEX OKIEVOR","'FTMortgage/NIP/220311210952","'788874195850"

"DESTINATION INSTITUTION SUMMARY >> GUARANTY TRUST BANK PLC"
"S/N","TRANSACTION TYPE","TOTAL AMOUNT (N)","TRANSACTION VOLUME"
"1","Fund Transfer (Direct Credit)","1550.00 ","1"

"DESTINATION >> STANBIC IBTC BANK PLC"
"S/N","CHANNEL","SESSION ID","TRANSACTION TYPE","RESPONSE","AMOUNT","TRANSACTION TIME","ORIGINATOR INSTITUTION","ORIGINATOR / BILLER","DESTINATION INSTITUTION","DESTINATION ACCOUNT NAME","DESTINATION ACCOUNT NO","NARRATION"," PAYMENT REFERENCE","LAST 12 DIGITS OF SESSION_ID"
"1","INTERNET BANKING","'090107220311160537540824491243","Fund Transfer (Direct Credit)","Approved or Completed Successfully","7000.00 ","'2022-03-11 16:05:40","FBN Mortgages Limited","LAWSON SOTONYE JEAN","STANBIC IBTC BANK PLC","SOTONYE LAWSON","0032602004","StanbicIBTC Bank/SOTONYE LAWSON/WebApp: Savings, Trf to StanbicIBTC Bank SOTONYE LAWSON","'FTMortgage/NIP/220311160537","'540824491243"

"DESTINATION INSTITUTION SUMMARY >> STANBIC IBTC BANK PLC"
"S/N","TRANSACTION TYPE","TOTAL AMOUNT (N)","TRANSACTION VOLUME"
"1","Fund Transfer (Direct Credit)","7000.00 ","1"

"FULL BILLING SUMMARY "
"S/N","TRANSACTION TYPE","TOTAL AMOUNT (N)","TRANSACTION VOLUME"
"1","Fund Transfer (Direct Credit)","24650.00 ","4"
