"NIBSS INSTANT PAYMENTS - OUTWARDS REPORT"
"FBN Mortgages Limited"
"TRANSACTION DATE: 2022-03-14 06:00:00 - 2022-03-14 09:59:59"
"GENERATED ON: 2022-03-14"

"DESTINATION >> ACCESS BANK PLC"
"S/N","CHANNEL","SESSION ID","TRANSACTION TYPE","RESPONSE","AMOUNT","TRANSACTION TIME","ORIGINATOR INSTITUTION","ORIGINATOR / BILLER","DESTINATION INSTITUTION","DESTINATION ACCOUNT NAME","DESTINATION ACCOUNT NO","NARRATION"," PAYMENT REFERENCE","LAST 12 DIGITS OF SESSION_ID"
"1","BANK TELLER","'090107220314083429771366027645","Fund Transfer (Direct Credit)","Approved or Completed Successfully","5000.00 ","'2022-03-14 08:34:33","FBN Mortgages Limited","BELLO SIKIRU KEHINDE","ACCESS BANK PLC","BELLO SIKIRU KEHINDE","0043743418","Access Bank/BELLO SIKIRU KEHINDE/from Kehinde to Bello K","'FBNMortgage/NIP/220314083429","'771366027645"

"DESTINATION INSTITUTION SUMMARY >> ACCESS BANK PLC"
"S/N","TRANSACTION TYPE","TOTAL AMOUNT (N)","TRANSACTION VOLUME"
"1","Fund Transfer (Direct Credit)","5000.00 ","1"

"DESTINATION >> FBN Mortgages Limited"
"S/N","CHANNEL","SESSION ID","TRANSACTION TYPE","RESPONSE","AMOUNT","TRANSACTION TIME","ORIGINATOR INSTITUTION","ORIGINATOR / BILLER","DESTINATION INSTITUTION","DESTINATION ACCOUNT NAME","DESTINATION ACCOUNT NO","NARRATION"," PAYMENT REFERENCE","LAST 12 DIGITS OF SESSION_ID"
"1","INTERNET BANKING","'090107220314090842068354314572","Fund Transfer (Direct Credit)","Approved or Completed Successfully","52500.00 ","'2022-03-14 09:08:46","FBN Mortgages Limited","LAMIDI ISIAKA ADEOYE","FBN Mortgages Limited","OYEDEJI ELIZABETH KEMI","1000614844","FirstTrust Mortgage Bank Plc/OYEDEJI ELIZABETH KEMI/WebApp: Lamidi, Trf to FBNM OYEDEJI ELIZABETH K","'FTMortgage/NIP/220314090842","'068354314572"

"DESTINATION INSTITUTION SUMMARY >> FBN Mortgages Limited"
"S/N","TRANSACTION TYPE","TOTAL AMOUNT (N)","TRANSACTION VOLUME"
"1","Fund Transfer (Direct Credit)","52500.00 ","1"

"DESTINATION >> FIRST CITY MONUMENT BANK"
"S/N","CHANNEL","SESSION ID","TRANSACTION TYPE","RESPONSE","AMOUNT","TRANSACTION TIME","ORIGINATOR INSTITUTION","ORIGINATOR / BILLER","DESTINATION INSTITUTION","DESTINATION ACCOUNT NAME","DESTINATION ACCOUNT NO","NARRATION"," PAYMENT REFERENCE","LAST 12 DIGITS OF SESSION_ID"
"1","INTERNET BANKING","'090107220314091638630151426257","Fund Transfer (Direct Credit)","Approved or Completed Successfully","10000.00 ","'2022-03-14 09:16:42","FBN Mortgages Limited","LAMIDI ISIAKA ADEOYE","FIRST CITY MONUMENT BANK","ISIAKA ADEOYE LAMIDI","1919907012","First City Monument Bank/ISIAKA ADEOYE LAMIDI/WebApp: Trf to First City Monument Bank ISIAKA ADEOYE","'FTMortgage/NIP/220314091638","'630151426257"
"2","INTERNET BANKING","'090107220314093658242055541262","Fund Transfer (Direct Credit)","Approved or Completed Successfully","30000.00 ","'2022-03-14 09:37:02","FBN Mortgages Limited","LAMIDI ISIAKA ADEOYE","FIRST CITY MONUMENT BANK","ISIAKA ADEOYE LAMIDI","1919907012","First City Monument Bank/ISIAKA ADEOYE LAMIDI/WebApp: Trf to First City Monument Bank ISIAKA ADEOYE","'FTMortgage/NIP/220314093658","'242055541262"

"DESTINATION INSTITUTION SUMMARY >> FIRST CITY MONUMENT BANK"
"S/N","TRANSACTION TYPE","TOTAL AMOUNT (N)","TRANSACTION VOLUME"
"1","Fund Transfer (Direct Credit)","40000.00 ","2"

"DESTINATION >> GUARANTY TRUST BANK PLC"
"S/N","CHANNEL","SESSION ID","TRANSACTION TYPE","RESPONSE","AMOUNT","TRANSACTION TIME","ORIGINATOR INSTITUTION","ORIGINATOR / BILLER","DESTINATION INSTITUTION","DESTINATION ACCOUNT NAME","DESTINATION ACCOUNT NO","NARRATION"," PAYMENT REFERENCE","LAST 12 DIGITS OF SESSION_ID"
"1","INTERNET BANKING","'090107220314062023126337589699","Fund Transfer (Direct Credit)","Approved or Completed Successfully","20000.00 ","'2022-03-14 06:20:28","FBN Mortgages Limited","AKINTOYE OLADIMEJI TAOFIK","GUARANTY TRUST BANK PLC","AKINTOYE OLADIMEJI TAOFIK","0006556830","GTBank Plc/AKINTOYE OLADIMEJI TAOFIK/WebApp: Self, Trf to GTBank Plc AKINTOYE OLADIMEJI TAOFIK","'FTMortgage/NIP/220314062023","'126337589699"

"DESTINATION INSTITUTION SUMMARY >> GUARANTY TRUST BANK PLC"
"S/N","TRANSACTION TYPE","TOTAL AMOUNT (N)","TRANSACTION VOLUME"
"1","Fund Transfer (Direct Credit)","20000.00 ","1"

"FULL BILLING SUMMARY "
"S/N","TRANSACTION TYPE","TOTAL AMOUNT (N)","TRANSACTION VOLUME"
"1","Fund Transfer (Direct Credit)","117500.00 ","5"
