"NIBSS INSTANT PAYMENTS - INWARDS REPORT"
"FBN Mortgages Limited"
"TRANSACTION DATE: 2022-03-14 06:00:00 - 2022-03-14 09:59:59"
"GENERATED ON: 2022-03-14"

"SOURCE >> ACCESS BANK PLC"
"S/N","CHANNEL","SESSION ID","TRANSACTION TYPE","RESPONSE","AMOUNT","TRANSACTION TIME","ORIGINATOR INSTITUTION","ORIGINATOR / BILLER","DESTINATION INSTITUTION","DESTINATION ACCOUNT NAME","DESTINATION ACCOUNT NO","NARRATION"," PAYMENT REFERENCE","LAST 12 DIGITS OF SESSION_ID"
"1","MOBILE PHONE","'000014220314085550220394367305","Fund Transfer (Direct Credit)","Approved or Completed Successfully","200000.00 ","'2022-03-14 08:55:50","ACCESS BANK PLC","OKEY NWENWE CHUKWUNEDU","FBN Mortgages Limited","NWENWE CHUKWUNEDU OKEY","1000321061","TRFLoan repaymentFRM OKEY NWENWE CHUKWUNEDU TO NWENWE CHUKWUNEDU OKEY","'000014220314085521280556469695","'220394367305"

"SOURCE INSTITUTION SUMMARY >> ACCESS BANK PLC"
"S/N","TRANSACTION TYPE","TOTAL AMOUNT (N)","TRANSACTION VOLUME"
"1","Fund Transfer (Direct Credit)","200000.00 ","1"

"SOURCE >> FBN Mortgages Limited"
"S/N","CHANNEL","SESSION ID","TRANSACTION TYPE","RESPONSE","AMOUNT","TRANSACTION TIME","ORIGINATOR INSTITUTION","ORIGINATOR / BILLER","DESTINATION INSTITUTION","DESTINATION ACCOUNT NAME","DESTINATION ACCOUNT NO","NARRATION"," PAYMENT REFERENCE","LAST 12 DIGITS OF SESSION_ID"
"1","INTERNET BANKING","'090107220314090842068354314572","Fund Transfer (Direct Credit)","Approved or Completed Successfully","52500.00 ","'2022-03-14 09:08:46","FBN Mortgages Limited","LAMIDI ISIAKA ADEOYE","FBN Mortgages Limited","OYEDEJI ELIZABETH KEMI","1000614844","FirstTrust Mortgage Bank Plc/OYEDEJI ELIZABETH KEMI/WebApp: Lamidi, Trf to FBNM OYEDEJI ELIZABETH K","'FTMortgage/NIP/220314090842","'068354314572"

"SOURCE INSTITUTION SUMMARY >> FBN Mortgages Limited"
"S/N","TRANSACTION TYPE","TOTAL AMOUNT (N)","TRANSACTION VOLUME"
"1","Fund Transfer (Direct Credit)","52500.00 ","1"

"FULL BILLING SUMMARY "
"S/N","TRANSACTION TYPE","TOTAL AMOUNT (N)","TRANSACTION VOLUME"
"1","Fund Transfer (Direct Credit)","252500.00 ","2"
