"NIBSS INSTANT PAYMENTS - INWARDS TXNLOG"
"FBN Mortgages Limited"
"TRANSACTION DATE: 2022-03-04 16:00:00 - 2022-03-04 21:59:59"
"GENERATED ON: 2022-03-04"

"SOURCE >> GUARANTY TRUST BANK PLC"
"S/N","CHANNEL","SESSION ID","TRANSACTION TYPE","RESPONSE","AMOUNT","TRANSACTION TIME","ORIGINATOR INSTITUTION","ORIGINATOR / BILLER","DESTINATION INSTITUTION","DESTINATION ACCOUNT NAME","DESTINATION ACCOUNT NO","NARRATION"," PAYMENT REFERENCE","LAST 12 DIGITS OF SESSION_ID"
"1","MOBILE PHONE","'000013220304161423000078971863","Fund Transfer (Direct Credit)","Approved or Completed Successfully","400000.00 ","'2022-03-04 16:15:05","GUARANTY TRUST BANK PLC","TAWO EDOM TAMUNOTONYE","FBN Mortgages Limited","EDOM TAMUNOTONYE TAWO","1000529551","via GTWORLD Mortgage","'000078971863","'000078971863"
"2","MOBILE PHONE","'000013220304170407000079078809","Fund Transfer (Direct Credit)","Approved or Completed Successfully","45000.00 ","'2022-03-04 17:05:06","GUARANTY TRUST BANK PLC","ODO JANET ACHO","FBN Mortgages Limited","ODO ACHO JANET","1000312281","Repayment REF322338871000045000002203041704","'000079078809","'000079078809"

"SOURCE INSTITUTION SUMMARY >> GUARANTY TRUST BANK PLC"
"S/N","TRANSACTION TYPE","TOTAL AMOUNT (N)","TRANSACTION VOLUME"
"1","Fund Transfer (Direct Credit)","445000.00 ","2"

"SOURCE >> STANBIC IBTC BANK PLC"
"S/N","CHANNEL","SESSION ID","TRANSACTION TYPE","RESPONSE","AMOUNT","TRANSACTION TIME","ORIGINATOR INSTITUTION","ORIGINATOR / BILLER","DESTINATION INSTITUTION","DESTINATION ACCOUNT NAME","DESTINATION ACCOUNT NO","NARRATION"," PAYMENT REFERENCE","LAST 12 DIGITS OF SESSION_ID"
"1","INTERNET BANKING","'000012220304185405138244950000","Fund Transfer (Direct Credit)","Approved or Completed Successfully","5000.00 ","'2022-03-04 18:54:06","STANBIC IBTC BANK PLC","YAHAYA AUWALU","FBN Mortgages Limited","AWALU ISHAKU LITI","1000553512","Repayment","'138244950","'138244950000"

"SOURCE INSTITUTION SUMMARY >> STANBIC IBTC BANK PLC"
"S/N","TRANSACTION TYPE","TOTAL AMOUNT (N)","TRANSACTION VOLUME"
"1","Fund Transfer (Direct Credit)","5000.00 ","1"

"FULL BILLING SUMMARY "
"S/N","TRANSACTION TYPE","TOTAL AMOUNT (N)","TRANSACTION VOLUME"
"1","Fund Transfer (Direct Credit)","450000.00 ","3"
