"NIBSS INSTANT PAYMENTS - OUTWARDS TXNLOG"
"FBN Mortgages Limited"
"TRANSACTION DATE: 2022-03-04 16:00:00 - 2022-03-04 21:59:59"
"GENERATED ON: 2022-03-04"

"DESTINATION >> STERLING BANK PLC"
"S/N","CHANNEL","SESSION ID","TRANSACTION TYPE","RESPONSE","AMOUNT","TRANSACTION TIME","ORIGINATOR INSTITUTION","ORIGINATOR / BILLER","DESTINATION INSTITUTION","DESTINATION ACCOUNT NAME","DESTINATION ACCOUNT NO","NARRATION"," PAYMENT REFERENCE","LAST 12 DIGITS OF SESSION_ID"
"1","INTERNET BANKING","'090107220304210745059431916661","Fund Transfer (Direct Credit)","Approved or Completed Successfully","20000.00 ","'2022-03-04 21:07:47","FBN Mortgages Limited","SOBOWALE AWELE ONYELU","STERLING BANK PLC","ADAM OMOBOLANLE RAMAT","0084973204","Sterling Bank/ADAM OMOBOLANLE RAMAT/WebApp: To, Trf to Sterling Bank ADAM OMOBOLANLE RAMAT","'FTMortgage/NIP/220304210745","'059431916661"

"DESTINATION INSTITUTION SUMMARY >> STERLING BANK PLC"
"S/N","TRANSACTION TYPE","TOTAL AMOUNT (N)","TRANSACTION VOLUME"
"1","Fund Transfer (Direct Credit)","20000.00 ","1"

"DESTINATION >> FIRST BANK OF NIGERIA PLC"
"S/N","CHANNEL","SESSION ID","TRANSACTION TYPE","RESPONSE","AMOUNT","TRANSACTION TIME","ORIGINATOR INSTITUTION","ORIGINATOR / BILLER","DESTINATION INSTITUTION","DESTINATION ACCOUNT NAME","DESTINATION ACCOUNT NO","NARRATION"," PAYMENT REFERENCE","LAST 12 DIGITS OF SESSION_ID"
"1","BANK TELLER","'090107220304194814572792501689","Fund Transfer (Direct Credit)","Approved or Completed Successfully","15000.00 ","'2022-03-04 19:48:16","FBN Mortgages Limited","OGUNDARE YEMI ALADE","FIRST BANK OF NIGERIA PLC","AYANYEMI OLUWAREMILEKUN AYOBAMI","3026353875","First Bank of Nigeria/AYANYEMI OLUWAREMILEKUN AYOBAMI/yemi","'FBNMortgage/NIP/220304194814","'572792501689"

"DESTINATION INSTITUTION SUMMARY >> FIRST BANK OF NIGERIA PLC"
"S/N","TRANSACTION TYPE","TOTAL AMOUNT (N)","TRANSACTION VOLUME"
"1","Fund Transfer (Direct Credit)","15000.00 ","1"

"DESTINATION >> ZENITH BANK PLC"
"S/N","CHANNEL","SESSION ID","TRANSACTION TYPE","RESPONSE","AMOUNT","TRANSACTION TIME","ORIGINATOR INSTITUTION","ORIGINATOR / BILLER","DESTINATION INSTITUTION","DESTINATION ACCOUNT NAME","DESTINATION ACCOUNT NO","NARRATION"," PAYMENT REFERENCE","LAST 12 DIGITS OF SESSION_ID"
"1","BANK TELLER","'090107220304203003628885013844","Fund Transfer (Direct Credit)","Approved or Completed Successfully","20000.00 ","'2022-03-04 20:56:03","FBN Mortgages Limited","PACKAGING SOLUTIONS LIMITED","ZENITH BANK PLC","FREDRICK CLEMENT EHIMHANRE","2083826438","Zenith Bank/FREDRICK CLEMENT EHIMHANRE/TRF B/O PACKAGING SOLUTION IFO EHIMHANRE CLEMENT F","'FBNMortgage/NIP/220304203003","'628885013844"

"DESTINATION INSTITUTION SUMMARY >> ZENITH BANK PLC"
"S/N","TRANSACTION TYPE","TOTAL AMOUNT (N)","TRANSACTION VOLUME"
"1","Fund Transfer (Direct Credit)","20000.00 ","1"

"DESTINATION >> GUARANTY TRUST BANK PLC"
"S/N","CHANNEL","SESSION ID","TRANSACTION TYPE","RESPONSE","AMOUNT","TRANSACTION TIME","ORIGINATOR INSTITUTION","ORIGINATOR / BILLER","DESTINATION INSTITUTION","DESTINATION ACCOUNT NAME","DESTINATION ACCOUNT NO","NARRATION"," PAYMENT REFERENCE","LAST 12 DIGITS OF SESSION_ID"
"1","BANK TELLER","'090107220304202905256166425005","Fund Transfer (Direct Credit)","Approved or Completed Successfully","50000.00 ","'2022-03-04 20:55:36","FBN Mortgages Limited","PACKAGING SOLUTIONS LIMITED","GUARANTY TRUST BANK PLC","UNANKA ABIGAIL ELO","0007160603","GTBank Plc/UNANKA ABIGAIL ELO/TRF B/O PACKAGING SOLUTION IFO UNANKA ABIGAIL ELO","'FBNMortgage/NIP/220304202905","'256166425005"

"DESTINATION INSTITUTION SUMMARY >> GUARANTY TRUST BANK PLC"
"S/N","TRANSACTION TYPE","TOTAL AMOUNT (N)","TRANSACTION VOLUME"
"1","Fund Transfer (Direct Credit)","50000.00 ","1"

"FULL BILLING SUMMARY "
"S/N","TRANSACTION TYPE","TOTAL AMOUNT (N)","TRANSACTION VOLUME"
"1","Fund Transfer (Direct Credit)","105000.00 ","4"
