"NIBSS INSTANT PAYMENTS - INWARDS SUCCESSFUL"
"FBN Mortgages Limited"
"TRANSACTION DATE: 2022-03-11 10:00:00 - 2022-03-11 12:59:59"
"GENERATED ON: 2022-03-11"

"SOURCE >> FIRST BANK OF NIGERIA PLC"
"S/N","CHANNEL","SESSION ID","TRANSACTION TYPE","RESPONSE","AMOUNT","TRANSACTION TIME","ORIGINATOR INSTITUTION","ORIGINATOR / BILLER","DESTINATION INSTITUTION","DESTINATION ACCOUNT NAME","DESTINATION ACCOUNT NO","NARRATION"," PAYMENT REFERENCE","LAST 12 DIGITS OF SESSION_ID"
"1","MOBILE PHONE","'000016220311110134000058009007","Fund Transfer (Direct Credit)","Approved or Completed Successfully","120000.00 ","'2022-03-11 11:01:36","FIRST BANK OF NIGERIA PLC","OTUDEKO OLUWAFEYIKEMI MARY","FBN Mortgages Limited","OTUDEKO OLUWAFEYIKEMI MARY","1000532786","FBNMOBILE:OTUDEKO OLUWAFEYIKEMI MARY/P","'637825932942644862","'000058009007"

"SOURCE INSTITUTION SUMMARY >> FIRST BANK OF NIGERIA PLC"
"S/N","TRANSACTION TYPE","TOTAL AMOUNT (N)","TRANSACTION VOLUME"
"1","Fund Transfer (Direct Credit)","120000.00 ","1"

"SOURCE >> GUARANTY TRUST BANK PLC"
"S/N","CHANNEL","SESSION ID","TRANSACTION TYPE","RESPONSE","AMOUNT","TRANSACTION TIME","ORIGINATOR INSTITUTION","ORIGINATOR / BILLER","DESTINATION INSTITUTION","DESTINATION ACCOUNT NAME","DESTINATION ACCOUNT NO","NARRATION"," PAYMENT REFERENCE","LAST 12 DIGITS OF SESSION_ID"
"1","INTERNET BANKING","'000013220311105833000091581744","Fund Transfer (Direct Credit)","Approved or Completed Successfully","75000.00 ","'2022-03-11 10:54:48","GUARANTY TRUST BANK PLC","STL TECHNOLOGIES LIMITED","FBN Mortgages Limited","SHITTU RASHEED OLUWASEUN","1000401747","via GTWORLD","'000091581744","'000091581744"
"2","MOBILE PHONE","'000013220311112631000091655516","Fund Transfer (Direct Credit)","Approved or Completed Successfully","25000.00 ","'2022-03-11 11:26:59","GUARANTY TRUST BANK PLC","ILORI EMMANUEL OLAKUNLEILORI EMMANUEL OLAKUNLE","FBN Mortgages Limited","ILORI OLAKUNLE","1000597415","via GTWORLD","'000091655516","'000091655516"

"SOURCE INSTITUTION SUMMARY >> GUARANTY TRUST BANK PLC"
"S/N","TRANSACTION TYPE","TOTAL AMOUNT (N)","TRANSACTION VOLUME"
"1","Fund Transfer (Direct Credit)","100000.00 ","2"

"FULL BILLING SUMMARY "
"S/N","TRANSACTION TYPE","TOTAL AMOUNT (N)","TRANSACTION VOLUME"
"1","Fund Transfer (Direct Credit)","220000.00 ","3"
