"NIBSS INSTANT PAYMENTS - OUTWARDS TXNLOG"
"FBN Mortgages Limited"
"TRANSACTION DATE: 2022-03-11 10:00:00 - 2022-03-11 12:59:59"
"GENERATED ON: 2022-03-11"

"DESTINATION >> FIRST BANK OF NIGERIA PLC"
"S/N","CHANNEL","SESSION ID","TRANSACTION TYPE","RESPONSE","AMOUNT","TRANSACTION TIME","ORIGINATOR INSTITUTION","ORIGINATOR / BILLER","DESTINATION INSTITUTION","DESTINATION ACCOUNT NAME","DESTINATION ACCOUNT NO","NARRATION"," PAYMENT REFERENCE","LAST 12 DIGITS OF SESSION_ID"
"1","INTERNET BANKING","'090107220311113327656245229367","Fund Transfer (Direct Credit)","Approved or Completed Successfully","55000.00 ","'2022-03-11 11:33:29","FBN Mortgages Limited","ESUGA JACOB NDAFA","FIRST BANK OF NIGERIA PLC","ESUGA JACOB JAKES","2017423193","First Bank of Nigeria/ESUGA JACOB JAKES/WebApp: Jacob, Trf to First Bank of Nigeria ESUGA JACOB JAK","'FTMortgage/NIP/220311113327","'656245229367"

"DESTINATION INSTITUTION SUMMARY >> FIRST BANK OF NIGERIA PLC"
"S/N","TRANSACTION TYPE","TOTAL AMOUNT (N)","TRANSACTION VOLUME"
"1","Fund Transfer (Direct Credit)","55000.00 ","1"

"DESTINATION >> GUARANTY TRUST BANK PLC"
"S/N","CHANNEL","SESSION ID","TRANSACTION TYPE","RESPONSE","AMOUNT","TRANSACTION TIME","ORIGINATOR INSTITUTION","ORIGINATOR / BILLER","DESTINATION INSTITUTION","DESTINATION ACCOUNT NAME","DESTINATION ACCOUNT NO","NARRATION"," PAYMENT REFERENCE","LAST 12 DIGITS OF SESSION_ID"
"1","BANK TELLER","'090107220311100345098199707672","Fund Transfer (Direct Credit)","Approved or Completed Successfully","20000.00 ","'2022-03-11 10:03:50","FBN Mortgages Limited","ABIMBOLA ADEMOLA AKEEM","GUARANTY TRUST BANK PLC","ABIMBOLA AKEEM ADEMOLA","0002716706","GTBank Plc/ABIMBOLA AKEEM ADEMOLA/By Akeem","'FBNMortgage/NIP/220311100345","'098199707672"

"DESTINATION INSTITUTION SUMMARY >> GUARANTY TRUST BANK PLC"
"S/N","TRANSACTION TYPE","TOTAL AMOUNT (N)","TRANSACTION VOLUME"
"1","Fund Transfer (Direct Credit)","20000.00 ","1"

"FULL BILLING SUMMARY "
"S/N","TRANSACTION TYPE","TOTAL AMOUNT (N)","TRANSACTION VOLUME"
"1","Fund Transfer (Direct Credit)","75000.00 ","2"
