"NIBSS INSTANT PAYMENTS - OUTWARDS SUCCESSFUL"
"FBN Mortgages Limited"
"TRANSACTION DATE: 2022-03-01 06:00:00 - 2022-03-01 09:59:59"
"GENERATED ON: 2022-03-01"

"DESTINATION >> FIRST BANK OF NIGERIA PLC"
"S/N","CHANNEL","SESSION ID","TRANSACTION TYPE","RESPONSE","AMOUNT","TRANSACTION TIME","ORIGINATOR INSTITUTION","ORIGINATOR / BILLER","DESTINATION INSTITUTION","DESTINATION ACCOUNT NAME","DESTINATION ACCOUNT NO","NARRATION"," PAYMENT REFERENCE","LAST 12 DIGITS OF SESSION_ID"
"1","INTERNET BANKING","'090107220301071833928071910953","Fund Transfer (Direct Credit)","Approved or Completed Successfully","9000.00 ","'2022-03-01 07:18:49","FBN Mortgages Limited","UGBABE OJONYE EWAOCHE","FIRST BANK OF NIGERIA PLC","UGBABE OJONYE EWAOCHE","3087127071","First Bank of Nigeria/UGBABE OJONYE EWAOCHE/WebApp: Trf to First Bank of Nigeria UGBABE OJONYE EWAO","'FTMortgage/NIP/220301071833","'928071910953"

"DESTINATION INSTITUTION SUMMARY >> FIRST BANK OF NIGERIA PLC"
"S/N","TRANSACTION TYPE","TOTAL AMOUNT (N)","TRANSACTION VOLUME"
"1","Fund Transfer (Direct Credit)","9000.00 ","1"

"FULL BILLING SUMMARY "
"S/N","TRANSACTION TYPE","TOTAL AMOUNT (N)","TRANSACTION VOLUME"
"1","Fund Transfer (Direct Credit)","9000.00 ","1"
