"NIBSS INSTANT PAYMENTS - INWARDS REPORT"
"FBN Mortgages Limited"
"TRANSACTION DATE: 2022-03-01 06:00:00 - 2022-03-01 09:59:59"
"GENERATED ON: 2022-03-01"

"SOURCE >> GUARANTY TRUST BANK PLC"
"S/N","CHANNEL","SESSION ID","TRANSACTION TYPE","RESPONSE","AMOUNT","TRANSACTION TIME","ORIGINATOR INSTITUTION","ORIGINATOR / BILLER","DESTINATION INSTITUTION","DESTINATION ACCOUNT NAME","DESTINATION ACCOUNT NO","NARRATION"," PAYMENT REFERENCE","LAST 12 DIGITS OF SESSION_ID"
"1","MOBILE PHONE","'000013220301090108000071229961","Fund Transfer (Direct Credit)","Approved or Completed Successfully","100000.00 ","'2022-03-01 09:06:25","GUARANTY TRUST BANK PLC","IBEKWE ERIC AMAMCHUKWU","FBN Mortgages Limited","MR IBEKWE ERIC AMAMCHUKWU","1000571158","Loanrentals22 REF219848404000100000002203010901","'378365236","'000071229961"
"2","MOBILE PHONE","'000013220301091452000071260579","Fund Transfer (Direct Credit)","Approved or Completed Successfully","150000.00 ","'2022-03-01 09:15:23","GUARANTY TRUST BANK PLC","ABIMBOLA AKEEM ADEMOLA","FBN Mortgages Limited","ABIMBOLA ADEMOLA AKEEM","1000430428","ByAkeem REF202267797000150000002203010914","'000071260579","'000071260579"

"SOURCE INSTITUTION SUMMARY >> GUARANTY TRUST BANK PLC"
"S/N","TRANSACTION TYPE","TOTAL AMOUNT (N)","TRANSACTION VOLUME"
"1","Fund Transfer (Direct Credit)","250000.00 ","2"

"FULL BILLING SUMMARY "
"S/N","TRANSACTION TYPE","TOTAL AMOUNT (N)","TRANSACTION VOLUME"
"1","Fund Transfer (Direct Credit)","250000.00 ","2"
