"NIBSS INSTANT PAYMENTS - INWARDS REPORT"
"FBN Mortgages Limited"
"TRANSACTION DATE: 2022-03-04 10:00:00 - 2022-03-04 12:59:59"
"GENERATED ON: 2022-03-04"

"SOURCE >> STANDARD CHARTERED BANK PLC"
"S/N","CHANNEL","SESSION ID","TRANSACTION TYPE","RESPONSE","AMOUNT","TRANSACTION TIME","ORIGINATOR INSTITUTION","ORIGINATOR / BILLER","DESTINATION INSTITUTION","DESTINATION ACCOUNT NAME","DESTINATION ACCOUNT NO","NARRATION"," PAYMENT REFERENCE","LAST 12 DIGITS OF SESSION_ID"
"1","INTERNET BANKING","'000021220304110352200000011225","Fund Transfer (Direct Credit)","Approved or Completed Successfully","50000.00 ","'2022-03-04 12:55:56","STANDARD CHARTERED BANK PLC","0901071000372348","FBN Mortgages Limited","UNDELIKWO GABRIEL IKOR","1000372348","Saving","'NG-013-220304-125549949-711830-391","'200000011225"

"SOURCE INSTITUTION SUMMARY >> STANDARD CHARTERED BANK PLC"
"S/N","TRANSACTION TYPE","TOTAL AMOUNT (N)","TRANSACTION VOLUME"
"1","Fund Transfer (Direct Credit)","50000.00 ","1"

"SOURCE >> ECOBANK NIGERIA PLC"
"S/N","CHANNEL","SESSION ID","TRANSACTION TYPE","RESPONSE","AMOUNT","TRANSACTION TIME","ORIGINATOR INSTITUTION","ORIGINATOR / BILLER","DESTINATION INSTITUTION","DESTINATION ACCOUNT NAME","DESTINATION ACCOUNT NO","NARRATION"," PAYMENT REFERENCE","LAST 12 DIGITS OF SESSION_ID"
"1","BANK TELLER","'000010220304125151125138782663","Fund Transfer (Direct Credit)","Beneficiary Bank Not Available","1230000.00 ","'2022-03-04 12:55:43","ECOBANK NIGERIA PLC","MIDENDA FRANCA","FBN Mortgages Limited","MIDENDA FRANCA NATHNIEL","1000570890","FT IFO MIDENDA BO FRANCA","'125138782663","'125138782663"

"SOURCE INSTITUTION SUMMARY >> ECOBANK NIGERIA PLC"
"S/N","TRANSACTION TYPE","TOTAL AMOUNT (N)","TRANSACTION VOLUME"
"1","Fund Transfer (Direct Credit)","1230000.00 ","1"

"FULL BILLING SUMMARY "
"S/N","TRANSACTION TYPE","TOTAL AMOUNT (N)","TRANSACTION VOLUME"
"1","Fund Transfer (Direct Credit)","1280000.00 ","2"
