"NIBSS INSTANT PAYMENTS - INWARDS UNSUCCESSFUL"
"FBN Mortgages Limited"
"TRANSACTION DATE: 2022-03-03 10:00:00 - 2022-03-03 12:59:59"
"GENERATED ON: 2022-03-03"

"SOURCE >> UNITED BANK FOR AFRICA PLC"
"S/N","CHANNEL","SESSION ID","TRANSACTION TYPE","RESPONSE","AMOUNT","TRANSACTION TIME","ORIGINATOR INSTITUTION","ORIGINATOR / BILLER","DESTINATION INSTITUTION","DESTINATION ACCOUNT NAME","DESTINATION ACCOUNT NO","NARRATION"," PAYMENT REFERENCE","LAST 12 DIGITS OF SESSION_ID"
"1","MOBILE PHONE","'000004220303101550159308032573","Fund Transfer (Direct Credit)","Beneficiary Bank Not Available","5200.00 ","'2022-03-03 10:16:38","UNITED BANK FOR AFRICA PLC","MATTHEW ENOCH OLUSEGUN","FBN Mortgages Limited","MATTHEW ENOCK OLUSEGUN","1000331192","MOB/MATTHEW ENOCH OLUSEGUN/UTO/10699881236/090107/Matthew E O","'10699881236","'159308032573"
"2","MOBILE PHONE","'000004220303124423212864293488","Fund Transfer (Direct Credit)","Beneficiary Bank Not Available","5200.00 ","'2022-03-03 12:45:47","UNITED BANK FOR AFRICA PLC","MATTHEW ENOCH OLUSEGUN","FBN Mortgages Limited","MATTHEW ENOCK OLUSEGUN","1000331192","MOB/MATTHEW ENOCH OLUSEGUN/UTO/10701982629/090107/To my account","'10701982629","'212864293488"
"3","MOBILE PHONE","'000004220303101733365248355841","Fund Transfer (Direct Credit)","Request Processing In Progress","5200.00 ","'2022-03-03 10:17:42","UNITED BANK FOR AFRICA PLC","MATTHEW ENOCH OLUSEGUN","FBN Mortgages Limited","MATTHEW ENOCK OLUSEGUN","1000331192","MOB/MATTHEW ENOCH OLUSEGUN/UTO/10699896220/090107/Matthew E O","'10699896220","'365248355841"

"SOURCE INSTITUTION SUMMARY >> UNITED BANK FOR AFRICA PLC"
"S/N","TRANSACTION TYPE","TOTAL AMOUNT (N)","TRANSACTION VOLUME"
"1","Fund Transfer (Direct Credit)","15600.00 ","3"

"FULL BILLING SUMMARY "
"S/N","TRANSACTION TYPE","TOTAL AMOUNT (N)","TRANSACTION VOLUME"
"1","Fund Transfer (Direct Credit)","15600.00 ","3"
