"NIBSS INSTANT PAYMENTS - OUTWARDS TXNLOG"
"FBN Mortgages Limited"
"TRANSACTION DATE: 2022-03-10 16:00:00 - 2022-03-10 21:59:59"
"GENERATED ON: 2022-03-10"

"DESTINATION >> ACCESS BANK PLC (DIAMOND)"
"S/N","CHANNEL","SESSION ID","TRANSACTION TYPE","RESPONSE","AMOUNT","TRANSACTION TIME","ORIGINATOR INSTITUTION","ORIGINATOR / BILLER","DESTINATION INSTITUTION","DESTINATION ACCOUNT NAME","DESTINATION ACCOUNT NO","NARRATION"," PAYMENT REFERENCE","LAST 12 DIGITS OF SESSION_ID"
"1","INTERNET BANKING","'090107220310163204673343254504","Fund Transfer (Direct Credit)","Approved or Completed Successfully","9500.00 ","'2022-03-10 16:32:06","FBN Mortgages Limited","ABAYOMI -AMAO OLUWAKANYINSOLAMI","ACCESS BANK PLC (DIAMOND)","TAOPHIQUE DEBO AKANDE","0072554581","Diamond Bank/TAOPHIQUE DEBO AKANDE/WebApp: Kanyinsola, Trf to Diamond Bank TAOPHIQUE DEBO AKANDE","'FTMortgage/NIP/220310163204","'673343254504"
"2","INTERNET BANKING","'090107220310200745344834072168","Fund Transfer (Direct Credit)","Approved or Completed Successfully","25000.00 ","'2022-03-10 20:07:48","FBN Mortgages Limited","JERRY JUSTICE","ACCESS BANK PLC (DIAMOND)","JERRY JUSTICE","0014426985","Diamond Bank/JERRY JUSTICE/WebApp: Trf to Diamond Bank JERRY JUSTICE","'FTMortgage/NIP/220310200745","'344834072168"

"DESTINATION INSTITUTION SUMMARY >> ACCESS BANK PLC (DIAMOND)"
"S/N","TRANSACTION TYPE","TOTAL AMOUNT (N)","TRANSACTION VOLUME"
"1","Fund Transfer (Direct Credit)","34500.00 ","2"

"DESTINATION >> ECOBANK NIGERIA PLC"
"S/N","CHANNEL","SESSION ID","TRANSACTION TYPE","RESPONSE","AMOUNT","TRANSACTION TIME","ORIGINATOR INSTITUTION","ORIGINATOR / BILLER","DESTINATION INSTITUTION","DESTINATION ACCOUNT NAME","DESTINATION ACCOUNT NO","NARRATION"," PAYMENT REFERENCE","LAST 12 DIGITS OF SESSION_ID"
"1","INTERNET BANKING","'090107220310214823449859986704","Fund Transfer (Direct Credit)","Approved or Completed Successfully","10000.00 ","'2022-03-10 21:48:25","FBN Mortgages Limited","ABAYOMI -AMAO OLUWAKANYINSOLAMI","ECOBANK NIGERIA PLC","LASISI WASIU IDOWU","1992514848","Ecobank Bank/LASISI WASIU IDOWU/WebApp: Kanyinsola, Trf to Ecobank Bank LASISI WASIU IDOWU","'FTMortgage/NIP/220310214823","'449859986704"

"DESTINATION INSTITUTION SUMMARY >> ECOBANK NIGERIA PLC"
"S/N","TRANSACTION TYPE","TOTAL AMOUNT (N)","TRANSACTION VOLUME"
"1","Fund Transfer (Direct Credit)","10000.00 ","1"

"DESTINATION >> FIDELITY BANK PLC"
"S/N","CHANNEL","SESSION ID","TRANSACTION TYPE","RESPONSE","AMOUNT","TRANSACTION TIME","ORIGINATOR INSTITUTION","ORIGINATOR / BILLER","DESTINATION INSTITUTION","DESTINATION ACCOUNT NAME","DESTINATION ACCOUNT NO","NARRATION"," PAYMENT REFERENCE","LAST 12 DIGITS OF SESSION_ID"
"1","INTERNET BANKING","'090107220310204303890468019451","Fund Transfer (Direct Credit)","Approved or Completed Successfully","9000.00 ","'2022-03-10 20:43:05","FBN Mortgages Limited","LAWSON SOTONYE JEAN","FIDELITY BANK PLC","ARABELLA SIGNATURE","5600564683","Fidelity Bank/ARABELLA SIGNATURE/WebApp: BLUE MILITARY BLAZER 8 N DELIVERY, Trf to Fidelity Bank AR","'FTMortgage/NIP/220310204303","'890468019451"

"DESTINATION INSTITUTION SUMMARY >> FIDELITY BANK PLC"
"S/N","TRANSACTION TYPE","TOTAL AMOUNT (N)","TRANSACTION VOLUME"
"1","Fund Transfer (Direct Credit)","9000.00 ","1"

"DESTINATION >> FIRST BANK OF NIGERIA PLC"
"S/N","CHANNEL","SESSION ID","TRANSACTION TYPE","RESPONSE","AMOUNT","TRANSACTION TIME","ORIGINATOR INSTITUTION","ORIGINATOR / BILLER","DESTINATION INSTITUTION","DESTINATION ACCOUNT NAME","DESTINATION ACCOUNT NO","NARRATION"," PAYMENT REFERENCE","LAST 12 DIGITS OF SESSION_ID"
"1","INTERNET BANKING","'090107220310204319756931091255","Fund Transfer (Direct Credit)","Approved or Completed Successfully","9000.00 ","'2022-03-10 20:43:21","FBN Mortgages Limited","YUSUF MOHAMMED OLADIPO AIYEPOLA","FIRST BANK OF NIGERIA PLC","AIYEPOLA YUSUF OLADIPO","3075150979","First Bank of Nigeria/AIYEPOLA YUSUF OLADIPO/WebApp: Trf to First Bank of Nigeria AIYEPOLA YUSUF OL","'FTMortgage/NIP/220310204319","'756931091255"

"DESTINATION INSTITUTION SUMMARY >> FIRST BANK OF NIGERIA PLC"
"S/N","TRANSACTION TYPE","TOTAL AMOUNT (N)","TRANSACTION VOLUME"
"1","Fund Transfer (Direct Credit)","9000.00 ","1"

"DESTINATION >> STANBIC IBTC BANK PLC"
"S/N","CHANNEL","SESSION ID","TRANSACTION TYPE","RESPONSE","AMOUNT","TRANSACTION TIME","ORIGINATOR INSTITUTION","ORIGINATOR / BILLER","DESTINATION INSTITUTION","DESTINATION ACCOUNT NAME","DESTINATION ACCOUNT NO","NARRATION"," PAYMENT REFERENCE","LAST 12 DIGITS OF SESSION_ID"
"1","INTERNET BANKING","'090107220310180521008330405500","Fund Transfer (Direct Credit)","Approved or Completed Successfully","160000.00 ","'2022-03-10 18:05:23","FBN Mortgages Limited","LAWSON SOTONYE JEAN","STANBIC IBTC BANK PLC","SOTONYE LAWSON","0032602004","StanbicIBTC Bank/SOTONYE LAWSON/WebApp: Trf to StanbicIBTC Bank SOTONYE LAWSON","'FTMortgage/NIP/220310180521","'008330405500"

"DESTINATION INSTITUTION SUMMARY >> STANBIC IBTC BANK PLC"
"S/N","TRANSACTION TYPE","TOTAL AMOUNT (N)","TRANSACTION VOLUME"
"1","Fund Transfer (Direct Credit)","160000.00 ","1"

"FULL BILLING SUMMARY "
"S/N","TRANSACTION TYPE","TOTAL AMOUNT (N)","TRANSACTION VOLUME"
"1","Fund Transfer (Direct Credit)","222500.00 ","6"
