"NIBSS INSTANT PAYMENTS - INWARDS SUCCESSFUL"
"FBN Mortgages Limited"
"TRANSACTION DATE: 2022-03-10 16:00:00 - 2022-03-10 21:59:59"
"GENERATED ON: 2022-03-10"

"SOURCE >> ACCESS BANK PLC"
"S/N","CHANNEL","SESSION ID","TRANSACTION TYPE","RESPONSE","AMOUNT","TRANSACTION TIME","ORIGINATOR INSTITUTION","ORIGINATOR / BILLER","DESTINATION INSTITUTION","DESTINATION ACCOUNT NAME","DESTINATION ACCOUNT NO","NARRATION"," PAYMENT REFERENCE","LAST 12 DIGITS OF SESSION_ID"
"1","MOBILE PHONE","'000014220310163752299146441589","Fund Transfer (Direct Credit)","Approved or Completed Successfully","52500.00 ","'2022-03-10 16:37:52","ACCESS BANK PLC","CHINENYE NKECHI MBAH","FBN Mortgages Limited","BOLAJI BODUNRIN RICHARD","1000344846","TRF/from Nenchi /FRM CHINENYE NKECHI MBAH TO BOLAJI","'VNM1070392835597796","'299146441589"
"2","MOBILE PHONE","'000014220310163951217766048739","Fund Transfer (Direct Credit)","Approved or Completed Successfully","52500.00 ","'2022-03-10 16:39:51","ACCESS BANK PLC","CHINENYE NKECHI MBAH","FBN Mortgages Limited","MBAH CHINENYE NKECHI","1000617089","TRF/from Nenchi /FRM CHINENYE NKECHI MBAH TO MBAH","'VNM8586916148499996","'217766048739"

"SOURCE INSTITUTION SUMMARY >> ACCESS BANK PLC"
"S/N","TRANSACTION TYPE","TOTAL AMOUNT (N)","TRANSACTION VOLUME"
"1","Fund Transfer (Direct Credit)","105000.00 ","2"

"SOURCE >> GUARANTY TRUST BANK PLC"
"S/N","CHANNEL","SESSION ID","TRANSACTION TYPE","RESPONSE","AMOUNT","TRANSACTION TIME","ORIGINATOR INSTITUTION","ORIGINATOR / BILLER","DESTINATION INSTITUTION","DESTINATION ACCOUNT NAME","DESTINATION ACCOUNT NO","NARRATION"," PAYMENT REFERENCE","LAST 12 DIGITS OF SESSION_ID"
"1","MOBILE PHONE","'000013220310172106000090459087","Fund Transfer (Direct Credit)","Approved or Completed Successfully","500000.00 ","'2022-03-10 17:21:36","GUARANTY TRUST BANK PLC","DEJI BANKOLE","FBN Mortgages Limited","BANKOLE DEJI ADEBOLA","1000420074","via GTWORLD","'000090459087","'000090459087"

"SOURCE INSTITUTION SUMMARY >> GUARANTY TRUST BANK PLC"
"S/N","TRANSACTION TYPE","TOTAL AMOUNT (N)","TRANSACTION VOLUME"
"1","Fund Transfer (Direct Credit)","500000.00 ","1"

"FULL BILLING SUMMARY "
"S/N","TRANSACTION TYPE","TOTAL AMOUNT (N)","TRANSACTION VOLUME"
"1","Fund Transfer (Direct Credit)","605000.00 ","3"
