"NIBSS INSTANT PAYMENTS - INWARDS UNSUCCESSFUL"
"FBN Mortgages Limited"
"TRANSACTION DATE: 2022-03-10 16:00:00 - 2022-03-10 21:59:59"
"GENERATED ON: 2022-03-10"

"SOURCE >> ACCESS BANK PLC"
"S/N","CHANNEL","SESSION ID","TRANSACTION TYPE","RESPONSE","AMOUNT","TRANSACTION TIME","ORIGINATOR INSTITUTION","ORIGINATOR / BILLER","DESTINATION INSTITUTION","DESTINATION ACCOUNT NAME","DESTINATION ACCOUNT NO","NARRATION"," PAYMENT REFERENCE","LAST 12 DIGITS OF SESSION_ID"
"1","MOBILE PHONE","'000014220310212058228449878868","Fund Transfer (Direct Credit)","Beneficiary Bank Not Available","8000.00 ","'2022-03-10 21:20:58","ACCESS BANK PLC","OMOLADUN BLESSING ADIGUN","FBN Mortgages Limited","ADIGUN OMOLADUN BLESSING","1000620276","TRFFundsFRM OMOLADUN BLESSING ADIGUN TO ADIGUN OMOLADUN BLESSING","'000014220310212035216252978329","'228449878868"

"SOURCE INSTITUTION SUMMARY >> ACCESS BANK PLC"
"S/N","TRANSACTION TYPE","TOTAL AMOUNT (N)","TRANSACTION VOLUME"
"1","Fund Transfer (Direct Credit)","8000.00 ","1"

"SOURCE >> UNITED BANK FOR AFRICA PLC"
"S/N","CHANNEL","SESSION ID","TRANSACTION TYPE","RESPONSE","AMOUNT","TRANSACTION TIME","ORIGINATOR INSTITUTION","ORIGINATOR / BILLER","DESTINATION INSTITUTION","DESTINATION ACCOUNT NAME","DESTINATION ACCOUNT NO","NARRATION"," PAYMENT REFERENCE","LAST 12 DIGITS OF SESSION_ID"
"1","MOBILE PHONE","'000004220310160238749557710550","Fund Transfer (Direct Credit)","Beneficiary Bank Not Available","212000.00 ","'2022-03-10 16:03:28","UNITED BANK FOR AFRICA PLC","UDEME STEPHANIE ADAEZE","FBN Mortgages Limited","SIMEON OLUKAYODE ADESINA","1000429589","MOB/UDEME STEPHANIE ADAEZE/UTO/10783002325/090107/Dec Jan and Feb","'10783002325","'749557710550"

"SOURCE INSTITUTION SUMMARY >> UNITED BANK FOR AFRICA PLC"
"S/N","TRANSACTION TYPE","TOTAL AMOUNT (N)","TRANSACTION VOLUME"
"1","Fund Transfer (Direct Credit)","212000.00 ","1"

"SOURCE >> GUARANTY TRUST BANK PLC"
"S/N","CHANNEL","SESSION ID","TRANSACTION TYPE","RESPONSE","AMOUNT","TRANSACTION TIME","ORIGINATOR INSTITUTION","ORIGINATOR / BILLER","DESTINATION INSTITUTION","DESTINATION ACCOUNT NAME","DESTINATION ACCOUNT NO","NARRATION"," PAYMENT REFERENCE","LAST 12 DIGITS OF SESSION_ID"
"1","MOBILE PHONE","'000013220310174549000090513003","Fund Transfer (Direct Credit)","Invalid Transaction","250000.00 ","'2022-03-10 17:46:33","GUARANTY TRUST BANK PLC","ABISOLA ADEDEJI ADENIYI","FBN Mortgages Limited","","1000423893","Repayment REF211746825000250000002203101746","'000090513003","'000090513003"

"SOURCE INSTITUTION SUMMARY >> GUARANTY TRUST BANK PLC"
"S/N","TRANSACTION TYPE","TOTAL AMOUNT (N)","TRANSACTION VOLUME"
"1","Fund Transfer (Direct Credit)","250000.00 ","1"

"FULL BILLING SUMMARY "
"S/N","TRANSACTION TYPE","TOTAL AMOUNT (N)","TRANSACTION VOLUME"
"1","Fund Transfer (Direct Credit)","470000.00 ","3"
