"NIBSS INSTANT PAYMENTS - OUTWARDS REPORT"
"FBN Mortgages Limited"
"TRANSACTION DATE: 2022-03-09 16:00:00 - 2022-03-09 21:59:59"
"GENERATED ON: 2022-03-09"

"DESTINATION >> STERLING BANK PLC"
"S/N","CHANNEL","SESSION ID","TRANSACTION TYPE","RESPONSE","AMOUNT","TRANSACTION TIME","ORIGINATOR INSTITUTION","ORIGINATOR / BILLER","DESTINATION INSTITUTION","DESTINATION ACCOUNT NAME","DESTINATION ACCOUNT NO","NARRATION"," PAYMENT REFERENCE","LAST 12 DIGITS OF SESSION_ID"
"1","INTERNET BANKING","'090107220309183137384569749731","Fund Transfer (Direct Credit)","Approved or Completed Successfully","7000.00 ","'2022-03-09 18:31:38","FBN Mortgages Limited","OFORDU FRANCIS IKEMEFUNE","STERLING BANK PLC","TAIWO OJO ASIMIYU","0024155435","Sterling Bank/TAIWO OJO ASIMIYU/WebApp: Tyre fixing, Trf to Sterling Bank TAIWO OJO ASIMIYU","'FTMortgage/NIP/220309183137","'384569749731"

"DESTINATION INSTITUTION SUMMARY >> STERLING BANK PLC"
"S/N","TRANSACTION TYPE","TOTAL AMOUNT (N)","TRANSACTION VOLUME"
"1","Fund Transfer (Direct Credit)","7000.00 ","1"

"DESTINATION >> FIRST BANK OF NIGERIA PLC"
"S/N","CHANNEL","SESSION ID","TRANSACTION TYPE","RESPONSE","AMOUNT","TRANSACTION TIME","ORIGINATOR INSTITUTION","ORIGINATOR / BILLER","DESTINATION INSTITUTION","DESTINATION ACCOUNT NAME","DESTINATION ACCOUNT NO","NARRATION"," PAYMENT REFERENCE","LAST 12 DIGITS OF SESSION_ID"
"1","INTERNET BANKING","'090107220309175403019050951387","Fund Transfer (Direct Credit)","Approved or Completed Successfully","50000.00 ","'2022-03-09 17:54:06","FBN Mortgages Limited","AGBOLA OYENIYI JOSHUA","FIRST BANK OF NIGERIA PLC","AGBOLA OYENIYI JOSHUA","3117342135","First Bank of Nigeria/AGBOLA OYENIYI JOSHUA/WebApp: Tesf agbola, Trf to First Bank of Nigeria AGBOL","'FTMortgage/NIP/220309175403","'019050951387"

"DESTINATION INSTITUTION SUMMARY >> FIRST BANK OF NIGERIA PLC"
"S/N","TRANSACTION TYPE","TOTAL AMOUNT (N)","TRANSACTION VOLUME"
"1","Fund Transfer (Direct Credit)","50000.00 ","1"

"DESTINATION >> GUARANTY TRUST BANK PLC"
"S/N","CHANNEL","SESSION ID","TRANSACTION TYPE","RESPONSE","AMOUNT","TRANSACTION TIME","ORIGINATOR INSTITUTION","ORIGINATOR / BILLER","DESTINATION INSTITUTION","DESTINATION ACCOUNT NAME","DESTINATION ACCOUNT NO","NARRATION"," PAYMENT REFERENCE","LAST 12 DIGITS OF SESSION_ID"
"1","INTERNET BANKING","'090107220309214338108319547958","Fund Transfer (Direct Credit)","Approved or Completed Successfully","15000.00 ","'2022-03-09 21:43:40","FBN Mortgages Limited","JERRY JUSTICE","GUARANTY TRUST BANK PLC","JERRY JUSTICE","0121393936","GTBank Plc/JERRY JUSTICE/WebApp: Trf to GTBank Plc JERRY JUSTICE","'FTMortgage/NIP/220309214338","'108319547958"

"DESTINATION INSTITUTION SUMMARY >> GUARANTY TRUST BANK PLC"
"S/N","TRANSACTION TYPE","TOTAL AMOUNT (N)","TRANSACTION VOLUME"
"1","Fund Transfer (Direct Credit)","15000.00 ","1"

"FULL BILLING SUMMARY "
"S/N","TRANSACTION TYPE","TOTAL AMOUNT (N)","TRANSACTION VOLUME"
"1","Fund Transfer (Direct Credit)","72000.00 ","3"
