"NIBSS INSTANT PAYMENTS - INWARDS SUCCESSFUL"
"FBN Mortgages Limited"
"TRANSACTION DATE: 2022-03-09 16:00:00 - 2022-03-09 21:59:59"
"GENERATED ON: 2022-03-09"

"SOURCE >> ECOBANK NIGERIA PLC"
"S/N","CHANNEL","SESSION ID","TRANSACTION TYPE","RESPONSE","AMOUNT","TRANSACTION TIME","ORIGINATOR INSTITUTION","ORIGINATOR / BILLER","DESTINATION INSTITUTION","DESTINATION ACCOUNT NAME","DESTINATION ACCOUNT NO","NARRATION"," PAYMENT REFERENCE","LAST 12 DIGITS OF SESSION_ID"
"1","MOBILE PHONE","'000010220309150542111377606416","Fund Transfer (Direct Credit)","Approved or Completed Successfully","14900.00 ","'2022-03-09 16:05:42","ECOBANK NIGERIA PLC","OLABODE MICHAEAL","FBN Mortgages Limited","Olabode Grace Funmilayo","3086144338","REF2665446869 BO OLABODE MICHAEAL IFO Olabode Gra","'2665446869","'111377606416"

"SOURCE INSTITUTION SUMMARY >> ECOBANK NIGERIA PLC"
"S/N","TRANSACTION TYPE","TOTAL AMOUNT (N)","TRANSACTION VOLUME"
"1","Fund Transfer (Direct Credit)","14900.00 ","1"

"SOURCE >> ZENITH BANK PLC"
"S/N","CHANNEL","SESSION ID","TRANSACTION TYPE","RESPONSE","AMOUNT","TRANSACTION TIME","ORIGINATOR INSTITUTION","ORIGINATOR / BILLER","DESTINATION INSTITUTION","DESTINATION ACCOUNT NAME","DESTINATION ACCOUNT NO","NARRATION"," PAYMENT REFERENCE","LAST 12 DIGITS OF SESSION_ID"
"1","MOBILE PHONE","'000015220309204556002489084819","Fund Transfer (Direct Credit)","Approved or Completed Successfully","22000.00 ","'2022-03-09 20:45:56","ZENITH BANK PLC","ANTHONY CHUKWUDI EMENAM","FBN Mortgages Limited","EMENAM ANTHONY CHUKWUDI","0000442745","gift","'849123196","'002489084819"

"SOURCE INSTITUTION SUMMARY >> ZENITH BANK PLC"
"S/N","TRANSACTION TYPE","TOTAL AMOUNT (N)","TRANSACTION VOLUME"
"1","Fund Transfer (Direct Credit)","22000.00 ","1"

"SOURCE >> STANBIC IBTC BANK PLC"
"S/N","CHANNEL","SESSION ID","TRANSACTION TYPE","RESPONSE","AMOUNT","TRANSACTION TIME","ORIGINATOR INSTITUTION","ORIGINATOR / BILLER","DESTINATION INSTITUTION","DESTINATION ACCOUNT NAME","DESTINATION ACCOUNT NO","NARRATION"," PAYMENT REFERENCE","LAST 12 DIGITS OF SESSION_ID"
"1","INTERNET BANKING","'000012220309214029139027584000","Fund Transfer (Direct Credit)","Approved or Completed Successfully","2030000.00 ","'2022-03-09 21:40:37","STANBIC IBTC BANK PLC","KAYODE KOLA KALEIJAIYE","FBN Mortgages Limited","KALEJAIYE KAYODE KOLAWOLE","1000511527","Account Funding","'139027584","'139027584000"

"SOURCE INSTITUTION SUMMARY >> STANBIC IBTC BANK PLC"
"S/N","TRANSACTION TYPE","TOTAL AMOUNT (N)","TRANSACTION VOLUME"
"1","Fund Transfer (Direct Credit)","2030000.00 ","1"

"FULL BILLING SUMMARY "
"S/N","TRANSACTION TYPE","TOTAL AMOUNT (N)","TRANSACTION VOLUME"
"1","Fund Transfer (Direct Credit)","2066900.00 ","3"
