"NIBSS INSTANT PAYMENTS - OUTWARDS REPORT"
"FBN Mortgages Limited"
"TRANSACTION DATE: 2022-03-30 13:00:00 - 2022-03-30 15:59:59"
"GENERATED ON: 2022-03-30"

"DESTINATION >> FIRST BANK OF NIGERIA PLC"
"S/N","CHANNEL","SESSION ID","TRANSACTION TYPE","RESPONSE","AMOUNT","TRANSACTION TIME","ORIGINATOR INSTITUTION","ORIGINATOR / BILLER","DESTINATION INSTITUTION","DESTINATION ACCOUNT NAME","DESTINATION ACCOUNT NO","NARRATION"," PAYMENT REFERENCE","LAST 12 DIGITS OF SESSION_ID"
"1","INTERNET BANKING","'090107220330135640711879164340","Fund Transfer (Direct Credit)","Approved or Completed Successfully","14000.00 ","'2022-03-30 13:56:42","FBN Mortgages Limited","AKINLEYE, ADEYINKA DANIEL","FIRST BANK OF NIGERIA PLC","AKINLEYE ADEYINKA DANIEL","3075664553","First Bank of Nigeria/AKINLEYE ADEYINKA DANIEL/WebApp: Trsfer, Trf to First Bank of Nigeria AKINLEY","'FTMortgage/NIP/220330135640","'711879164340"

"DESTINATION INSTITUTION SUMMARY >> FIRST BANK OF NIGERIA PLC"
"S/N","TRANSACTION TYPE","TOTAL AMOUNT (N)","TRANSACTION VOLUME"
"1","Fund Transfer (Direct Credit)","14000.00 ","1"

"DESTINATION >> ZENITH BANK PLC"
"S/N","CHANNEL","SESSION ID","TRANSACTION TYPE","RESPONSE","AMOUNT","TRANSACTION TIME","ORIGINATOR INSTITUTION","ORIGINATOR / BILLER","DESTINATION INSTITUTION","DESTINATION ACCOUNT NAME","DESTINATION ACCOUNT NO","NARRATION"," PAYMENT REFERENCE","LAST 12 DIGITS OF SESSION_ID"
"1","INTERNET BANKING","'090107220330155439092054064016","Fund Transfer (Direct Credit)","Approved or Completed Successfully","219000.00 ","'2022-03-30 15:54:40","FBN Mortgages Limited","OLAMIDE TARAOLUWA ADESANYA","ZENITH BANK PLC","TOSA TRAVELS AND TOURS LTD","1013065752","Zenith Bank/TOSA TRAVELS AND TOURS LTD/WebApp: Safari, Trf to Zenith Bank TOSA TRAVELS AND TOURS LT","'FTMortgage/NIP/220330155439","'092054064016"

"DESTINATION INSTITUTION SUMMARY >> ZENITH BANK PLC"
"S/N","TRANSACTION TYPE","TOTAL AMOUNT (N)","TRANSACTION VOLUME"
"1","Fund Transfer (Direct Credit)","219000.00 ","1"

"DESTINATION >> GUARANTY TRUST BANK PLC"
"S/N","CHANNEL","SESSION ID","TRANSACTION TYPE","RESPONSE","AMOUNT","TRANSACTION TIME","ORIGINATOR INSTITUTION","ORIGINATOR / BILLER","DESTINATION INSTITUTION","DESTINATION ACCOUNT NAME","DESTINATION ACCOUNT NO","NARRATION"," PAYMENT REFERENCE","LAST 12 DIGITS OF SESSION_ID"
"1","INTERNET BANKING","'090107220330131603062895687366","Fund Transfer (Direct Credit)","Approved or Completed Successfully","2000.00 ","'2022-03-30 13:16:04","FBN Mortgages Limited","SUNDAY OLUSOLA OYENIRAN","GUARANTY TRUST BANK PLC","FOWOWE OLANIYI","0012445265","GTBank Plc/FOWOWE OLANIYI/WebApp: Contribution to Summit transportation, Trf to GTBank Plc FOWOWE O","'FTMortgage/NIP/220330131603","'062895687366"

"DESTINATION INSTITUTION SUMMARY >> GUARANTY TRUST BANK PLC"
"S/N","TRANSACTION TYPE","TOTAL AMOUNT (N)","TRANSACTION VOLUME"
"1","Fund Transfer (Direct Credit)","2000.00 ","1"

"FULL BILLING SUMMARY "
"S/N","TRANSACTION TYPE","TOTAL AMOUNT (N)","TRANSACTION VOLUME"
"1","Fund Transfer (Direct Credit)","235000.00 ","3"
