"NIBSS INSTANT PAYMENTS - INWARDS TXNLOG"
"FBN Mortgages Limited"
"TRANSACTION DATE: 2022-03-31 06:00:00 - 2022-03-31 09:59:59"
"GENERATED ON: 2022-03-31"

"SOURCE >> FIRST BANK OF NIGERIA PLC"
"S/N","CHANNEL","SESSION ID","TRANSACTION TYPE","RESPONSE","AMOUNT","TRANSACTION TIME","ORIGINATOR INSTITUTION","ORIGINATOR / BILLER","DESTINATION INSTITUTION","DESTINATION ACCOUNT NAME","DESTINATION ACCOUNT NO","NARRATION"," PAYMENT REFERENCE","LAST 12 DIGITS OF SESSION_ID"
"1","MOBILE PHONE","'000016220331083448000022348468","Fund Transfer (Direct Credit)","Approved or Completed Successfully","125000.00 ","'2022-03-31 08:34:50","FIRST BANK OF NIGERIA PLC","SHASANYA OLUKEMI MRS","FBN Mortgages Limited","SHASANYA OLUKEMI OLORUNTARA","1000345290","FBNMOBILE:SHASANYA OLUKEMI OLORUNTARA/REPAYMENT","'637843124883161822","'000022348468"

"SOURCE INSTITUTION SUMMARY >> FIRST BANK OF NIGERIA PLC"
"S/N","TRANSACTION TYPE","TOTAL AMOUNT (N)","TRANSACTION VOLUME"
"1","Fund Transfer (Direct Credit)","125000.00 ","1"

"SOURCE >> ZENITH BANK PLC"
"S/N","CHANNEL","SESSION ID","TRANSACTION TYPE","RESPONSE","AMOUNT","TRANSACTION TIME","ORIGINATOR INSTITUTION","ORIGINATOR / BILLER","DESTINATION INSTITUTION","DESTINATION ACCOUNT NAME","DESTINATION ACCOUNT NO","NARRATION"," PAYMENT REFERENCE","LAST 12 DIGITS OF SESSION_ID"
"1","MOBILE PHONE","'000015220331093404002547251529","Fund Transfer (Direct Credit)","Timeout waiting for response from Destination","50000.00 ","'2022-03-31 09:34:04","ZENITH BANK PLC","RACHAEL SAMUEL","FBN Mortgages Limited","OHIKERE OHUNENE RACHAEL","1000429486","trf","'881663066","'002547251529"
"2","INTERNET BANKING","'000015220331094145002547283141","Fund Transfer (Direct Credit)","Approved or Completed Successfully","50000.00 ","'2022-03-31 09:41:45","ZENITH BANK PLC","RACHAEL SAMUEL","FBN Mortgages Limited","OHIKERE OHUNENE RACHAEL","1000429486","trf","'IBA881678429","'002547283141"

"SOURCE INSTITUTION SUMMARY >> ZENITH BANK PLC"
"S/N","TRANSACTION TYPE","TOTAL AMOUNT (N)","TRANSACTION VOLUME"
"1","Fund Transfer (Direct Credit)","100000.00 ","2"

"FULL BILLING SUMMARY "
"S/N","TRANSACTION TYPE","TOTAL AMOUNT (N)","TRANSACTION VOLUME"
"1","Fund Transfer (Direct Credit)","225000.00 ","3"
