"NIBSS INSTANT PAYMENTS - OUTWARDS TXNLOG"
"FBN Mortgages Limited"
"TRANSACTION DATE: 2022-03-07 13:00:00 - 2022-03-07 15:59:59"
"GENERATED ON: 2022-03-07"

"DESTINATION >> ACCESS BANK PLC"
"S/N","CHANNEL","SESSION ID","TRANSACTION TYPE","RESPONSE","AMOUNT","TRANSACTION TIME","ORIGINATOR INSTITUTION","ORIGINATOR / BILLER","DESTINATION INSTITUTION","DESTINATION ACCOUNT NAME","DESTINATION ACCOUNT NO","NARRATION"," PAYMENT REFERENCE","LAST 12 DIGITS OF SESSION_ID"
"1","BANK TELLER","'090107220307153045222674434175","Fund Transfer (Direct Credit)","Approved or Completed Successfully","12800.00 ","'2022-03-07 15:30:49","FBN Mortgages Limited","AYOADE AYODELE","ACCESS BANK PLC","AYOADE AYODELE NOAH","0034266315","Access Bank/AYOADE AYODELE NOAH/ky","'FBNMortgage/NIP/220307153045","'222674434175"

"DESTINATION INSTITUTION SUMMARY >> ACCESS BANK PLC"
"S/N","TRANSACTION TYPE","TOTAL AMOUNT (N)","TRANSACTION VOLUME"
"1","Fund Transfer (Direct Credit)","12800.00 ","1"

"DESTINATION >> ACCESS BANK PLC (DIAMOND)"
"S/N","CHANNEL","SESSION ID","TRANSACTION TYPE","RESPONSE","AMOUNT","TRANSACTION TIME","ORIGINATOR INSTITUTION","ORIGINATOR / BILLER","DESTINATION INSTITUTION","DESTINATION ACCOUNT NAME","DESTINATION ACCOUNT NO","NARRATION"," PAYMENT REFERENCE","LAST 12 DIGITS OF SESSION_ID"
"1","INTERNET BANKING","'090107220307155225150242481608","Fund Transfer (Direct Credit)","Approved or Completed Successfully","10000.00 ","'2022-03-07 15:52:29","FBN Mortgages Limited","SOBOWALE AWELE ONYELU","ACCESS BANK PLC (DIAMOND)","AWELE ONYELU SOBOWALE","0068532485","Diamond Bank/AWELE ONYELU SOBOWALE/WebApp: To, Trf to Diamond Bank AWELE ONYELU SOBOWALE","'FTMortgage/NIP/220307155225","'150242481608"

"DESTINATION INSTITUTION SUMMARY >> ACCESS BANK PLC (DIAMOND)"
"S/N","TRANSACTION TYPE","TOTAL AMOUNT (N)","TRANSACTION VOLUME"
"1","Fund Transfer (Direct Credit)","10000.00 ","1"

"DESTINATION >> FIRST BANK OF NIGERIA PLC"
"S/N","CHANNEL","SESSION ID","TRANSACTION TYPE","RESPONSE","AMOUNT","TRANSACTION TIME","ORIGINATOR INSTITUTION","ORIGINATOR / BILLER","DESTINATION INSTITUTION","DESTINATION ACCOUNT NAME","DESTINATION ACCOUNT NO","NARRATION"," PAYMENT REFERENCE","LAST 12 DIGITS OF SESSION_ID"
"1","INTERNET BANKING","'090107220307152846598634008289","Fund Transfer (Direct Credit)","Approved or Completed Successfully","73000.00 ","'2022-03-07 15:28:50","FBN Mortgages Limited","OGUNJANA GBENGA OLADIPO","FIRST BANK OF NIGERIA PLC","OGUNJANA GBENGA OLADIPO","3091125728","First Bank of Nigeria/OGUNJANA GBENGA OLADIPO/WebApp: Transfer, Trf to First Bank of Nigeria OGUNJA","'FTMortgage/NIP/220307152846","'598634008289"

"DESTINATION INSTITUTION SUMMARY >> FIRST BANK OF NIGERIA PLC"
"S/N","TRANSACTION TYPE","TOTAL AMOUNT (N)","TRANSACTION VOLUME"
"1","Fund Transfer (Direct Credit)","73000.00 ","1"

"DESTINATION >> GUARANTY TRUST BANK PLC"
"S/N","CHANNEL","SESSION ID","TRANSACTION TYPE","RESPONSE","AMOUNT","TRANSACTION TIME","ORIGINATOR INSTITUTION","ORIGINATOR / BILLER","DESTINATION INSTITUTION","DESTINATION ACCOUNT NAME","DESTINATION ACCOUNT NO","NARRATION"," PAYMENT REFERENCE","LAST 12 DIGITS OF SESSION_ID"
"1","INTERNET BANKING","'090107220307135912558092910304","Fund Transfer (Direct Credit)","Approved or Completed Successfully","10000.00 ","'2022-03-07 13:59:16","FBN Mortgages Limited","OLAMIDE TARAOLUWA ADESANYA","GUARANTY TRUST BANK PLC","ADESANYA OLAMIDE TARAOLUWA","0113362564","GTBank Plc/ADESANYA OLAMIDE TARAOLUWA/WebApp: Trf to GTBank Plc ADESANYA OLAMIDE TARAOLUWA","'FTMortgage/NIP/220307135912","'558092910304"

"DESTINATION INSTITUTION SUMMARY >> GUARANTY TRUST BANK PLC"
"S/N","TRANSACTION TYPE","TOTAL AMOUNT (N)","TRANSACTION VOLUME"
"1","Fund Transfer (Direct Credit)","10000.00 ","1"

"DESTINATION >> STANBIC IBTC BANK PLC"
"S/N","CHANNEL","SESSION ID","TRANSACTION TYPE","RESPONSE","AMOUNT","TRANSACTION TIME","ORIGINATOR INSTITUTION","ORIGINATOR / BILLER","DESTINATION INSTITUTION","DESTINATION ACCOUNT NAME","DESTINATION ACCOUNT NO","NARRATION"," PAYMENT REFERENCE","LAST 12 DIGITS OF SESSION_ID"
"1","BANK TELLER","'090107220307151344039336274298","Fund Transfer (Direct Credit)","Approved or Completed Successfully","4582682.99 ","'2022-03-07 15:15:32","FBN Mortgages Limited","FATIMAT OLAJUMOKE QUADRI","STANBIC IBTC BANK PLC","OLADAPO NOHEEM QUADRI","0022388501","StanbicIBTC Bank/OLADAPO NOHEEM QUADRI/TRF IFO FATIMAT OLAJUMOKE QUADRI/STANBIC","'FBNMortgage/NIP/220307151344","'039336274298"

"DESTINATION INSTITUTION SUMMARY >> STANBIC IBTC BANK PLC"
"S/N","TRANSACTION TYPE","TOTAL AMOUNT (N)","TRANSACTION VOLUME"
"1","Fund Transfer (Direct Credit)","4582682.99 ","1"

"FULL BILLING SUMMARY "
"S/N","TRANSACTION TYPE","TOTAL AMOUNT (N)","TRANSACTION VOLUME"
"1","Fund Transfer (Direct Credit)","4688482.99 ","5"
