"NIBSS INSTANT PAYMENTS - INWARDS UNSUCCESSFUL"
"FBN Mortgages Limited"
"TRANSACTION DATE: 2022-03-07 13:00:00 - 2022-03-07 15:59:59"
"GENERATED ON: 2022-03-07"

"SOURCE >> GUARANTY TRUST BANK PLC"
"S/N","CHANNEL","SESSION ID","TRANSACTION TYPE","RESPONSE","AMOUNT","TRANSACTION TIME","ORIGINATOR INSTITUTION","ORIGINATOR / BILLER","DESTINATION INSTITUTION","DESTINATION ACCOUNT NAME","DESTINATION ACCOUNT NO","NARRATION"," PAYMENT REFERENCE","LAST 12 DIGITS OF SESSION_ID"
"1","MOBILE PHONE","'000013220307152355000084301535","Fund Transfer (Direct Credit)","Beneficiary Bank Not Available","18000.00 ","'2022-03-07 15:25:05","GUARANTY TRUST BANK PLC","SALAMI OLUWABUSOLA TEMITOPE","FBN Mortgages Limited","SALAMI TEMITOPE OLUWABUSOLA","1000413975","via GTWORLD","'000084301535","'000084301535"

"SOURCE INSTITUTION SUMMARY >> GUARANTY TRUST BANK PLC"
"S/N","TRANSACTION TYPE","TOTAL AMOUNT (N)","TRANSACTION VOLUME"
"1","Fund Transfer (Direct Credit)","18000.00 ","1"

"FULL BILLING SUMMARY "
"S/N","TRANSACTION TYPE","TOTAL AMOUNT (N)","TRANSACTION VOLUME"
"1","Fund Transfer (Direct Credit)","18000.00 ","1"
