"NIBSS INSTANT PAYMENTS - INWARDS SUCCESSFUL"
"FBN Mortgages Limited"
"TRANSACTION DATE: 2022-03-07 13:00:00 - 2022-03-07 15:59:59"
"GENERATED ON: 2022-03-07"

"SOURCE >> ACCESS BANK PLC"
"S/N","CHANNEL","SESSION ID","TRANSACTION TYPE","RESPONSE","AMOUNT","TRANSACTION TIME","ORIGINATOR INSTITUTION","ORIGINATOR / BILLER","DESTINATION INSTITUTION","DESTINATION ACCOUNT NAME","DESTINATION ACCOUNT NO","NARRATION"," PAYMENT REFERENCE","LAST 12 DIGITS OF SESSION_ID"
"1","MOBILE PHONE","'000014220307133242266487682226","Fund Transfer (Direct Credit)","Approved or Completed Successfully","57000.00 ","'2022-03-07 13:32:42","ACCESS BANK PLC","ANAGO CHIOMA NNENNA","FBN Mortgages Limited","ANAGO CHIOMA NNENNA","1000614758","TRFOkFRM ANAGO CHIOMA NNENNA TO ANAGO CHIOMA NNENNA","'000014220307133212240454977832","'266487682226"

"SOURCE INSTITUTION SUMMARY >> ACCESS BANK PLC"
"S/N","TRANSACTION TYPE","TOTAL AMOUNT (N)","TRANSACTION VOLUME"
"1","Fund Transfer (Direct Credit)","57000.00 ","1"

"SOURCE >> FIRST BANK OF NIGERIA PLC"
"S/N","CHANNEL","SESSION ID","TRANSACTION TYPE","RESPONSE","AMOUNT","TRANSACTION TIME","ORIGINATOR INSTITUTION","ORIGINATOR / BILLER","DESTINATION INSTITUTION","DESTINATION ACCOUNT NAME","DESTINATION ACCOUNT NO","NARRATION"," PAYMENT REFERENCE","LAST 12 DIGITS OF SESSION_ID"
"1","MOBILE PHONE","'000016220307140327000043702745","Fund Transfer (Direct Credit)","Approved or Completed Successfully","300.00 ","'2022-03-07 14:03:30","FIRST BANK OF NIGERIA PLC","ISMAIL TAIRU OLASUNBO","FBN Mortgages Limited","ISMAIL TAIRU OLASUNBO","1000344217","FBNMOBILE:ISMAIL TAIRU OLASUNBO/OLASUNBO","'637822586077308676","'000043702745"
"2","MOBILE PHONE","'000016220307153814000044099461","Fund Transfer (Direct Credit)","Approved or Completed Successfully","30000.00 ","'2022-03-07 15:38:17","FIRST BANK OF NIGERIA PLC","OLORUNFEMI OMOBOLA MARGARET","FBN Mortgages Limited","OGUNDAPO BOLA","1000525058","FBNMOBILE:OGUNDAPO BOLA/LOAN REPAYMENT","'637822642940133541","'000044099461"

"SOURCE INSTITUTION SUMMARY >> FIRST BANK OF NIGERIA PLC"
"S/N","TRANSACTION TYPE","TOTAL AMOUNT (N)","TRANSACTION VOLUME"
"1","Fund Transfer (Direct Credit)","30300.00 ","2"

"SOURCE >> GUARANTY TRUST BANK PLC"
"S/N","CHANNEL","SESSION ID","TRANSACTION TYPE","RESPONSE","AMOUNT","TRANSACTION TIME","ORIGINATOR INSTITUTION","ORIGINATOR / BILLER","DESTINATION INSTITUTION","DESTINATION ACCOUNT NAME","DESTINATION ACCOUNT NO","NARRATION"," PAYMENT REFERENCE","LAST 12 DIGITS OF SESSION_ID"
"1","MOBILE PHONE","'000013220307153549000084326927","Fund Transfer (Direct Credit)","Approved or Completed Successfully","50000.00 ","'2022-03-07 15:36:14","GUARANTY TRUST BANK PLC","YAKUBU SAMUEL","FBN Mortgages Limited","YAKUBU SAMUEL","1000471069","via GTWORLD Loan repayment","'000084326927","'000084326927"

"SOURCE INSTITUTION SUMMARY >> GUARANTY TRUST BANK PLC"
"S/N","TRANSACTION TYPE","TOTAL AMOUNT (N)","TRANSACTION VOLUME"
"1","Fund Transfer (Direct Credit)","50000.00 ","1"

"FULL BILLING SUMMARY "
"S/N","TRANSACTION TYPE","TOTAL AMOUNT (N)","TRANSACTION VOLUME"
"1","Fund Transfer (Direct Credit)","137300.00 ","4"
