"NIBSS INSTANT PAYMENTS - OUTWARDS SUCCESSFUL"
"FBN Mortgages Limited"
"TRANSACTION DATE: 2022-03-05 22:00:00 - 2022-03-06 05:59:59"
"GENERATED ON: 2022-03-06"

"DESTINATION >> GUARANTY TRUST BANK PLC"
"S/N","CHANNEL","SESSION ID","TRANSACTION TYPE","RESPONSE","AMOUNT","TRANSACTION TIME","ORIGINATOR INSTITUTION","ORIGINATOR / BILLER","DESTINATION INSTITUTION","DESTINATION ACCOUNT NAME","DESTINATION ACCOUNT NO","NARRATION"," PAYMENT REFERENCE","LAST 12 DIGITS OF SESSION_ID"
"1","INTERNET BANKING","'090107220306001003972544566108","Fund Transfer (Direct Credit)","Approved or Completed Successfully","40000.00 ","'2022-03-06 00:10:06","FBN Mortgages Limited","JERRY JUSTICE","GUARANTY TRUST BANK PLC","JERRY JUSTICE","0121393936","GTBank Plc/JERRY JUSTICE/WebApp: Trf to GTBank Plc JERRY JUSTICE","'FTMortgage/NIP/220306001003","'972544566108"

"DESTINATION INSTITUTION SUMMARY >> GUARANTY TRUST BANK PLC"
"S/N","TRANSACTION TYPE","TOTAL AMOUNT (N)","TRANSACTION VOLUME"
"1","Fund Transfer (Direct Credit)","40000.00 ","1"

"FULL BILLING SUMMARY "
"S/N","TRANSACTION TYPE","TOTAL AMOUNT (N)","TRANSACTION VOLUME"
"1","Fund Transfer (Direct Credit)","40000.00 ","1"
