"NIBSS INSTANT PAYMENTS - INWARDS TXNLOG"
"FBN Mortgages Limited"
"TRANSACTION DATE: 2022-03-05 22:00:00 - 2022-03-06 05:59:59"
"GENERATED ON: 2022-03-06"

"SOURCE >> FIRST CITY MONUMENT BANK"
"S/N","CHANNEL","SESSION ID","TRANSACTION TYPE","RESPONSE","AMOUNT","TRANSACTION TIME","ORIGINATOR INSTITUTION","ORIGINATOR / BILLER","DESTINATION INSTITUTION","DESTINATION ACCOUNT NAME","DESTINATION ACCOUNT NO","NARRATION"," PAYMENT REFERENCE","LAST 12 DIGITS OF SESSION_ID"
"1","INTERNET BANKING","'000003220305230910001303423979","Fund Transfer (Direct Credit)","Approved or Completed Successfully","2000000.00 ","'2022-03-05 23:09:11","FIRST CITY MONUMENT BANK","DORCLASHEALTH VENTURES","FBN Mortgages Limited","DORCAS OMOLOLA OLAREWAJU","1000620355","web:App: omolola, To FIRST TRUST MORTGAGE BANK PLC DORCAS O","'S95202432","'001303423979"

"SOURCE INSTITUTION SUMMARY >> FIRST CITY MONUMENT BANK"
"S/N","TRANSACTION TYPE","TOTAL AMOUNT (N)","TRANSACTION VOLUME"
"1","Fund Transfer (Direct Credit)","2000000.00 ","1"

"FULL BILLING SUMMARY "
"S/N","TRANSACTION TYPE","TOTAL AMOUNT (N)","TRANSACTION VOLUME"
"1","Fund Transfer (Direct Credit)","2000000.00 ","1"
