"NIBSS INSTANT PAYMENTS - INWARDS SUCCESSFUL"
"FBN Mortgages Limited"
"TRANSACTION DATE: 2022-03-10 13:00:00 - 2022-03-10 15:59:59"
"GENERATED ON: 2022-03-10"

"SOURCE >> ACCESS BANK PLC"
"S/N","CHANNEL","SESSION ID","TRANSACTION TYPE","RESPONSE","AMOUNT","TRANSACTION TIME","ORIGINATOR INSTITUTION","ORIGINATOR / BILLER","DESTINATION INSTITUTION","DESTINATION ACCOUNT NAME","DESTINATION ACCOUNT NO","NARRATION"," PAYMENT REFERENCE","LAST 12 DIGITS OF SESSION_ID"
"1","MOBILE PHONE","'000014220310134934255478458060","Fund Transfer (Direct Credit)","Approved or Completed Successfully","20000.00 ","'2022-03-10 13:49:34","ACCESS BANK PLC","CHIOMA ANAGO","FBN Mortgages Limited","ANAGO CHIOMA NNENNA","1000614758","TRFKFRM CHIOMA ANAGO TO ANAGO CHIOMA NNENNA","'000014220310134915293402056738","'255478458060"

"SOURCE INSTITUTION SUMMARY >> ACCESS BANK PLC"
"S/N","TRANSACTION TYPE","TOTAL AMOUNT (N)","TRANSACTION VOLUME"
"1","Fund Transfer (Direct Credit)","20000.00 ","1"

"SOURCE >> FIRST BANK OF NIGERIA PLC"
"S/N","CHANNEL","SESSION ID","TRANSACTION TYPE","RESPONSE","AMOUNT","TRANSACTION TIME","ORIGINATOR INSTITUTION","ORIGINATOR / BILLER","DESTINATION INSTITUTION","DESTINATION ACCOUNT NAME","DESTINATION ACCOUNT NO","NARRATION"," PAYMENT REFERENCE","LAST 12 DIGITS OF SESSION_ID"
"1","MOBILE PHONE","'000016220310144159000055147567","Fund Transfer (Direct Credit)","Approved or Completed Successfully","78000.00 ","'2022-03-10 14:42:02","FIRST BANK OF NIGERIA PLC","ABAYOMI-AMAO OLUWAKANYINSOLA","FBN Mortgages Limited","ABAYOMI -AMAO OLUWAKANYINSOLAMI","1000597666","FBNMOBILE:ABAYOMI AMAO OLUWAKANYINSOLAMI/SELF","'637825201194516621","'000055147567"
"2","MOBILE PHONE","'000016220310144820000055176131","Fund Transfer (Direct Credit)","Approved or Completed Successfully","53000.00 ","'2022-03-10 14:48:24","FIRST BANK OF NIGERIA PLC","ABAYOMI-AMAO OLUWAKANYINSOLA","FBN Mortgages Limited","ABAYOMI -AMAO OLUWAKANYINSOLAMI","1000597666","FBNMOBILE:ABAYOMI AMAO OLUWAKANYINSOLAMI/SELF","'637825205005371588","'000055176131"

"SOURCE INSTITUTION SUMMARY >> FIRST BANK OF NIGERIA PLC"
"S/N","TRANSACTION TYPE","TOTAL AMOUNT (N)","TRANSACTION VOLUME"
"1","Fund Transfer (Direct Credit)","131000.00 ","2"

"SOURCE >> GUARANTY TRUST BANK PLC"
"S/N","CHANNEL","SESSION ID","TRANSACTION TYPE","RESPONSE","AMOUNT","TRANSACTION TIME","ORIGINATOR INSTITUTION","ORIGINATOR / BILLER","DESTINATION INSTITUTION","DESTINATION ACCOUNT NAME","DESTINATION ACCOUNT NO","NARRATION"," PAYMENT REFERENCE","LAST 12 DIGITS OF SESSION_ID"
"1","MOBILE PHONE","'000013220310135917000090018760","Fund Transfer (Direct Credit)","Approved or Completed Successfully","270000.00 ","'2022-03-10 13:59:42","GUARANTY TRUST BANK PLC","TAWO EDOM TAMUNOTONYETAWO EDOM TAMUNOTONYE","FBN Mortgages Limited","EDOM TAMUNOTONYE TAWO","1000529551","via GTWORLD Insurance premium","'000090018760","'000090018760"
"2","INTERNET BANKING","'000013220310145140000090124229","Fund Transfer (Direct Credit)","Approved or Completed Successfully","2000000.00 ","'2022-03-10 14:48:04","GUARANTY TRUST BANK PLC","JUBILEE-LIFE MORTGAGE BANK LTD","FBN Mortgages Limited","MORTGAGE BANKING ASSOCIATION OF NIGERIA","1000379873","637825133473275317-1 PMT BY JUBILEELIFE MORTGAGE BANK PLC BEING ANNNAL SUBSCRIPTION FOR 2022 131143","'000090124229","'000090124229"

"SOURCE INSTITUTION SUMMARY >> GUARANTY TRUST BANK PLC"
"S/N","TRANSACTION TYPE","TOTAL AMOUNT (N)","TRANSACTION VOLUME"
"1","Fund Transfer (Direct Credit)","2270000.00 ","2"

"FULL BILLING SUMMARY "
"S/N","TRANSACTION TYPE","TOTAL AMOUNT (N)","TRANSACTION VOLUME"
"1","Fund Transfer (Direct Credit)","2421000.00 ","5"
