"NIBSS INSTANT PAYMENTS - OUTWARDS SUCCESSFUL"
"FBN Mortgages Limited"
"TRANSACTION DATE: 2022-03-10 13:00:00 - 2022-03-10 15:59:59"
"GENERATED ON: 2022-03-10"

"DESTINATION >> GUARANTY TRUST BANK PLC"
"S/N","CHANNEL","SESSION ID","TRANSACTION TYPE","RESPONSE","AMOUNT","TRANSACTION TIME","ORIGINATOR INSTITUTION","ORIGINATOR / BILLER","DESTINATION INSTITUTION","DESTINATION ACCOUNT NAME","DESTINATION ACCOUNT NO","NARRATION"," PAYMENT REFERENCE","LAST 12 DIGITS OF SESSION_ID"
"1","INTERNET BANKING","'090107220310152144451430386023","Fund Transfer (Direct Credit)","Approved or Completed Successfully","25000.00 ","'2022-03-10 15:21:46","FBN Mortgages Limited","LAWSON SOTONYE JEAN","GUARANTY TRUST BANK PLC","PRIVE REVAUX","0562275851","GTBank Plc/PRIVE REVAUX/WebApp: FRAMES, Trf to GTBank Plc PRIVE REVAUX","'FTMortgage/NIP/220310152144","'451430386023"

"DESTINATION INSTITUTION SUMMARY >> GUARANTY TRUST BANK PLC"
"S/N","TRANSACTION TYPE","TOTAL AMOUNT (N)","TRANSACTION VOLUME"
"1","Fund Transfer (Direct Credit)","25000.00 ","1"

"FULL BILLING SUMMARY "
"S/N","TRANSACTION TYPE","TOTAL AMOUNT (N)","TRANSACTION VOLUME"
"1","Fund Transfer (Direct Credit)","25000.00 ","1"
