"NIBSS INSTANT PAYMENTS - INWARDS UNSUCCESSFUL"
"FBN Mortgages Limited"
"TRANSACTION DATE: 2022-03-10 13:00:00 - 2022-03-10 15:59:59"
"GENERATED ON: 2022-03-10"

"SOURCE >> FIRST BANK OF NIGERIA PLC"
"S/N","CHANNEL","SESSION ID","TRANSACTION TYPE","RESPONSE","AMOUNT","TRANSACTION TIME","ORIGINATOR INSTITUTION","ORIGINATOR / BILLER","DESTINATION INSTITUTION","DESTINATION ACCOUNT NAME","DESTINATION ACCOUNT NO","NARRATION"," PAYMENT REFERENCE","LAST 12 DIGITS OF SESSION_ID"
"1","MOBILE PHONE","'000016220310143425000055115761","Fund Transfer (Direct Credit)","Beneficiary Bank Not Available","78000.00 ","'2022-03-10 14:34:27","FIRST BANK OF NIGERIA PLC","ABAYOMI-AMAO OLUWAKANYINSOLA","FBN Mortgages Limited","ABAYOMI -AMAO OLUWAKANYINSOLAMI","1000597666","FBNMOBILE:ABAYOMI AMAO OLUWAKANYINSOLAMI/SELF","'637825196646797837","'000055115761"
"2","MOBILE PHONE","'000016220310144750000055173923","Fund Transfer (Direct Credit)","Beneficiary Bank Not Available","54000.00 ","'2022-03-10 14:47:54","FIRST BANK OF NIGERIA PLC","ABAYOMI-AMAO OLUWAKANYINSOLA","FBN Mortgages Limited","ABAYOMI -AMAO OLUWAKANYINSOLAMI","1000597666","FBNMOBILE:ABAYOMI AMAO OLUWAKANYINSOLAMI/SELF","'637825204702714917","'000055173923"

"SOURCE INSTITUTION SUMMARY >> FIRST BANK OF NIGERIA PLC"
"S/N","TRANSACTION TYPE","TOTAL AMOUNT (N)","TRANSACTION VOLUME"
"1","Fund Transfer (Direct Credit)","132000.00 ","2"

"SOURCE >> GUARANTY TRUST BANK PLC"
"S/N","CHANNEL","SESSION ID","TRANSACTION TYPE","RESPONSE","AMOUNT","TRANSACTION TIME","ORIGINATOR INSTITUTION","ORIGINATOR / BILLER","DESTINATION INSTITUTION","DESTINATION ACCOUNT NAME","DESTINATION ACCOUNT NO","NARRATION"," PAYMENT REFERENCE","LAST 12 DIGITS OF SESSION_ID"
"1","INTERNET BANKING","'000013220310142608000090078083","Fund Transfer (Direct Credit)","Beneficiary Bank Not Available","2300000.00 ","'2022-03-10 14:26:31","GUARANTY TRUST BANK PLC","M.A.D. SOLUTIONS LIMITED","FBN Mortgages Limited","NNABUGWU ARINZE ANETO-OKEKE","1000446881","via GTWORLD First trust mortgage Feb 2022 payment","'000090078083","'000090078083"

"SOURCE INSTITUTION SUMMARY >> GUARANTY TRUST BANK PLC"
"S/N","TRANSACTION TYPE","TOTAL AMOUNT (N)","TRANSACTION VOLUME"
"1","Fund Transfer (Direct Credit)","2300000.00 ","1"

"FULL BILLING SUMMARY "
"S/N","TRANSACTION TYPE","TOTAL AMOUNT (N)","TRANSACTION VOLUME"
"1","Fund Transfer (Direct Credit)","2432000.00 ","3"
