"NIBSS INSTANT PAYMENTS - INWARDS UNSUCCESSFUL"
"FBN Mortgages Limited"
"TRANSACTION DATE: 2022-03-03 13:00:00 - 2022-03-03 15:59:59"
"GENERATED ON: 2022-03-03"

"SOURCE >> UNITED BANK FOR AFRICA PLC"
"S/N","CHANNEL","SESSION ID","TRANSACTION TYPE","RESPONSE","AMOUNT","TRANSACTION TIME","ORIGINATOR INSTITUTION","ORIGINATOR / BILLER","DESTINATION INSTITUTION","DESTINATION ACCOUNT NAME","DESTINATION ACCOUNT NO","NARRATION"," PAYMENT REFERENCE","LAST 12 DIGITS OF SESSION_ID"
"1","MOBILE PHONE","'000004220303151057586823594617","Fund Transfer (Direct Credit)","Beneficiary Bank Not Available","5200.00 ","'2022-03-03 15:12:05","UNITED BANK FOR AFRICA PLC","MATTHEW ENOCH OLUSEGUN","FBN Mortgages Limited","MATTHEW ENOCK OLUSEGUN","1000331192","MOB/MATTHEW ENOCH OLUSEGUN/UTO/10703941199/090107/Matthew","'10703941199","'586823594617"

"SOURCE INSTITUTION SUMMARY >> UNITED BANK FOR AFRICA PLC"
"S/N","TRANSACTION TYPE","TOTAL AMOUNT (N)","TRANSACTION VOLUME"
"1","Fund Transfer (Direct Credit)","5200.00 ","1"

"FULL BILLING SUMMARY "
"S/N","TRANSACTION TYPE","TOTAL AMOUNT (N)","TRANSACTION VOLUME"
"1","Fund Transfer (Direct Credit)","5200.00 ","1"
