"NIBSS INSTANT PAYMENTS - OUTWARDS TXNLOG"
"FBN Mortgages Limited"
"TRANSACTION DATE: 2022-03-08 13:00:00 - 2022-03-08 15:59:59"
"GENERATED ON: 2022-03-08"

"DESTINATION >> ACCESS BANK PLC"
"S/N","CHANNEL","SESSION ID","TRANSACTION TYPE","RESPONSE","AMOUNT","TRANSACTION TIME","ORIGINATOR INSTITUTION","ORIGINATOR / BILLER","DESTINATION INSTITUTION","DESTINATION ACCOUNT NAME","DESTINATION ACCOUNT NO","NARRATION"," PAYMENT REFERENCE","LAST 12 DIGITS OF SESSION_ID"
"1","INTERNET BANKING","'090107220308145554077769325287","Fund Transfer (Direct Credit)","Approved or Completed Successfully","5000.00 ","'2022-03-08 14:55:55","FBN Mortgages Limited","JERRY JUSTICE","ACCESS BANK PLC","FIRSTTRUST MORTGAGE BANK PLC","0019400624","Access Bank/FIRSTTRUST MORTGAGE BANK PLC /WebApp: Lunch, Trf to Access Bank FIRSTTRUST MORTGAGE BAN","'FTMortgage/NIP/220308145554","'077769325287"

"DESTINATION INSTITUTION SUMMARY >> ACCESS BANK PLC"
"S/N","TRANSACTION TYPE","TOTAL AMOUNT (N)","TRANSACTION VOLUME"
"1","Fund Transfer (Direct Credit)","5000.00 ","1"

"DESTINATION >> STANBIC IBTC BANK PLC"
"S/N","CHANNEL","SESSION ID","TRANSACTION TYPE","RESPONSE","AMOUNT","TRANSACTION TIME","ORIGINATOR INSTITUTION","ORIGINATOR / BILLER","DESTINATION INSTITUTION","DESTINATION ACCOUNT NAME","DESTINATION ACCOUNT NO","NARRATION"," PAYMENT REFERENCE","LAST 12 DIGITS OF SESSION_ID"
"1","INTERNET BANKING","'090107220308130056468530660397","Fund Transfer (Direct Credit)","Approved or Completed Successfully","5000.00 ","'2022-03-08 13:00:57","FBN Mortgages Limited","SALAU ALADE","STANBIC IBTC BANK PLC","STEPHEN RICHARD AMOSA","0009974516","StanbicIBTC Bank/STEPHEN RICHARD AMOSA/WebApp: Payment 4 wedding card, Trf to StanbicIBTC Bank STEP","'FTMortgage/NIP/220308130056","'468530660397"

"DESTINATION INSTITUTION SUMMARY >> STANBIC IBTC BANK PLC"
"S/N","TRANSACTION TYPE","TOTAL AMOUNT (N)","TRANSACTION VOLUME"
"1","Fund Transfer (Direct Credit)","5000.00 ","1"

"FULL BILLING SUMMARY "
"S/N","TRANSACTION TYPE","TOTAL AMOUNT (N)","TRANSACTION VOLUME"
"1","Fund Transfer (Direct Credit)","10000.00 ","2"
