"NIBSS INSTANT PAYMENTS - INWARDS UNSUCCESSFUL"
"FBN Mortgages Limited"
"TRANSACTION DATE: 2022-03-08 13:00:00 - 2022-03-08 15:59:59"
"GENERATED ON: 2022-03-08"

"SOURCE >> FIRST BANK OF NIGERIA PLC"
"S/N","CHANNEL","SESSION ID","TRANSACTION TYPE","RESPONSE","AMOUNT","TRANSACTION TIME","ORIGINATOR INSTITUTION","ORIGINATOR / BILLER","DESTINATION INSTITUTION","DESTINATION ACCOUNT NAME","DESTINATION ACCOUNT NO","NARRATION"," PAYMENT REFERENCE","LAST 12 DIGITS OF SESSION_ID"
"1","MOBILE PHONE","'000016220308154534000047953737","Fund Transfer (Direct Credit)","Beneficiary Bank Not Available","1100.00 ","'2022-03-08 15:45:36","FIRST BANK OF NIGERIA PLC","ISMAIL TAIRU OLASUNBO","FBN Mortgages Limited","ISMAIL TAIRU OLASUNBO","1000344217","FBNMOBILE:ISMAIL TAIRU OLASUNBO/OLASUNBO","'637823511335903023","'000047953737"

"SOURCE INSTITUTION SUMMARY >> FIRST BANK OF NIGERIA PLC"
"S/N","TRANSACTION TYPE","TOTAL AMOUNT (N)","TRANSACTION VOLUME"
"1","Fund Transfer (Direct Credit)","1100.00 ","1"

"SOURCE >> GUARANTY TRUST BANK PLC"
"S/N","CHANNEL","SESSION ID","TRANSACTION TYPE","RESPONSE","AMOUNT","TRANSACTION TIME","ORIGINATOR INSTITUTION","ORIGINATOR / BILLER","DESTINATION INSTITUTION","DESTINATION ACCOUNT NAME","DESTINATION ACCOUNT NO","NARRATION"," PAYMENT REFERENCE","LAST 12 DIGITS OF SESSION_ID"
"1","MOBILE PHONE","'000013220308142524000086215320","Fund Transfer (Direct Credit)","Beneficiary Bank Not Available","54019.49 ","'2022-03-08 14:26:42","GUARANTY TRUST BANK PLC","ABUBAKAR MOHAMMED SADISU","FBN Mortgages Limited","ABUBAKAR MOHAMMED SADISU","1000331824","via GTWORLD LoanRepayment","'000086215320","'000086215320"

"SOURCE INSTITUTION SUMMARY >> GUARANTY TRUST BANK PLC"
"S/N","TRANSACTION TYPE","TOTAL AMOUNT (N)","TRANSACTION VOLUME"
"1","Fund Transfer (Direct Credit)","54019.49 ","1"

"FULL BILLING SUMMARY "
"S/N","TRANSACTION TYPE","TOTAL AMOUNT (N)","TRANSACTION VOLUME"
"1","Fund Transfer (Direct Credit)","55119.49 ","2"
