"NIBSS INSTANT PAYMENTS - INWARDS REPORT"
"FBN Mortgages Limited"
"TRANSACTION DATE: 2022-03-08 13:00:00 - 2022-03-08 15:59:59"
"GENERATED ON: 2022-03-08"

"SOURCE >> ACCESS BANK PLC"
"S/N","CHANNEL","SESSION ID","TRANSACTION TYPE","RESPONSE","AMOUNT","TRANSACTION TIME","ORIGINATOR INSTITUTION","ORIGINATOR / BILLER","DESTINATION INSTITUTION","DESTINATION ACCOUNT NAME","DESTINATION ACCOUNT NO","NARRATION"," PAYMENT REFERENCE","LAST 12 DIGITS OF SESSION_ID"
"1","MOBILE PHONE","'000014220308134502225002712632","Fund Transfer (Direct Credit)","Approved or Completed Successfully","500000.00 ","'2022-03-08 13:45:02","ACCESS BANK PLC","IDEAL GRACE LTDF7182","FBN Mortgages Limited","NWAKAMMA CHARLES CHUKWUEMEKA","1000577442","TRF/Transfer /FRM IDEAL GRACE LTDF7182 TO NWAKAMMA","'VNM6354682924711576","'225002712632"
"2","MOBILE PHONE","'000014220308134607240659016562","Fund Transfer (Direct Credit)","Approved or Completed Successfully","1000000.00 ","'2022-03-08 13:46:07","ACCESS BANK PLC","IDEAL GRACE LTDF7182","FBN Mortgages Limited","IDEAL GRACE CONSTRUCTION CO LTD","1000451577","TRF/Transfer /FRM IDEAL GRACE LTDF7182 TO IDEAL","'VNM6440313962169106","'240659016562"

"SOURCE INSTITUTION SUMMARY >> ACCESS BANK PLC"
"S/N","TRANSACTION TYPE","TOTAL AMOUNT (N)","TRANSACTION VOLUME"
"1","Fund Transfer (Direct Credit)","1500000.00 ","2"

"SOURCE >> FIRST BANK OF NIGERIA PLC"
"S/N","CHANNEL","SESSION ID","TRANSACTION TYPE","RESPONSE","AMOUNT","TRANSACTION TIME","ORIGINATOR INSTITUTION","ORIGINATOR / BILLER","DESTINATION INSTITUTION","DESTINATION ACCOUNT NAME","DESTINATION ACCOUNT NO","NARRATION"," PAYMENT REFERENCE","LAST 12 DIGITS OF SESSION_ID"
"1","MOBILE PHONE","'000016220308154534000047953737","Fund Transfer (Direct Credit)","Beneficiary Bank Not Available","1100.00 ","'2022-03-08 15:45:36","FIRST BANK OF NIGERIA PLC","ISMAIL TAIRU OLASUNBO","FBN Mortgages Limited","ISMAIL TAIRU OLASUNBO","1000344217","FBNMOBILE:ISMAIL TAIRU OLASUNBO/OLASUNBO","'637823511335903023","'000047953737"

"SOURCE INSTITUTION SUMMARY >> FIRST BANK OF NIGERIA PLC"
"S/N","TRANSACTION TYPE","TOTAL AMOUNT (N)","TRANSACTION VOLUME"
"1","Fund Transfer (Direct Credit)","1100.00 ","1"

"SOURCE >> GUARANTY TRUST BANK PLC"
"S/N","CHANNEL","SESSION ID","TRANSACTION TYPE","RESPONSE","AMOUNT","TRANSACTION TIME","ORIGINATOR INSTITUTION","ORIGINATOR / BILLER","DESTINATION INSTITUTION","DESTINATION ACCOUNT NAME","DESTINATION ACCOUNT NO","NARRATION"," PAYMENT REFERENCE","LAST 12 DIGITS OF SESSION_ID"
"1","MOBILE PHONE","'000013220308135847000086152100","Fund Transfer (Direct Credit)","Approved or Completed Successfully","13000.00 ","'2022-03-08 13:59:19","GUARANTY TRUST BANK PLC","SALAMI OLUWABUSOLA TEMITOPE","FBN Mortgages Limited","SALAMI TEMITOPE OLUWABUSOLA","1000413975","via GTWORLD","'000086152100","'000086152100"
"2","MOBILE PHONE","'000013220308142524000086215320","Fund Transfer (Direct Credit)","Beneficiary Bank Not Available","54019.49 ","'2022-03-08 14:26:42","GUARANTY TRUST BANK PLC","ABUBAKAR MOHAMMED SADISU","FBN Mortgages Limited","ABUBAKAR MOHAMMED SADISU","1000331824","via GTWORLD LoanRepayment","'000086215320","'000086215320"
"3","MOBILE PHONE","'000013220308142845000086220287","Fund Transfer (Direct Credit)","Approved or Completed Successfully","1186.74 ","'2022-03-08 14:28:49","GUARANTY TRUST BANK PLC","ABUBAKAR MOHAMMED SADISUABUBAKAR MOHAMMED SADISU","FBN Mortgages Limited","ABUBAKAR MOHAMMED SADISU","1000331824","via GTWORLD Interest","'000086220287","'000086220287"
"4","MOBILE PHONE","'000013220308143232000086231953","Fund Transfer (Direct Credit)","Approved or Completed Successfully","54019.49 ","'2022-03-08 14:33:45","GUARANTY TRUST BANK PLC","ABUBAKAR MOHAMMED SADISU","FBN Mortgages Limited","ABUBAKAR MOHAMMED SADISU","1000331824","via GTWORLD Loan","'000086231953","'000086231953"
"5","MOBILE PHONE","'000013220308143921000086248406","Fund Transfer (Direct Credit)","Approved or Completed Successfully","140000.00 ","'2022-03-08 14:40:33","GUARANTY TRUST BANK PLC","MOHAMMED FAROUK JEGA","FBN Mortgages Limited","MOHAMMED FAROUK JEGA","1000482692","REF322324563000140000002203081440","'000086248406","'000086248406"
"6","MOBILE PHONE","'000013220308154639000086398922","Fund Transfer (Direct Credit)","Approved or Completed Successfully","30000.00 ","'2022-03-08 15:47:57","GUARANTY TRUST BANK PLC","EMUOBOME MARVEL ERHOVWO","FBN Mortgages Limited","EMUOBOME OMONIGHO JOSEPHINE","1000439720","via GTWORLD Mortgages March 2022","'000086398922","'000086398922"

"SOURCE INSTITUTION SUMMARY >> GUARANTY TRUST BANK PLC"
"S/N","TRANSACTION TYPE","TOTAL AMOUNT (N)","TRANSACTION VOLUME"
"1","Fund Transfer (Direct Credit)","292225.72 ","6"

"FULL BILLING SUMMARY "
"S/N","TRANSACTION TYPE","TOTAL AMOUNT (N)","TRANSACTION VOLUME"
"1","Fund Transfer (Direct Credit)","1793325.72 ","9"
