"NIBSS INSTANT PAYMENTS - INWARDS REPORT"
"FIRSTTRUST MORGAGES LIMITED"
"TRANSACTION DATE: 2022-07-19 10:00:00 - 2022-07-19 12:59:59"
"GENERATED ON: 2022-07-19"

"SOURCE >> GUARANTY TRUST BANK PLC"
"S/N","CHANNEL","SESSION ID","TRANSACTION TYPE","RESPONSE","AMOUNT","TRANSACTION TIME","ORIGINATOR INSTITUTION","ORIGINATOR / BILLER","DESTINATION INSTITUTION","DESTINATION ACCOUNT NAME","DESTINATION ACCOUNT NO","NARRATION"," PAYMENT REFERENCE","LAST 12 DIGITS OF SESSION_ID"
"1","MOBILE PHONE","'000013220719122219000340619851","Fund Transfer (Direct Credit)","Approved or Completed Successfully","110000.00 ","'2022-07-19 12:23:02","GUARANTY TRUST BANK PLC","AKERELE ONIMISI","FIRSTTRUST MORGAGES LIMITED","ONIMISI AKERELE","1000623631","via GTWORLD Deposit","'000340619851","'000340619851"

"SOURCE INSTITUTION SUMMARY >> GUARANTY TRUST BANK PLC"
"S/N","TRANSACTION TYPE","TOTAL AMOUNT (N)","TRANSACTION VOLUME"
"1","Fund Transfer (Direct Credit)","110000.00 ","1"

"FULL BILLING SUMMARY "
"S/N","TRANSACTION TYPE","TOTAL AMOUNT (N)","TRANSACTION VOLUME"
"1","Fund Transfer (Direct Credit)","110000.00 ","1"
