"NIBSS INSTANT PAYMENTS - OUTWARDS SUCCESSFUL"
"FIRSTTRUST MORGAGES LIMITED"
"TRANSACTION DATE: 2022-07-19 10:00:00 - 2022-07-19 12:59:59"
"GENERATED ON: 2022-07-19"

"DESTINATION >> FIRST BANK OF NIGERIA PLC"
"S/N","CHANNEL","SESSION ID","TRANSACTION TYPE","RESPONSE","AMOUNT","TRANSACTION TIME","ORIGINATOR INSTITUTION","ORIGINATOR / BILLER","DESTINATION INSTITUTION","DESTINATION ACCOUNT NAME","DESTINATION ACCOUNT NO","NARRATION"," PAYMENT REFERENCE","LAST 12 DIGITS OF SESSION_ID"
"1","INTERNET BANKING","'090107220719120354996268548139","Fund Transfer (Direct Credit)","Approved or Completed Successfully","20000.00 ","'2022-07-19 12:03:56","FIRSTTRUST MORGAGES LIMITED","ABERUAGBA ADETOKUNBO OLA","FIRST BANK OF NIGERIA PLC","ABERUAGBA ABOSEDE","3082655391","First Bank of Nigeria/ABERUAGBA ABOSEDE/Online: Support, Trf to First Bank of Nigeria ABERUAGBA ABO","'FTMortgage/NIP/220719120354","'996268548139"

"DESTINATION INSTITUTION SUMMARY >> FIRST BANK OF NIGERIA PLC"
"S/N","TRANSACTION TYPE","TOTAL AMOUNT (N)","TRANSACTION VOLUME"
"1","Fund Transfer (Direct Credit)","20000.00 ","1"

"DESTINATION >> GUARANTY TRUST BANK PLC"
"S/N","CHANNEL","SESSION ID","TRANSACTION TYPE","RESPONSE","AMOUNT","TRANSACTION TIME","ORIGINATOR INSTITUTION","ORIGINATOR / BILLER","DESTINATION INSTITUTION","DESTINATION ACCOUNT NAME","DESTINATION ACCOUNT NO","NARRATION"," PAYMENT REFERENCE","LAST 12 DIGITS OF SESSION_ID"
"1","INTERNET BANKING","'090107220719102816504927558697","Fund Transfer (Direct Credit)","Approved or Completed Successfully","5000.00 ","'2022-07-19 10:28:20","FIRSTTRUST MORGAGES LIMITED","TEMITOPE AJIMAT AINA","GUARANTY TRUST BANK PLC","AJAYI ADENIYI IBRAHIM","0018889904","GTBank Plc/AJAYI ADENIYI IBRAHIM/Online: Trf to GTBank Plc AJAYI ADENIYI IBRAHIM - Account From - T","'FTMortgage/NIP/220719102816","'504927558697"
"2","INTERNET BANKING","'090107220719105227044920299120","Fund Transfer (Direct Credit)","Approved or Completed Successfully","112700.00 ","'2022-07-19 10:52:28","FIRSTTRUST MORGAGES LIMITED","ABAYOMI -AMAO OLUWAKANYINSOLAMI","GUARANTY TRUST BANK PLC","ALL BREAD BAKERY","0380890168","GTBank Plc/ALL BREAD BAKERY/Online: FirstTrust Mortgage Bank Plc, Trf to GTBank Plc ALL BREAD BAKER","'FTMortgage/NIP/220719105227","'044920299120"
"3","INTERNET BANKING","'090107220719114130945651078502","Fund Transfer (Direct Credit)","Approved or Completed Successfully","500800.00 ","'2022-07-19 11:41:31","FIRSTTRUST MORGAGES LIMITED","ABAYOMI -AMAO OLUWAKANYINSOLAMI","GUARANTY TRUST BANK PLC","AMBASSADOR KIT CAT SERV LTD","0169197767","GTBank Plc/AMBASSADOR KIT CAT SERV LTD/Online: FirstTrust Mortgage Bank Plc, Trf to GTBank Plc AMB","'FTMortgage/NIP/220719114130","'945651078502"
"4","INTERNET BANKING","'090107220719120156033298125444","Fund Transfer (Direct Credit)","Approved or Completed Successfully","20000.00 ","'2022-07-19 12:01:57","FIRSTTRUST MORGAGES LIMITED","ABERUAGBA ADETOKUNBO OLA","GUARANTY TRUST BANK PLC","ADESINA AYOTUNDE MICHAEL","0010020789","GTBank Plc/ADESINA AYOTUNDE MICHAEL/Online: Fishing, Trf to GTBank Plc ADESINA AYOTUNDE MICHAEL - A","'FTMortgage/NIP/220719120156","'033298125444"
"5","INTERNET BANKING","'090107220719120533454644318826","Fund Transfer (Direct Credit)","Approved or Completed Successfully","10000.00 ","'2022-07-19 12:05:34","FIRSTTRUST MORGAGES LIMITED","ABERUAGBA ADETOKUNBO OLA","GUARANTY TRUST BANK PLC","UGIAGBE MARY ITOHAN","0710653515","GTBank Plc/UGIAGBE MARY ITOHAN/Online: Support, Trf to GTBank Plc UGIAGBE MARY ITOHAN - Account F","'FTMortgage/NIP/220719120533","'454644318826"

"DESTINATION INSTITUTION SUMMARY >> GUARANTY TRUST BANK PLC"
"S/N","TRANSACTION TYPE","TOTAL AMOUNT (N)","TRANSACTION VOLUME"
"1","Fund Transfer (Direct Credit)","648500.00 ","5"

"FULL BILLING SUMMARY "
"S/N","TRANSACTION TYPE","TOTAL AMOUNT (N)","TRANSACTION VOLUME"
"1","Fund Transfer (Direct Credit)","668500.00 ","6"
