"NIBSS INSTANT PAYMENTS - OUTWARDS SUCCESSFUL"
"FIRSTTRUST MORGAGES LIMITED"
"TRANSACTION DATE: 2022-07-19 06:00:00 - 2022-07-19 09:59:59"
"GENERATED ON: 2022-07-19"

"DESTINATION >> FIRST BANK OF NIGERIA PLC"
"S/N","CHANNEL","SESSION ID","TRANSACTION TYPE","RESPONSE","AMOUNT","TRANSACTION TIME","ORIGINATOR INSTITUTION","ORIGINATOR / BILLER","DESTINATION INSTITUTION","DESTINATION ACCOUNT NAME","DESTINATION ACCOUNT NO","NARRATION"," PAYMENT REFERENCE","LAST 12 DIGITS OF SESSION_ID"
"1","INTERNET BANKING","'090107220719084729537440742507","Fund Transfer (Direct Credit)","Approved or Completed Successfully","150000.00 ","'2022-07-19 08:47:30","FIRSTTRUST MORGAGES LIMITED","SHOYOMBO KEHINDE OLAYINKA","FIRST BANK OF NIGERIA PLC","SHOYOMBO KEHINDE OLAYINKA","3007166791","First Bank of Nigeria/SHOYOMBO KEHINDE OLAYINKA/Online: Shoyombo Kehinde, Trf to First Bank of Nige","'FTMortgage/NIP/220719084729","'537440742507"

"DESTINATION INSTITUTION SUMMARY >> FIRST BANK OF NIGERIA PLC"
"S/N","TRANSACTION TYPE","TOTAL AMOUNT (N)","TRANSACTION VOLUME"
"1","Fund Transfer (Direct Credit)","150000.00 ","1"

"DESTINATION >> JAIZ BANK"
"S/N","CHANNEL","SESSION ID","TRANSACTION TYPE","RESPONSE","AMOUNT","TRANSACTION TIME","ORIGINATOR INSTITUTION","ORIGINATOR / BILLER","DESTINATION INSTITUTION","DESTINATION ACCOUNT NAME","DESTINATION ACCOUNT NO","NARRATION"," PAYMENT REFERENCE","LAST 12 DIGITS OF SESSION_ID"
"1","INTERNET BANKING","'090107220719094143864693080060","Fund Transfer (Direct Credit)","Approved or Completed Successfully","5000.00 ","'2022-07-19 09:41:44","FIRSTTRUST MORGAGES LIMITED","SALISU AHMED MOHAMMED","JAIZ BANK","MUHAMMAD SALISU AHMAD","0000082747","JAIZ Bank/MUHAMMAD SALISU AHMAD/Online: Trf to JAIZ Bank MUHAMMAD SALISU AHMAD - Account From - SAL","'FTMortgage/NIP/220719094143","'864693080060"

"DESTINATION INSTITUTION SUMMARY >> JAIZ BANK"
"S/N","TRANSACTION TYPE","TOTAL AMOUNT (N)","TRANSACTION VOLUME"
"1","Fund Transfer (Direct Credit)","5000.00 ","1"

"DESTINATION >> GUARANTY TRUST BANK PLC"
"S/N","CHANNEL","SESSION ID","TRANSACTION TYPE","RESPONSE","AMOUNT","TRANSACTION TIME","ORIGINATOR INSTITUTION","ORIGINATOR / BILLER","DESTINATION INSTITUTION","DESTINATION ACCOUNT NAME","DESTINATION ACCOUNT NO","NARRATION"," PAYMENT REFERENCE","LAST 12 DIGITS OF SESSION_ID"
"1","INTERNET BANKING","'090107220719074344719382407302","Fund Transfer (Direct Credit)","Approved or Completed Successfully","35000.00 ","'2022-07-19 07:43:47","FIRSTTRUST MORGAGES LIMITED","FEMI-OLUKOTUN OLUSOLA","GUARANTY TRUST BANK PLC","KLAZZY FASHIONHOUSE","0429305190","GTBank Plc/KLAZZY FASHIONHOUSE/Online: Part payment for Training Yimika Damilola Olukotun', Trf to","'FTMortgage/NIP/220719074344","'719382407302"
"2","INTERNET BANKING","'090107220719092927396467029434","Fund Transfer (Direct Credit)","Approved or Completed Successfully","1500.00 ","'2022-07-19 09:29:29","FIRSTTRUST MORGAGES LIMITED","MANLIKI OLUKEMI ABIMBOLA","GUARANTY TRUST BANK PLC","ADESOGA MARY ETON","0010811611","GTBank Plc/ADESOGA MARY ETON/Online: For Oyinkansola Manliki, Trf to GTBank Plc ADESOGA MARY ETON -","'FTMortgage/NIP/220719092927","'396467029434"

"DESTINATION INSTITUTION SUMMARY >> GUARANTY TRUST BANK PLC"
"S/N","TRANSACTION TYPE","TOTAL AMOUNT (N)","TRANSACTION VOLUME"
"1","Fund Transfer (Direct Credit)","36500.00 ","2"

"FULL BILLING SUMMARY "
"S/N","TRANSACTION TYPE","TOTAL AMOUNT (N)","TRANSACTION VOLUME"
"1","Fund Transfer (Direct Credit)","191500.00 ","4"
