"NIBSS INSTANT PAYMENTS - INWARDS REPORT"
"FBN Mortgages Limited"
"TRANSACTION DATE: 2022-03-08 10:00:00 - 2022-03-08 12:59:59"
"GENERATED ON: 2022-03-08"

"SOURCE >> ACCESS BANK PLC"
"S/N","CHANNEL","SESSION ID","TRANSACTION TYPE","RESPONSE","AMOUNT","TRANSACTION TIME","ORIGINATOR INSTITUTION","ORIGINATOR / BILLER","DESTINATION INSTITUTION","DESTINATION ACCOUNT NAME","DESTINATION ACCOUNT NO","NARRATION"," PAYMENT REFERENCE","LAST 12 DIGITS OF SESSION_ID"
"1","MOBILE PHONE","'000014220308123850298212458693","Fund Transfer (Direct Credit)","Approved or Completed Successfully","5000.00 ","'2022-03-08 12:38:50","ACCESS BANK PLC","OYEDEJI KEMI ELIZABETH","FBN Mortgages Limited","OYEDEJI ELIZABETH KEMI","1000614844","TRFTransfer selfFRM OYEDEJI KEMI ELIZABETH TO OYEDEJI ELIZABETH KEMI","'000014220308123809279699356082","'298212458693"

"SOURCE INSTITUTION SUMMARY >> ACCESS BANK PLC"
"S/N","TRANSACTION TYPE","TOTAL AMOUNT (N)","TRANSACTION VOLUME"
"1","Fund Transfer (Direct Credit)","5000.00 ","1"

"SOURCE >> FIRST BANK OF NIGERIA PLC"
"S/N","CHANNEL","SESSION ID","TRANSACTION TYPE","RESPONSE","AMOUNT","TRANSACTION TIME","ORIGINATOR INSTITUTION","ORIGINATOR / BILLER","DESTINATION INSTITUTION","DESTINATION ACCOUNT NAME","DESTINATION ACCOUNT NO","NARRATION"," PAYMENT REFERENCE","LAST 12 DIGITS OF SESSION_ID"
"1","MOBILE PHONE","'000016220308125119000047272231","Fund Transfer (Direct Credit)","Approved or Completed Successfully","60000.00 ","'2022-03-08 12:51:22","FIRST BANK OF NIGERIA PLC","DABO UMAR SALISU","FBN Mortgages Limited","DABO UMAR SALISU","1000542673","FBNMOBILE:DABO UMAR SALISU/REPAYMENT","'637823406790754728","'000047272231"

"SOURCE INSTITUTION SUMMARY >> FIRST BANK OF NIGERIA PLC"
"S/N","TRANSACTION TYPE","TOTAL AMOUNT (N)","TRANSACTION VOLUME"
"1","Fund Transfer (Direct Credit)","60000.00 ","1"

"SOURCE >> STANBIC IBTC BANK PLC"
"S/N","CHANNEL","SESSION ID","TRANSACTION TYPE","RESPONSE","AMOUNT","TRANSACTION TIME","ORIGINATOR INSTITUTION","ORIGINATOR / BILLER","DESTINATION INSTITUTION","DESTINATION ACCOUNT NAME","DESTINATION ACCOUNT NO","NARRATION"," PAYMENT REFERENCE","LAST 12 DIGITS OF SESSION_ID"
"1","INTERNET BANKING","'000012220308121759138764869000","Fund Transfer (Direct Credit)","Approved or Completed Successfully","100000.00 ","'2022-03-08 12:18:00","STANBIC IBTC BANK PLC","ELECHI DAVID NDUKWE","FBN Mortgages Limited","DAVID NDUKWE &amp; YOLANDA GEORGE","1000486951","Savings","'138764869","'138764869000"

"SOURCE INSTITUTION SUMMARY >> STANBIC IBTC BANK PLC"
"S/N","TRANSACTION TYPE","TOTAL AMOUNT (N)","TRANSACTION VOLUME"
"1","Fund Transfer (Direct Credit)","100000.00 ","1"

"FULL BILLING SUMMARY "
"S/N","TRANSACTION TYPE","TOTAL AMOUNT (N)","TRANSACTION VOLUME"
"1","Fund Transfer (Direct Credit)","165000.00 ","3"
