"NIBSS INSTANT PAYMENTS - OUTWARDS SUCCESSFUL"
"FBN Mortgages Limited"
"TRANSACTION DATE: 2022-03-08 10:00:00 - 2022-03-08 12:59:59"
"GENERATED ON: 2022-03-08"

"DESTINATION >> FIRST BANK OF NIGERIA PLC"
"S/N","CHANNEL","SESSION ID","TRANSACTION TYPE","RESPONSE","AMOUNT","TRANSACTION TIME","ORIGINATOR INSTITUTION","ORIGINATOR / BILLER","DESTINATION INSTITUTION","DESTINATION ACCOUNT NAME","DESTINATION ACCOUNT NO","NARRATION"," PAYMENT REFERENCE","LAST 12 DIGITS OF SESSION_ID"
"1","INTERNET BANKING","'090107220308115510707776308520","Fund Transfer (Direct Credit)","Approved or Completed Successfully","60000.00 ","'2022-03-08 11:55:10","FBN Mortgages Limited","OBIGWE NGOZI JOY","FIRST BANK OF NIGERIA PLC","OBIGWE NGOZI JOY","3043383587","First Bank of Nigeria/OBIGWE NGOZI JOY/WebApp: Self, Trf to First Bank of Nigeria OBIGWE NGOZI JOY","'FTMortgage/NIP/220308115510","'707776308520"

"DESTINATION INSTITUTION SUMMARY >> FIRST BANK OF NIGERIA PLC"
"S/N","TRANSACTION TYPE","TOTAL AMOUNT (N)","TRANSACTION VOLUME"
"1","Fund Transfer (Direct Credit)","60000.00 ","1"

"DESTINATION >> GUARANTY TRUST BANK PLC"
"S/N","CHANNEL","SESSION ID","TRANSACTION TYPE","RESPONSE","AMOUNT","TRANSACTION TIME","ORIGINATOR INSTITUTION","ORIGINATOR / BILLER","DESTINATION INSTITUTION","DESTINATION ACCOUNT NAME","DESTINATION ACCOUNT NO","NARRATION"," PAYMENT REFERENCE","LAST 12 DIGITS OF SESSION_ID"
"1","INTERNET BANKING","'090107220308124351086330903845","Fund Transfer (Direct Credit)","Approved or Completed Successfully","7000.00 ","'2022-03-08 12:43:52","FBN Mortgages Limited","JOMBO KELECHI SUSAN","GUARANTY TRUST BANK PLC","JOMBO KELECHI SUSAN","0029685241","GTBank Plc/JOMBO KELECHI SUSAN/WebApp: self, Trf to GTBank Plc JOMBO KELECHI SUSAN","'FTMortgage/NIP/220308124351","'086330903845"

"DESTINATION INSTITUTION SUMMARY >> GUARANTY TRUST BANK PLC"
"S/N","TRANSACTION TYPE","TOTAL AMOUNT (N)","TRANSACTION VOLUME"
"1","Fund Transfer (Direct Credit)","7000.00 ","1"

"FULL BILLING SUMMARY "
"S/N","TRANSACTION TYPE","TOTAL AMOUNT (N)","TRANSACTION VOLUME"
"1","Fund Transfer (Direct Credit)","67000.00 ","2"
